t_pi,seq,state,dev_millis,transition
1790652794.6034636,0,OFF,2680,1
1790652794.6037245,1,OFF,2681,0
1790652795.2936149,2,OFF,3681,0
1790652796.2483842,3,OFF,4681,0
1790652797.2420866,4,OFF,5681,0
1790652798.2673497,5,OFF,6681,0
1790652799.2923355,6,OFF,7681,0
1790652800.2480044,7,OFF,8681,0
1790652809.2477927,16,OFF,17681,1
1790652810.2614253,17,OFF,18681,0
1790652811.2719324,18,OFF,19681,0
1790652812.2923727,19,OFF,20681,0
1790652813.2530153,20,OFF,21681,0
1790652814.2524662,21,OFF,22681,0
1790652815.270915,22,OFF,23681,0
1790652816.2408726,23,OFF,24681,0
1790652817.2424505,24,OFF,25681,0
1790652818.2414324,25,OFF,26681,0
1790652819.2660017,26,OFF,27681,0
1790652820.2868218,27,OFF,28682,0
1790652821.2429032,28,OFF,29682,0
1790652822.2456138,29,OFF,30682,0
1790652823.25658,30,OFF,31682,0
1790652824.2829177,31,OFF,32682,0
1790652825.24102,32,OFF,33682,0
1790652826.2549143,33,OFF,34682,0
1790652827.2493446,34,OFF,35682,0
1790652828.274163,35,OFF,36682,0
1790652829.295994,36,OFF,37682,0
1790652830.2442148,37,OFF,38682,0
1790652831.268905,38,OFF,39682,0
1790652832.2786684,39,OFF,40682,0
1790652833.312484,40,OFF,41682,0
1790652834.2548645,41,OFF,42682,0
1790652835.2506468,42,OFF,43682,0
1790652836.270784,43,OFF,44682,0
1790652837.2847745,44,OFF,45682,0
1790652838.2399619,45,OFF,46682,0
1790652839.2479906,46,OFF,47682,0
1790652840.1572623,47,ON,48582,1
1790652840.3627443,48,ON,48771,0
1790652841.3895178,49,ON,49805,0
1790652842.4100199,50,ON,50839,0
1790652851.634861,6,OFF,7687,1
1790652852.3338008,7,OFF,8687,0
1790652853.2789013,8,OFF,9687,0
1790652854.2844975,9,OFF,10687,0
1790652855.3148339,10,OFF,11687,0
1790652856.270915,11,OFF,12687,0
1790652857.2765038,12,OFF,13687,0
1790652858.2763164,13,OFF,14687,0
1790652859.3041716,14,OFF,15687,0
1790652860.2709088,15,OFF,16687,0
1790652861.2765334,16,OFF,17687,0
1790652862.2738793,17,OFF,18687,0
1790652863.294177,18,OFF,19687,0
1790652864.3188279,19,OFF,20687,0
1790652865.2821028,20,OFF,21687,0
1790652866.274823,21,OFF,22688,0
1790652867.2868943,22,OFF,23688,0
1790652868.3141217,23,OFF,24688,0
1790652869.2711399,24,OFF,25688,0
1790652870.2749422,25,OFF,26688,0
1790652871.2811792,26,OFF,27688,0
1790652872.3053668,27,OFF,28688,0
1790652873.2747688,28,OFF,29689,0
1790652874.2748284,29,OFF,30689,0
1790652875.2827704,30,OFF,31689,0
1790652876.3085392,31,OFF,32689,0
1790652877.3173695,32,OFF,33689,0
1790652878.2786875,33,OFF,34689,0
1790652879.2777917,34,OFF,35689,0
1790652880.2949061,35,OFF,36689,0
1790652881.3249748,36,OFF,37689,0
1790652882.2768588,37,OFF,38689,0
1790652883.2729774,38,OFF,39689,0
1790652884.2869,39,OFF,40689,0
1790652885.3118942,40,OFF,41689,0
1790652886.2768528,41,OFF,42689,0
1790652887.2806718,42,OFF,43689,0
1790652888.281912,43,OFF,44689,0
1790652889.3124135,44,OFF,45689,0
1790652890.3228445,45,OFF,46689,0
1790652891.2787561,46,OFF,47689,0
1790652892.1785367,47,ON,48590,1
1790652892.3862486,48,ON,48779,0
1790652893.404234,49,ON,49814,0
1790652894.452614,50,ON,50848,0
1790652895.469943,51,ON,51882,0
1790652896.5012834,52,ON,52916,0
1790652897.5381985,53,ON,53950,0
1790652898.568019,54,ON,54984,0
1790652899.6558897,55,ON,56018,0
1790652900.6847942,56,ON,57052,0
1790652901.695982,57,ON,58086,0
1790652902.7199683,58,ON,59120,0
1790652903.7413821,59,ON,60154,0
1790652904.778057,60,ON,61188,0
1790652905.816726,61,ON,62222,0
1790652906.8427556,62,ON,63256,0
1790652907.878265,63,ON,64290,0
1790652908.9112115,64,ON,65324,0
1790652909.9933558,65,ON,66358,0
1790652910.1347623,66,OFF,66546,1
1790652911.0149465,67,OFF,67396,0
1790652911.9820778,68,OFF,68396,0
1790652912.9919708,69,OFF,69396,0
1790652913.9857802,70,OFF,70396,0
1790652915.0098412,71,OFF,71396,0
1790652916.026905,72,OFF,72396,0
1790652916.9818404,73,OFF,73396,0
1790652917.9848948,74,OFF,74396,0
1790652919.0189087,75,OFF,75396,0
1790652920.0384977,76,OFF,76396,0
1790652920.982959,77,OFF,77396,0
1790652921.9813962,78,OFF,78396,0
1790652922.9944775,79,OFF,79396,0
1790652924.0205517,80,OFF,80396,0
1790652924.986893,81,OFF,81396,0
1790652925.9867594,82,OFF,82396,0
1790652926.985022,83,OFF,83396,0
1790652928.0215604,84,OFF,84396,0
1790652928.9852514,85,OFF,85396,0
1790652929.9853606,86,OFF,86396,0
1790652930.9821112,87,OFF,87396,0
1790652932.008782,88,OFF,88396,0
1790652933.0284278,89,OFF,89397,0
1790652933.9976354,90,OFF,90397,0
1790652934.9852138,91,OFF,91397,0
1790652935.998659,92,OFF,92397,0
1790652937.022566,93,OFF,93397,0
1790652937.9864361,94,OFF,94397,0
1790652938.9858081,95,OFF,95397,0
1790652939.9924147,96,OFF,96397,0
1790652941.0147972,97,OFF,97397,0
1790652942.0347676,98,OFF,98397,0
1790652942.988024,99,OFF,99397,0
1790652943.9860184,100,OFF,100397,0
1790652945.0131705,101,OFF,101397,0
1790652945.3366961,102,ON,101747,1
1790652946.0328488,103,ON,102405,0
1790652947.0632255,104,ON,103439,0
1790652948.0819287,105,ON,104473,0
1790652949.1046913,106,ON,105507,0
1790652950.1309357,107,ON,106541,0
1790652951.164743,108,ON,107575,0
1790652952.1975884,109,ON,108609,0
1790652953.230934,110,ON,109643,0
1790652954.3576403,111,ON,110677,0
1790652955.3469312,112,ON,111711,0
1790652956.3761747,113,ON,112745,0
1790652957.4028993,114,ON,113779,0
1790652958.4268963,115,ON,114813,0
1790652959.453296,116,ON,115847,0
1790652960.470886,117,ON,116881,0
1790652961.5051067,118,ON,117915,0
1790652962.5348957,119,ON,118949,0
1790652963.5688558,120,ON,119983,0
1790652964.606903,121,ON,121017,0
1790652965.6410332,122,ON,122051,0
1790652966.7189183,123,ON,123085,0
1790652967.748373,124,ON,124119,0
1790652968.6657026,125,OFF,125059,1
1790652968.765347,126,OFF,125159,0
1790652969.7973204,127,OFF,126159,0
1790652970.7458112,128,OFF,127159,0
1790652971.7442083,129,OFF,128159,0
1790652972.7616947,130,OFF,129159,0
1790652973.7861195,131,OFF,130159,0
1790652974.749141,132,OFF,131159,0
1790652975.751935,133,OFF,132159,0
1790652976.7576082,134,OFF,133159,0
1790652977.7843904,135,OFF,134159,0
1790652978.7467964,136,OFF,135159,0
1790652979.7507703,137,OFF,136159,0
1790652980.7501347,138,OFF,137160,0
1790652981.773888,139,OFF,138160,0
1790652982.790927,140,OFF,139160,0
1790652983.751913,141,OFF,140160,0
1790652984.7509224,142,OFF,141160,0
1790652985.7706509,143,OFF,142160,0
1790652986.7881012,144,OFF,143160,0
1790652987.749294,145,OFF,144160,0
1790652988.75053,146,OFF,145160,0
1790652989.7607007,147,OFF,146160,0
1790652990.7893977,148,OFF,147160,0
1790652991.7509217,149,OFF,148160,0
1790652992.7481916,150,OFF,149160,0
1790652993.7507439,151,OFF,150160,0
1790652994.7790406,152,OFF,151160,0
1790652995.7463121,153,OFF,152160,0
1790652996.7508805,154,OFF,153160,0
1790652997.752433,155,OFF,154160,0
1790652998.7840407,156,OFF,155160,0
1790652999.8023968,157,OFF,156161,0
1790653000.5170152,158,ON,156911,1
1790653000.8200893,159,ON,157193,0
1790653001.8521814,160,ON,158227,0
1790653002.8685396,161,ON,159261,0
1790653003.8988717,162,ON,160295,0
1790653004.9188592,163,ON,161329,0
1790653005.9574544,164,ON,162363,0
1790653006.9899118,165,ON,163397,0
1790653008.0219405,166,ON,164431,0
1790653009.0599437,167,ON,165465,0
1790653010.1322024,168,ON,166499,0
1790653011.1600199,169,ON,167533,0
1790653012.1869144,170,ON,168567,0
1790653013.2138977,171,ON,169601,0
1790653014.2469184,172,ON,170636,0
1790653015.2621858,173,ON,171670,0
1790653016.2964082,174,ON,172704,0
1790653017.3299844,175,ON,173738,0
1790653018.3621721,176,ON,174772,0
1790653019.4007928,177,ON,175806,0
1790653020.4747791,178,ON,176840,0
1790653021.5046668,179,ON,177874,0
1790653022.5295165,180,ON,178908,0
1790653023.5691757,181,ON,179942,0
1790653024.5748854,182,ON,180976,0
1790653024.8814378,183,OFF,181258,1
1790653025.6005704,184,OFF,182008,0
1790653026.6374025,185,OFF,183008,0
1790653027.5987484,186,OFF,184008,0
1790653028.5987632,187,OFF,185008,0
1790653029.6000485,188,OFF,186008,0
1790653030.621866,189,OFF,187008,0
1790653031.6467438,190,OFF,188008,0
1790653032.6012697,191,OFF,189008,0
1790653033.6008773,192,OFF,190008,0
1790653034.610023,193,OFF,191008,0
1790653035.63784,194,OFF,192008,0
1790653036.6018212,195,OFF,193008,0
1790653037.606155,196,OFF,194008,0
1790653038.6303227,197,OFF,195008,0
1790653039.6308708,198,OFF,196008,0
1790653040.5988388,199,OFF,197008,0
1790653041.6028988,200,OFF,198008,0
1790653042.6006513,201,OFF,199008,0
1790653043.6341658,202,OFF,200008,0
1790653079.8045518,239,ON,236206,1
1790653080.8347352,240,ON,237240,0
1790653081.8649187,241,ON,238274,0
1790653082.9547627,242,ON,239308,0
1790653083.9733043,243,ON,240342,0
1790653084.992565,244,ON,241376,0
1790653086.021152,245,ON,242410,0
1790653087.0509539,246,ON,243444,0
1790653088.0675747,247,ON,244478,0
1790653089.101134,248,ON,245512,0
1790653090.1505039,249,ON,246546,0
1790653091.1812766,250,ON,247580,0
1790653092.208389,251,ON,248614,0
1790653093.3054478,252,ON,249648,0
1790653094.3148785,253,ON,250682,0
1790653095.3407605,254,ON,251716,0
1790653095.871905,255,OFF,252280,1
1790653096.3708637,256,OFF,252730,0
1790653097.3228712,257,OFF,253730,0
1790653098.3229034,258,OFF,254730,0
1790653099.3309176,259,OFF,255730,0
1790653100.3548367,260,OFF,256730,0
1790653101.324796,261,OFF,257730,0
1790653102.3231754,262,OFF,258730,0
1790653103.3215427,263,OFF,259730,0
1790653104.3495052,264,OFF,260730,0
1790653105.3657427,265,OFF,261730,0
1790653106.325661,266,OFF,262730,0
1790653107.3267725,267,OFF,263730,0
1790653108.343992,268,OFF,264730,0
1790653109.373565,269,OFF,265730,0
1790653110.3240337,270,OFF,266730,0
1790653111.3248765,271,OFF,267730,0
1790653112.33754,272,OFF,268730,0
1790653113.3625908,273,OFF,269730,0
1790653114.3224235,274,OFF,270730,0
1790653115.3243845,275,OFF,271730,0
1790653116.3269286,276,OFF,272731,0
1790653117.354266,277,OFF,273731,0
1790653118.326903,278,OFF,274731,0
1790653119.322921,279,OFF,275731,0
1790653120.332538,280,OFF,276731,0
1790653121.3509133,281,OFF,277731,0
1790653122.3709185,282,OFF,278732,0
1790653123.3297145,283,OFF,279732,0
1790653124.3252985,284,OFF,280732,0
1790653125.3549023,285,OFF,281732,0
1790653126.3661864,286,OFF,282732,0
1790653127.3268995,287,OFF,283732,0
1790653128.330902,288,OFF,284732,0
1790653129.3348742,289,OFF,285732,0
1790653130.3623967,290,OFF,286732,0
1790653131.3269067,291,OFF,287732,0
1790653132.3267832,292,OFF,288732,0
1790653133.3267639,293,OFF,289732,0
1790653134.3532233,294,OFF,290732,0
1790653135.3693168,295,OFF,291732,0
1790653136.3269024,296,OFF,292732,0
1790653137.330196,297,OFF,293732,0
1790653138.3508756,298,OFF,294732,0
1790653139.3709111,299,OFF,295732,0
1790653140.3367834,300,OFF,296732,0
1790653141.3281894,301,OFF,297733,0
1790653142.341057,302,OFF,298733,0
1790653143.3749099,303,OFF,299733,0
1790653144.328153,304,OFF,300733,0
1790653145.3279004,305,OFF,301733,0
1790653146.3365333,306,OFF,302733,0
1790653146.3368235,307,ON,302733,1
1790653147.364932,308,ON,303768,0
1790653148.3967144,309,ON,304802,0
1790653149.4377153,310,ON,305836,0
1790653150.467951,311,ON,306870,0
1790653151.4989097,312,ON,307904,0
1790653152.5843723,313,ON,308938,0
1790653153.6091526,314,ON,309972,0
1790653154.662954,315,ON,311006,0
1790653155.653652,316,ON,312040,0
1790653156.677125,317,ON,313074,0
1790653157.714896,318,ON,314108,0
1790653158.7401574,319,ON,315142,0
1790653159.7745068,320,ON,316176,0
1790653160.3628726,321,OFF,316740,1
1790653160.7868185,322,OFF,317190,0
1790653161.7964118,323,OFF,318190,0
1790653162.8238766,324,OFF,319190,0
1790653163.789032,325,OFF,320190,0
1790653164.781688,326,OFF,321190,0
1790653165.790912,327,OFF,322190,0
1790653166.817172,328,OFF,323190,0
1790653167.7860954,329,OFF,324190,0
1790653168.7861776,330,OFF,325190,0
1790653169.7872155,331,OFF,326190,0
1790653170.810887,332,OFF,327190,0
1790653171.832353,333,OFF,328190,0
1790653172.7829003,334,OFF,329190,0
1790653173.785344,335,OFF,330190,0
1790653174.8015323,336,OFF,331190,0
1790653175.8211753,337,OFF,332190,0
1790653176.7851014,338,OFF,333190,0
1790653177.7843454,339,OFF,334190,0
1790653178.7937074,340,OFF,335190,0
1790653179.818913,341,OFF,336190,0
1790653180.7842624,342,OFF,337190,0
1790653181.7864823,343,OFF,338190,0
1790653182.7966998,344,OFF,339190,0
1790653183.8147476,345,OFF,340190,0
1790653184.7828956,346,OFF,341190,0
1790653185.7874007,347,OFF,342190,0
1790653185.9843118,348,ON,342390,1
1790653186.8308885,349,ON,343236,0
1790653187.9166956,350,ON,344270,0
1790653188.933889,351,ON,345304,0
1790653189.9603639,352,ON,346338,0
1790653190.9847593,353,ON,347372,0
1790653192.0048475,354,ON,348406,0
1790653193.04079,355,ON,349440,0
1790653194.0711992,356,ON,350474,0
1790653195.1047518,357,ON,351508,0
1790653196.1404772,358,ON,352542,0
1790653197.1759806,359,ON,353576,0
1790653198.2509067,360,ON,354610,0
1790653199.2749054,361,ON,355645,0
1790653200.301149,362,ON,356679,0
1790653201.3228698,363,ON,357713,0
1790653202.3483903,364,ON,358747,0
1790653203.3783295,365,ON,359781,0
1790653204.410915,366,ON,360815,0
1790653205.4460354,367,ON,361849,0
1790653206.4789174,368,ON,362883,0
1790653207.5188808,369,ON,363917,0
1790653208.597555,370,ON,364951,0
1790653209.6264722,371,ON,365985,0
1790653210.650102,372,ON,367019,0
1790653210.9908595,373,OFF,367395,1
1790653211.6651797,374,OFF,368045,0
1790653212.692959,375,OFF,369045,0
1790653213.642876,376,OFF,370045,0
1790653214.6459498,377,OFF,371045,0
1790653215.6579685,378,OFF,372045,0
1790653216.6862345,379,OFF,373045,0
1790653217.6403577,380,OFF,374045,0
1790653218.6415815,381,OFF,375045,0
1790653219.654975,382,OFF,376045,0
1790653220.6949022,383,OFF,377045,0
1790653221.6428947,384,OFF,378045,0
1790653222.6500895,385,OFF,379045,0
1790653223.6440582,386,OFF,380045,0
1790653224.6689181,387,OFF,381045,0
1790653225.686887,388,OFF,382045,0
1790653226.64159,389,OFF,383045,0
1790653227.6419206,390,OFF,384045,0
1790653228.6689162,391,OFF,385045,0
1790653229.6964552,392,OFF,386045,0
1790653236.144055,398,OFF,392045,0
1790653236.644903,399,OFF,393045,0
1790653237.6582294,400,OFF,394045,0
1790653238.6881576,401,OFF,395045,0
1790653238.6882885,402,ON,395045,1
1790653239.7067618,403,ON,396080,0
1790653240.7322447,404,ON,397114,0
1790653241.7508917,405,ON,398148,0
1790653242.78055,406,ON,399182,0
1790653243.813285,407,ON,400216,0
1790653244.8525157,408,ON,401250,0
1790653245.8772452,409,ON,402284,0
1790653246.918301,410,ON,403318,0
1790653247.9499817,411,ON,404352,0
1790653249.0262327,412,ON,405386,0
1790653250.049206,413,ON,406420,0
1790653251.0705326,414,ON,407454,0
1790653252.1028936,415,ON,408488,0
1790653253.122229,416,ON,409522,0
1790653254.1543732,417,ON,410556,0
1790653254.7641428,418,OFF,411120,1
1790653255.1669345,419,OFF,411570,0
1790653256.193376,420,OFF,412570,0
1790653257.1691902,421,OFF,413570,0
1790653258.1705816,422,OFF,414570,0
1790653259.1684492,423,OFF,415570,0
1790653260.1846838,424,OFF,416570,0
1790653261.2121227,425,OFF,417570,0
1790653262.1681907,426,OFF,418570,0
1790653263.1741502,427,OFF,419570,0
1790653264.1805162,428,OFF,420570,0
1790653265.21639,429,OFF,421570,0
1790653266.1672082,430,OFF,422570,0
1790653267.1681604,431,OFF,423570,0
1790653268.1742854,432,OFF,424570,0
1790653269.1988056,433,OFF,425570,0
1790653270.1735497,434,OFF,426570,0
1790653271.1699312,435,OFF,427570,0
1790653272.1702127,436,OFF,428570,0
1790653273.205408,437,OFF,429570,0
1790653274.1633823,438,OFF,430570,0
1790653275.1658852,439,OFF,431570,0
1790653276.1709156,440,OFF,432570,0
1790653277.186654,441,OFF,433570,0
1790653278.2160656,442,OFF,434570,0
1790653279.1710303,443,OFF,435570,0
1790653280.169658,444,OFF,436571,0
1790653281.1787233,445,OFF,437571,0
1790653282.2022223,446,OFF,438571,0
1790653283.1701798,447,OFF,439571,0
1790653284.1726387,448,OFF,440571,0
1790653285.1741548,449,OFF,441571,0
1790653286.2012334,450,OFF,442571,0
1790653287.2174406,451,OFF,443571,0
1790653288.1704416,452,OFF,444571,0
1790653289.1701903,453,OFF,445571,0
1790653290.190962,454,OFF,446571,0
1790653291.2104688,455,OFF,447571,0
1790653292.1677518,456,OFF,448571,0
1790653293.17054,457,OFF,449571,0
1790653294.182797,458,OFF,450571,0
1790653295.213437,459,OFF,451571,0
1790653296.1730976,460,OFF,452571,0
1790653297.1700673,461,OFF,453571,0
1790653298.1784496,462,OFF,454571,0
1790653298.897603,463,ON,455271,1
1790653299.245608,464,ON,455647,0
1790653300.280864,465,ON,456681,0
1790653301.3519268,466,ON,457715,0
1790653302.3764062,467,ON,458749,0
1790653303.3988981,468,ON,459783,0
1790653304.422789,469,ON,460817,0
1790653305.4540987,470,ON,461851,0
1790653306.484516,471,ON,462885,0
1790653307.5315197,472,ON,463919,0
1790653308.5487368,473,ON,464953,0
1790653309.5868707,474,ON,465987,0
1790653310.6211057,475,ON,467021,0
1790653311.6959047,476,ON,468055,0
1790653312.7268736,477,ON,469089,0
1790653313.7622387,478,ON,470123,0
1790653349.9382167,515,OFF,506337,1
1790653350.937743,516,OFF,507337,0
1790653351.9397826,517,OFF,508338,0
1790653352.9629157,518,OFF,509338,0
1790653353.9822712,519,OFF,510338,0
1790653354.938762,520,OFF,511338,0
1790653355.938668,521,OFF,512338,0
1790653356.9640498,522,OFF,513338,0
1790653357.9788537,523,OFF,514338,0
1790653358.9469202,524,OFF,515338,0
1790653359.9389029,525,OFF,516338,0
1790653360.9509077,526,OFF,517338,0
1790653361.9748633,527,OFF,518338,0
1790653362.9384305,528,OFF,519338,0
1790653363.938895,529,OFF,520338,0
1790653364.946157,530,OFF,521338,0
1790653365.9669497,531,OFF,522338,0
1790653366.937506,532,OFF,523338,0
1790653367.9367857,533,OFF,524338,0
1790653368.9420068,534,OFF,525338,0
1790653369.965409,535,OFF,526338,0
1790653370.9869335,536,OFF,527339,0
1790653371.9450777,537,OFF,528339,0
1790653372.9408455,538,OFF,529339,0
1790653373.4900935,539,ON,529889,1
1790653373.963367,540,ON,530359,0
1790653375.00094,541,ON,531393,0
1790653376.0295625,542,ON,532427,0
1790653377.064974,543,ON,533461,0
1790653378.0966976,544,ON,534495,0
1790653379.1771412,545,ON,535529,0
1790653380.200215,546,ON,536563,0
1790653381.224869,547,ON,537597,0
1790653382.253422,548,ON,538631,0
1790653383.2736557,549,ON,539666,0
1790653384.3019817,550,ON,540700,0
1790653385.3375835,551,ON,541734,0
1790653386.3645296,552,ON,542768,0
1790653387.4029152,553,ON,543802,0
1790653388.0868502,554,OFF,544460,1
1790653388.4125004,555,OFF,544810,0
1790653389.4189281,556,OFF,545810,0
1790653390.445403,557,OFF,546810,0
1790653391.4134808,558,OFF,547810,0
1790653392.423497,559,OFF,548810,0
1790653393.4172237,560,OFF,549810,0
1790653394.434914,561,OFF,550810,0
1790653395.4549005,562,OFF,551810,0
1790653396.4123309,563,OFF,552810,0
1790653397.4109058,564,OFF,553810,0
1790653398.430025,565,OFF,554810,0
1790653399.4582658,566,OFF,555810,0
1790653400.4126296,567,OFF,556810,0
1790653401.4172246,568,OFF,557811,0
1790653402.4213574,569,OFF,558811,0
1790653403.4652505,570,OFF,559811,0
1790653404.4139986,571,OFF,560811,0
1790653405.4184172,572,OFF,561811,0
1790653406.4200008,573,OFF,562811,0
1790653407.4425764,574,OFF,563811,0
1790653408.4149263,575,OFF,564812,0
1790653409.4148798,576,OFF,565812,0
1790653410.4168746,577,OFF,566812,0
1790653411.43379,578,OFF,567812,0
1790653412.458317,579,OFF,568812,0
1790653412.7707329,580,ON,569162,1
1790653413.420099,581,ON,569820,0
1790653414.4564178,582,ON,570854,0
1790653415.5335758,583,ON,571888,0
1790653416.5571873,584,ON,572922,0
1790653417.5784578,585,ON,573956,0
1790653418.5976646,586,ON,574990,0
1790653419.629326,587,ON,576024,0
1790653420.6620126,588,ON,577058,0
1790653421.6946766,589,ON,578092,0
1790653422.729384,590,ON,579126,0
1790653423.7656178,591,ON,580160,0
1790653424.8002594,592,ON,581194,0
1790653433.086892,599,ON,588432,0
1790653433.087043,600,ON,589461,0
1790653434.102892,601,ON,590495,0
1790653435.132854,602,ON,591529,0
1790653436.169445,603,ON,592563,0
1790653437.2013352,604,ON,593597,0
1790653437.292483,605,OFF,593691,1
1790653438.2487645,606,OFF,594641,0
1790653439.2481518,607,OFF,595641,0
1790653440.2452366,608,OFF,596641,0
1790653441.2724926,609,OFF,597641,0
1790653442.2897644,610,OFF,598641,0
1790653443.243253,611,OFF,599641,0
1790653444.241281,612,OFF,600641,0
1790653445.2650645,613,OFF,601641,0
1790653446.2894337,614,OFF,602641,0
1790653447.2461998,615,OFF,603641,0
1790653448.2432055,616,OFF,604641,0
1790653449.2564516,617,OFF,605641,0
1790653450.2890801,618,OFF,606642,0
1790653451.2462873,619,OFF,607642,0
1790653452.2420564,620,OFF,608642,0
1790653453.2737098,621,OFF,609642,0
1790653454.2777143,622,OFF,610642,0
1790653455.2461205,623,OFF,611642,0
1790653456.248202,624,OFF,612642,0
1790653457.243162,625,OFF,613643,0
1790653458.2690973,626,OFF,614643,0
1790653459.291769,627,OFF,615643,0
1790653460.2498138,628,OFF,616643,0
1790653461.2505517,629,OFF,617643,0
1790653462.2885747,630,OFF,618643,0
1790653463.2906475,631,OFF,619643,0
1790653464.2469404,632,OFF,620643,0
1790653465.252339,633,OFF,621643,0
1790653466.2647493,634,OFF,622643,0
1790653467.2789345,635,OFF,623643,0
1790653468.2479753,636,OFF,624643,0
1790653469.248611,637,OFF,625643,0
1790653470.2484767,638,OFF,626643,0
1790653471.318923,639,OFF,627643,0
1790653472.2450993,640,OFF,628643,0
1790653473.2468693,641,OFF,629643,0
1790653474.2468836,642,OFF,630643,0
1790653475.2668884,643,OFF,631643,0
1790653476.3005812,644,OFF,632644,0
1790653477.2487643,645,OFF,633644,0
1790653478.2487147,646,OFF,634644,0
1790653479.2640018,647,OFF,635644,0
1790653480.2829359,648,OFF,636644,0
1790653481.2490203,649,OFF,637644,0
1790653482.249823,650,OFF,638645,0
1790653483.2533183,651,OFF,639645,0
1790653484.27895,652,OFF,640645,0
1790653485.2491133,653,OFF,641645,0
1790653486.2492976,654,OFF,642645,0
1790653487.250754,655,OFF,643645,0
1790653488.281837,656,OFF,644645,0
1790653489.2926567,657,OFF,645645,0
1790653490.2509081,658,OFF,646645,0
1790653490.9400113,659,ON,647295,1
1790653491.2722304,660,ON,647671,0
1790653492.3097796,661,ON,648705,0
1790653493.3408935,662,ON,649739,0
1790653494.4159057,663,ON,650773,0
1790653495.4545283,664,ON,651807,0
1790653496.4723423,665,ON,652841,0
1790653497.5029023,666,ON,653875,0
1790653498.5162742,667,ON,654909,0
1790653499.542664,668,ON,655943,0
1790653500.5929503,669,ON,656977,0
1790653501.6170723,670,ON,658011,0
1790653502.6506975,671,ON,659045,0
1790653503.6848533,672,ON,660079,0
1790653504.7588973,673,ON,661114,0
1790653505.7863224,674,ON,662148,0
1790653506.810877,675,ON,663182,0
1790653507.8405993,676,ON,664216,0
1790653508.8584075,677,ON,665250,0
1790653509.9028924,678,ON,666284,0
1790653510.9373715,679,ON,667318,0
1790653511.0260918,680,OFF,667412,1
1790653511.9743152,681,OFF,668362,0
1790653512.9709039,682,OFF,669362,0
1790653513.9863641,683,OFF,670362,0
1790653515.0029345,684,OFF,671362,0
1790653515.9708998,685,OFF,672362,0
1790653516.9704213,686,OFF,673362,0
1790653517.9724245,687,OFF,674363,0
1790653518.9933624,688,OFF,675363,0
1790653520.017342,689,OFF,676363,0
1790653520.969246,690,OFF,677363,0
1790653521.9690466,691,OFF,678363,0
1790653522.9867375,692,OFF,679363,0
1790653524.014892,693,OFF,680363,0
1790653524.9682763,694,OFF,681363,0
1790653525.9720087,695,OFF,682363,0
1790653527.0149379,696,OFF,683363,0
1790653528.0149524,697,OFF,684363,0
1790653528.9641702,698,OFF,685363,0
1790653529.976536,699,OFF,686363,0
1790653530.9725065,700,OFF,687363,0
1790653531.9989057,701,OFF,688363,0
1790653532.973211,702,OFF,689363,0
1790653534.0711796,703,OFF,690363,0
1790653534.9688911,704,OFF,691363,0
1790653535.990708,705,OFF,692363,0
1790653537.0109346,706,OFF,693363,0
1790653537.9842625,707,OFF,694363,0
1790653538.970842,708,OFF,695363,0
1790653539.9884923,709,OFF,696363,0
1790653541.0421896,710,OFF,697363,0
1790653541.9689934,711,OFF,698363,0
1790653542.970905,712,OFF,699363,0
1790653543.9789102,713,OFF,700363,0
1790653545.0109127,714,OFF,701363,0
1790653545.9694815,715,OFF,702363,0
1790653546.9708803,716,OFF,703363,0
1790653547.9746842,717,OFF,704363,0
1790653549.0098526,718,OFF,705363,0
1790653549.9725847,719,OFF,706363,0
1790653550.9695714,720,OFF,707363,0
1790653551.9689705,721,OFF,708363,0
1790653552.9949443,722,OFF,709363,0
1790653554.0197587,723,OFF,710363,0
1790653554.9675965,724,OFF,711363,0
1790653555.9682026,725,OFF,712363,0
1790653556.994736,726,OFF,713363,0
1790653556.9949114,727,ON,713363,1
1790653558.0064385,728,ON,714398,0
1790653559.0392764,729,ON,715432,0
1790653560.0763037,730,ON,716466,0
1790653561.1096725,731,ON,717500,0
1790653562.1423383,732,ON,718534,0
1790653563.2260463,733,ON,719568,0
1790653564.250085,734,ON,720602,0
1790653565.27847,735,ON,721636,0
1790653565.623167,736,OFF,722012,1
1790653566.3026896,737,OFF,722662,0
1790653567.2709117,738,OFF,723662,0
1790653568.2747357,739,OFF,724662,0
1790653569.2882645,740,OFF,725662,0
1790653570.3142965,741,OFF,726662,0
1790653571.3159466,742,OFF,727662,0
1790653572.274907,743,OFF,728662,0
1790653573.2749095,744,OFF,729663,0
1790653574.3045824,745,OFF,730663,0
1790653575.3160267,746,OFF,731663,0
1790653576.2749054,747,OFF,732663,0
1790653577.2789052,748,OFF,733663,0
1790653578.293491,749,OFF,734663,0
1790653579.3263018,750,OFF,735663,0
1790653580.2741354,751,OFF,736663,0
1790653581.2745166,752,OFF,737663,0
1790653582.2789452,753,OFF,738663,0
1790653583.3029435,754,OFF,739663,0
1790653584.268311,755,OFF,740663,0
1790653585.2727191,756,OFF,741663,0
1790653621.1387804,793,OFF,777530,1
1790653622.138787,794,OFF,778530,0
1790653623.148029,795,OFF,779530,0
1790653624.2090712,796,OFF,780530,0
1790653625.189302,797,OFF,781530,0
1790653626.1389081,798,OFF,782530,0
1790653627.1389015,799,OFF,783530,0
1790653628.1989043,800,OFF,784530,0
1790653629.2065275,801,OFF,785530,0
1790653630.1428578,802,OFF,786530,0
1790653631.1413786,803,OFF,787530,0
1790653632.1628737,804,OFF,788530,0
1790653633.2057683,805,OFF,789530,0
1790653634.142914,806,OFF,790530,0
1790653635.1419535,807,OFF,791530,0
1790653636.1463115,808,OFF,792530,0
1790653637.218952,809,OFF,793531,0
1790653638.1429062,810,OFF,794531,0
1790653639.1429036,811,OFF,795531,0
1790653640.1417794,812,OFF,796531,0
1790653641.1709116,813,OFF,797531,0
1790653642.1852446,814,OFF,798531,0
1790653643.142875,815,OFF,799531,0
1790653644.1412992,816,OFF,800531,0
1790653645.158713,817,OFF,801531,0
1790653646.1851346,818,OFF,802531,0
1790653647.1404946,819,OFF,803531,0
1790653648.1416411,820,OFF,804531,0
1790653649.1607072,821,OFF,805531,0
1790653650.1837301,822,OFF,806531,0
1790653651.1438873,823,OFF,807531,0
1790653652.1429083,824,OFF,808531,0
1790653653.142911,825,OFF,809531,0
1790653654.1727726,826,OFF,810531,0
1790653655.1409636,827,OFF,811531,0
1790653656.1406946,828,OFF,812531,0
1790653657.141718,829,OFF,813531,0
1790653658.1648962,830,OFF,814531,0
1790653659.1828637,831,OFF,815531,0
1790653660.1417475,832,OFF,816531,0
1790653661.1469088,833,OFF,817531,0
1790653662.1600094,834,OFF,818531,0
1790653662.7740862,835,ON,819131,1
1790653663.2109144,836,ON,819601,0
1790653664.2460084,837,ON,820635,0
1790653665.2783706,838,ON,821669,0
1790653666.353487,839,ON,822703,0
1790653667.380365,840,ON,823737,0
1790653668.4028966,841,ON,824771,0
1790653669.536175,842,ON,825805,0
1790653670.4490657,843,ON,826839,0
1790653671.4828975,844,ON,827873,0
1790653672.5215275,845,ON,828907,0
1790653673.5608354,846,ON,829941,0
1790653674.5816941,847,ON,830975,0
1790653675.6206315,848,ON,832009,0
1790653676.7050912,849,ON,833043,0
1790653677.728899,850,ON,834077,0
1790653678.7527435,851,ON,835112,0
1790653679.772167,852,ON,836146,0
1790653679.7723181,853,OFF,836146,1
1790653680.7949023,854,OFF,837146,0
1790653681.7588816,855,OFF,838146,0
1790653682.7628913,856,OFF,839146,0
1790653683.7846692,857,OFF,840146,0
1790653684.7952025,858,OFF,841146,0
1790653685.8205612,859,OFF,842146,0
1790653686.7659922,860,OFF,843146,0
1790653687.760729,861,OFF,844146,0
1790653688.880499,862,OFF,845146,0
1790653689.8204176,863,OFF,846146,0
1790653690.7765741,864,OFF,847146,0
1790653691.8497934,865,OFF,848146,0
1790653692.8004398,866,OFF,849146,0
1790653693.806855,867,OFF,850146,0
1790653694.7612753,868,OFF,851146,0
1790653695.8628824,869,OFF,852146,0
1790653696.7802918,870,OFF,853146,0
1790653697.8375926,871,OFF,854146,0
1790653698.753931,872,OFF,855146,0
1790653699.7818537,873,OFF,856147,0
1790653700.76586,874,OFF,857147,0
1790653701.7855668,875,OFF,858147,0
1790653702.7619143,876,OFF,859147,0
1790653703.7541401,877,OFF,860147,0
1790653704.75833,878,OFF,861147,0
1790653705.7868946,879,OFF,862147,0
1790653706.7548904,880,OFF,863147,0
1790653707.7599227,881,OFF,864147,0
1790653708.7589157,882,OFF,865147,0
1790653709.774896,883,OFF,866147,0
1790653710.810721,884,OFF,867147,0
1790653711.7576482,885,OFF,868147,0
1790653712.7583427,886,OFF,869147,0
1790653713.774363,887,OFF,870147,0
1790653714.7987816,888,OFF,871147,0
1790653715.758896,889,OFF,872147,0
1790653716.7566526,890,OFF,873147,0
1790653717.758897,891,OFF,874147,0
1790653718.7942138,892,OFF,875147,0
1790653719.7588537,893,OFF,876147,0
1790653720.7622535,894,OFF,877147,0
1790653721.7589045,895,OFF,878147,0
1790653722.6079254,896,ON,878997,1
1790653722.7959995,897,ON,879185,0
1790653723.8267138,898,ON,880219,0
1790653724.8619828,899,ON,881253,0
1790653725.9003527,900,ON,882287,0
1790653726.9727755,901,ON,883321,0
1790653728.0043762,902,ON,884355,0
1790653729.0246024,903,ON,885390,0
1790653730.0508814,904,ON,886424,0
1790653731.0758958,905,ON,887458,0
1790653732.1060495,906,ON,888492,0
1790653733.146883,907,ON,889526,0
1790653734.1668258,908,ON,890555,0
1790653735.2012346,909,ON,891589,0
1790653736.2330506,910,ON,892623,0
1790653737.2696848,911,ON,893657,0
1790653738.3455184,912,ON,894691,0
1790653739.3668532,913,ON,895718,0
1790653740.3918998,914,ON,896751,0
1790653740.5489864,915,OFF,896939,1
1790653741.4146576,916,OFF,897789,0
1790653742.4378943,917,OFF,898789,0
1790653743.4023952,918,OFF,899789,0
1790653744.400241,919,OFF,900789,0
1790653745.4100516,920,OFF,901789,0
1790653746.4333131,921,OFF,902789,0
1790653747.401697,922,OFF,903789,0
1790653748.4049664,923,OFF,904789,0
1790653749.4014482,924,OFF,905789,0
1790653750.4294295,925,OFF,906789,0
1790653751.4011285,926,OFF,907789,0
1790653752.398829,927,OFF,908789,0
1790653753.402873,928,OFF,909789,0
1790653754.4247923,929,OFF,910789,0
1790653755.4532,930,OFF,911789,0
1790653756.3987148,931,OFF,912789,0
1790653757.4045942,932,OFF,913789,0
1790653758.4133973,933,OFF,914789,0
1790653759.4427187,934,OFF,915789,0
1790653760.4019623,935,OFF,916789,0
1790653761.4028585,936,OFF,917789,0
1790653762.4085684,937,OFF,918789,0
1790653763.4389672,938,OFF,919789,0
1790653764.4007802,939,OFF,920789,0
1790653765.4046855,940,OFF,921789,0
1790653766.4026825,941,OFF,922789,0
1790653767.426874,942,OFF,923789,0
1790653768.4465883,943,OFF,924789,0
1790653769.3989139,944,OFF,925789,0
1790653770.4022617,945,OFF,926789,0
1790653771.4231052,946,OFF,927789,0
1790653772.4509225,947,OFF,928789,0
1790653773.4100037,948,OFF,929789,0
1790653774.405165,949,OFF,930789,0
1790653775.4126503,950,OFF,931789,0
1790653776.438013,951,OFF,932789,0
1790653777.4029105,952,OFF,933789,0
1790653778.1792054,953,ON,934539,1
1790653778.4327404,954,ON,934821,0
1790653779.5088909,955,ON,935855,0
1790653780.537125,956,ON,936889,0
1790653781.5603728,957,ON,937923,0
1790653782.5823238,958,ON,938957,0
1790653783.6043487,959,ON,939991,0
1790653784.6362736,960,ON,941025,0
1790653785.6650317,961,ON,942049,0
1790653786.6931837,962,ON,943083,0
1790653787.7303584,963,ON,944117,0
1790653788.7630186,964,ON,945151,0
1790653789.8003774,965,ON,946185,0
1790653790.8780093,966,ON,947219,0
1790653792.306901,967,ON,948253,0
1790653792.9292533,968,ON,949287,0
1790653793.9493,969,ON,950321,0
1790653794.9740531,970,ON,951355,0
1790653795.2792134,971,OFF,951637,1
1790653796.0002751,972,OFF,952387,0
1790653797.016357,973,OFF,953387,0
1790653798.0468993,974,OFF,954387,0
1790653798.9987912,975,OFF,955387,0
1790653800.0025153,976,OFF,956387,0
1790653801.0269132,977,OFF,957387,0
1790653802.0446868,978,OFF,958387,0
1790653803.0028918,979,OFF,959387,0
1790653804.0014937,980,OFF,960387,0
1790653805.0166361,981,OFF,961387,0
1790653806.0309095,982,OFF,962387,0
1790653807.0017052,983,OFF,963387,0
1790653808.0009983,984,OFF,964387,0
1790653808.9982235,985,OFF,965387,0
1790653810.0235696,986,OFF,966387,0
1790653811.044479,987,OFF,967387,0
1790653812.0114202,988,OFF,968387,0
1790653812.9998453,989,OFF,969387,0
1790653814.0229607,990,OFF,970387,0
1790653815.0420465,991,OFF,971387,0
1790653815.9978852,992,OFF,972387,0
1790653817.001621,993,OFF,973387,0
1790653818.0268862,994,OFF,974387,0
1790653819.0428689,995,OFF,975387,0
1790653820.0102305,996,OFF,976387,0
1790653821.0056036,997,OFF,977387,0
1790653822.0101175,998,OFF,978387,0
1790653823.0381422,999,OFF,979387,0
1790653824.0487654,1000,OFF,980387,0
1790653825.0024612,1001,OFF,981387,0
1790653826.0069296,1002,OFF,982387,0
1790653827.0447435,1003,OFF,983387,0
1790653828.0429354,1004,OFF,984387,0
1790653828.0431073,1005,ON,984387,1
1790653829.0752683,1006,ON,985422,0
1790653830.0948966,1007,ON,986456,0
1790653831.1207285,1008,ON,987490,0
1790653832.1417224,1009,ON,988524,0
1790653833.1721494,1010,ON,989558,0
1790653834.2069068,1011,ON,990592,0
1790653835.2421763,1012,ON,991626,0
1790653836.2748857,1013,ON,992660,0
1790653837.3104315,1014,ON,993694,0
1790653838.397982,1015,ON,994728,0
1790653839.4159987,1016,ON,995762,0
1790653840.4550996,1017,ON,996796,0
1790653841.4623191,1018,ON,997830,0
1790653842.488078,1019,ON,998864,0
1790653843.5129457,1020,ON,999898,0
1790653844.5534096,1021,ON,1000932,0
1790653845.5848715,1022,ON,1001966,0
1790653846.6182194,1023,ON,1003000,0
1790653847.6600225,1024,ON,1004034,0
1790653848.7324991,1025,ON,1005068,0
1790653849.7563462,1026,ON,1006102,0
1790653849.7566314,1027,OFF,1006102,1
1790653850.7203941,1028,OFF,1007102,0
1790653851.7560456,1029,OFF,1008102,0
1790653852.7549257,1030,OFF,1009102,0
1790653853.769619,1031,OFF,1010102,0
1790653854.7178767,1032,OFF,1011102,0
1790653855.7191055,1033,OFF,1012102,0
1790653892.7641413,1070,OFF,1049103,1
1790653893.7162375,1071,OFF,1050103,0
1790653894.202191,1072,ON,1050553,1
1790653894.7427258,1073,ON,1051117,0
1790653895.76677,1074,ON,1052151,0
1790653896.802744,1075,ON,1053185,0
1790653897.833127,1076,ON,1054219,0
1790653898.912884,1077,ON,1055253,0
1790653899.9309142,1078,ON,1056287,0
1790653900.9646347,1079,ON,1057321,0
1790653901.9813726,1080,ON,1058355,0
1790653903.0047247,1081,ON,1059389,0
1790653903.5203059,1082,OFF,1059859,1
1790653904.033553,1083,OFF,1060409,0
1790653905.0530818,1084,OFF,1061410,0
1790653906.0319088,1085,OFF,1062410,0
1790653907.0294816,1086,OFF,1063410,0
1790653908.026858,1087,OFF,1064410,0
1790653909.0468972,1088,OFF,1065410,0
1790653910.066893,1089,OFF,1066410,0
1790653911.0259206,1090,OFF,1067410,0
1790653912.032363,1091,OFF,1068410,0
1790653913.0688903,1092,OFF,1069410,0
1790653914.0650194,1093,OFF,1070410,0
1790653915.026662,1094,OFF,1071410,0
1790653923.5388894,1102,OFF,1079410,0
1790653924.0268483,1103,OFF,1080410,0
1790653925.0269287,1104,OFF,1081410,0
1790653926.045518,1105,OFF,1082410,0
1790653927.0719633,1106,OFF,1083410,0
1790653928.0277748,1107,OFF,1084410,0
1790653929.0302675,1108,OFF,1085410,0
1790653930.044668,1109,OFF,1086410,0
1790653931.0646052,1110,OFF,1087410,0
1790653932.029721,1111,OFF,1088410,0
1790653933.031675,1112,OFF,1089410,0
1790653934.0330837,1113,OFF,1090410,0
1790653935.058077,1114,OFF,1091410,0
1790653936.0284874,1115,OFF,1092410,0
1790653937.0286076,1116,OFF,1093411,0
1790653938.0269153,1117,OFF,1094411,0
1790653939.0547984,1118,OFF,1095411,0
1790653940.070911,1119,OFF,1096411,0
1790653941.027791,1120,OFF,1097411,0
1790653942.0307016,1121,OFF,1098411,0
1790653943.0461571,1122,OFF,1099411,0
1790653944.0735278,1123,OFF,1100411,0
1790653945.0290084,1124,OFF,1101411,0
1790653946.0295453,1125,OFF,1102411,0
1790653947.0539203,1126,OFF,1103411,0
1790653947.6509216,1127,ON,1104011,1
1790653948.0956109,1128,ON,1104481,0
1790653949.1338704,1129,ON,1105515,0
1790653950.2092733,1130,ON,1106549,0
1790653951.2359564,1131,ON,1107583,0
1790653952.2660856,1132,ON,1108617,0
1790653953.3003733,1133,ON,1109651,0
1790653954.3188827,1134,ON,1110678,0
1790653955.3364751,1135,ON,1111709,0
1790653956.3646877,1136,ON,1112743,0
1790653957.398859,1137,ON,1113777,0
1790653958.4389033,1138,ON,1114811,0
1790653959.4628968,1139,ON,1115845,0
1790653960.498355,1140,ON,1116879,0
1790653961.5207567,1141,ON,1117904,0
1790653962.5548975,1142,ON,1118937,0
1790653963.628391,1143,ON,1119971,0
1790653964.6774714,1144,ON,1121005,0
1790653965.6844196,1145,ON,1122039,0
1790653966.7283194,1146,ON,1123073,0
1790653967.730762,1147,ON,1124108,0
1790653968.7668984,1148,ON,1125142,0
1790653968.7682712,1149,OFF,1125142,1
1790653969.778357,1150,OFF,1126142,0
1790653970.7942998,1151,OFF,1127142,0
1790653971.7588375,1152,OFF,1128142,0
1790653972.7589056,1153,OFF,1129142,0
1790653973.764165,1154,OFF,1130142,0
1790653974.790905,1155,OFF,1131142,0
1790653975.7588983,1156,OFF,1132142,0
1790653976.7641034,1157,OFF,1133142,0
1790653977.758901,1158,OFF,1134142,0
1790653978.7859678,1159,OFF,1135142,0
1790653979.8029065,1160,OFF,1136142,0
1790653980.7584727,1161,OFF,1137142,0
1790653981.7589033,1162,OFF,1138142,0
1790653982.7907872,1163,OFF,1139142,0
1790653983.8060634,1164,OFF,1140142,0
1790653984.7641273,1165,OFF,1141142,0
1790653985.7643769,1166,OFF,1142142,0
1790653986.7974489,1167,OFF,1143142,0
1790653987.794657,1168,OFF,1144142,0
1790653988.7628965,1169,OFF,1145142,0
1790653989.7628825,1170,OFF,1146142,0
1790653990.7657523,1171,OFF,1147142,0
1790653991.7977195,1172,OFF,1148142,0
1790653992.7622054,1173,OFF,1149142,0
1790653993.7580242,1174,OFF,1150142,0
1790653994.7619152,1175,OFF,1151142,0
1790653995.7908618,1176,OFF,1152142,0
1790653996.828264,1177,OFF,1153143,0
1790654003.2893078,1183,OFF,1159143,0
1790654003.7691932,1184,OFF,1160143,0
1790654004.8027785,1185,OFF,1161143,0
1790654005.764873,1186,OFF,1162143,0
1790654006.028888,1187,ON,1162393,1
1790654006.7707572,1188,ON,1163145,0
1790654007.8043218,1189,ON,1164179,0
1790654008.8309662,1190,ON,1165213,0
1790654009.9105906,1191,ON,1166247,0
1790654010.9369097,1192,ON,1167281,0
1790654011.9877453,1193,ON,1168315,0
1790654013.008236,1194,ON,1169346,0
1790654014.0200841,1195,ON,1170372,0
1790654015.0359156,1196,ON,1171406,0
1790654016.058163,1197,ON,1172440,0
1790654017.098929,1198,ON,1173474,0
1790654018.1305504,1199,ON,1174508,0
1790654019.1606705,1200,ON,1175542,0
1790654020.1976404,1201,ON,1176576,0
1790654021.230939,1202,ON,1177610,0
1790654021.2311482,1203,OFF,1177610,1
1790654022.232614,1204,OFF,1178610,0
1790654023.2321806,1205,OFF,1179610,0
1790654024.255987,1206,OFF,1180610,0
1790654025.27092,1207,OFF,1181610,0
1790654026.2309139,1208,OFF,1182610,0
1790654027.233726,1209,OFF,1183610,0
1790654028.294914,1210,OFF,1184610,0
1790654029.270306,1211,OFF,1185610,0
1790654030.2349238,1212,OFF,1186610,0
1790654031.2458754,1213,OFF,1187610,0
1790654032.241362,1214,OFF,1188610,0
1790654033.2982213,1215,OFF,1189610,0
1790654034.2322102,1216,OFF,1190610,0
1790654035.2322438,1217,OFF,1191610,0
1790654036.2490814,1218,OFF,1192610,0
1790654037.2721872,1219,OFF,1193610,0
1790654038.2308872,1220,OFF,1194610,0
1790654039.230919,1221,OFF,1195610,0
1790654040.2309139,1222,OFF,1196610,0
1790654041.2629118,1223,OFF,1197610,0
1790654042.2824013,1224,OFF,1198610,0
1790654043.230913,1225,OFF,1199610,0
1790654044.2324827,1226,OFF,1200611,0
1790654045.2398984,1227,OFF,1201611,0
1790654046.2724564,1228,OFF,1202611,0
1790654047.2309196,1229,OFF,1203611,0
1790654048.3230348,1230,OFF,1204611,0
1790654049.2404313,1231,OFF,1205611,0
1790654050.2616162,1232,OFF,1206611,0
1790654051.2810423,1233,OFF,1207611,0
1790654052.2564962,1234,OFF,1208611,0
1790654053.232094,1235,OFF,1209611,0
1790654054.2602324,1236,OFF,1210611,0
1790654055.274895,1237,OFF,1211611,0
1790654056.2343106,1238,OFF,1212611,0
1790654057.2346842,1239,OFF,1213611,0
1790654058.248629,1240,OFF,1214611,0
1790654059.280702,1241,OFF,1215611,0
1790654060.2975276,1242,OFF,1216611,0
1790654061.2381217,1243,OFF,1217611,0
1790654062.2486165,1244,OFF,1218611,0
1790654063.2802505,1245,OFF,1219611,0
1790654064.238293,1246,OFF,1220611,0
1790654065.2460213,1247,OFF,1221611,0
1790654065.246258,1248,ON,1221611,1
1790654066.27838,1249,ON,1222646,0
1790654067.3069363,1250,ON,1223680,0
1790654068.3349233,1251,ON,1224714,0
1790654069.4177,1252,ON,1225748,0
1790654070.4389236,1253,ON,1226782,0
1790654071.4755425,1254,ON,1227816,0
1790654072.4814637,1255,ON,1228850,0
1790654073.5149205,1256,ON,1229884,0
1790654074.5422049,1257,ON,1230918,0
1790654075.5737214,1258,ON,1231952,0
1790654076.6219,1259,ON,1232986,0
1790654077.6525025,1260,ON,1234020,0
1790654078.6771536,1261,ON,1235054,0
1790654079.7913382,1262,ON,1236088,0
1790654080.7938418,1263,ON,1237122,0
1790654081.8336706,1264,ON,1238156,0
1790654082.8614213,1265,ON,1239190,0
1790654083.2379694,1266,OFF,1239472,1
1790654083.8505235,1267,OFF,1240222,0
1790654084.8811493,1268,OFF,1241222,0
1790654085.910892,1269,OFF,1242222,0
1790654086.8507657,1270,OFF,1243222,0
1790654087.8506508,1271,OFF,1244222,0
1790654088.8693914,1272,OFF,1245222,0
1790654089.8959625,1273,OFF,1246222,0
1790654090.849251,1274,OFF,1247222,0
1790654091.8555663,1275,OFF,1248222,0
1790654092.9727376,1276,OFF,1249222,0
1790654093.9377282,1277,OFF,1250222,0
1790654094.8544412,1278,OFF,1251222,0
1790654095.8682494,1279,OFF,1252222,0
1790654096.8548677,1280,OFF,1253222,0
1790654097.8849204,1281,OFF,1254222,0
1790654098.8485835,1282,OFF,1255222,0
1790654099.8454735,1283,OFF,1256222,0
1790654100.848172,1284,OFF,1257222,0
1790654101.97035,1285,OFF,1258222,0
1790654102.890894,1286,OFF,1259222,0
1790654103.8453228,1287,OFF,1260222,0
1790654104.8508697,1288,OFF,1261222,0
1790654104.894818,1289,ON,1261272,1
1790654105.9749017,1290,ON,1262306,0
1790654107.0301208,1291,ON,1263340,0
1790654108.0229254,1292,ON,1264374,0
1790654109.0669096,1293,ON,1265408,0
1790654110.0662243,1294,ON,1266443,0
1790654111.1109757,1295,ON,1267477,0
1790654112.140442,1296,ON,1268511,0
1790654113.1668043,1297,ON,1269545,0
1790654114.2083066,1298,ON,1270579,0
1790654115.430903,1299,ON,1271613,0
1790654116.316294,1300,ON,1272647,0
1790654117.4767919,1301,ON,1273681,0
1790654118.3885098,1302,ON,1274715,0
1790654119.005509,1303,OFF,1275373,1
1790654119.410394,1304,OFF,1275723,0
1790654120.352686,1305,OFF,1276723,0
1790654121.4267328,1306,OFF,1277723,0
1790654122.3587737,1307,OFF,1278723,0
1790654123.418889,1308,OFF,1279723,0
1790654124.6228733,1309,OFF,1280723,0
1790654125.34868,1310,OFF,1281723,0
1790654126.376441,1311,OFF,1282723,0
1790654127.3770554,1312,OFF,1283723,0
1790654164.550733,1350,ON,1320869,1
1790654165.5668619,1351,ON,1321903,0
1790654166.6143894,1352,ON,1322937,0
1790654167.6163547,1353,ON,1323971,0
1790654168.6499898,1354,ON,1325005,0
1790654169.6734235,1355,ON,1326039,0
1790654170.6982913,1356,ON,1327073,0
1790654171.7340415,1357,ON,1328107,0
1790654172.7696466,1358,ON,1329141,0
1790654173.810503,1359,ON,1330175,0
1790654174.8829026,1360,ON,1331209,0
1790654175.924594,1361,ON,1332243,0
1790654176.9522917,1362,ON,1333277,0
1790654177.9617913,1363,ON,1334311,0
1790654188.581461,1374,OFF,1344357,1
1790654188.9853773,1375,OFF,1345357,0
1790654190.015193,1376,OFF,1346357,0
1790654191.0174348,1377,OFF,1347357,0
1790654191.9852653,1378,OFF,1348357,0
1790654193.0620413,1379,OFF,1349357,0
1790654193.9907753,1380,OFF,1350357,0
1790654195.0144005,1381,OFF,1351357,0
1790654195.9845762,1382,OFF,1352357,0
1790654196.9829378,1383,OFF,1353357,0
1790654197.9828908,1384,OFF,1354357,0
1790654199.0263994,1385,OFF,1355357,0
1790654200.0268972,1386,OFF,1356357,0
1790654200.9560564,1387,ON,1357307,1
1790654201.0713763,1388,ON,1357401,0
1790654202.0827699,1389,ON,1358435,0
1790654203.1067855,1390,ON,1359469,0
1790654204.1292942,1391,ON,1360503,0
1790654205.157855,1392,ON,1361532,0
1790654206.191828,1393,ON,1362561,0
1790654207.2228773,1394,ON,1363595,0
1790654208.2546723,1395,ON,1364629,0
1790654209.2896576,1396,ON,1365663,0
1790654210.3668087,1397,ON,1366697,0
1790654211.401319,1398,ON,1367731,0
1790654212.4305873,1399,ON,1368765,0
1790654213.474882,1400,ON,1369799,0
1790654214.469443,1401,ON,1370833,0
1790654215.494766,1402,ON,1371867,0
1790654216.648293,1403,ON,1372901,0
1790654217.5669007,1404,ON,1373935,0
1790654218.5948884,1405,ON,1374969,0
1790654219.630918,1406,ON,1376003,0
1790654220.7100048,1407,ON,1377037,0
1790654221.8380246,1408,ON,1378071,0
1790654222.1695764,1409,OFF,1378541,1
1790654222.7707295,1410,OFF,1379091,0
1790654223.7180862,1411,OFF,1380091,0
1790654224.7462947,1412,OFF,1381091,0
1790654225.7388992,1413,OFF,1382091,0
1790654226.982949,1414,OFF,1383091,0
1790654227.7182283,1415,OFF,1384091,0
1790654228.716512,1416,OFF,1385091,0
1790654229.7286377,1417,OFF,1386091,0
1790654230.7576697,1418,OFF,1387091,0
1790654231.7139702,1419,OFF,1388091,0
1790654232.7146988,1420,OFF,1389091,0
1790654233.7209625,1421,OFF,1390092,0
1790654234.7563436,1422,OFF,1391092,0
1790654235.7695138,1423,OFF,1392092,0
1790654236.7193441,1424,OFF,1393092,0
1790654237.7308927,1425,OFF,1394092,0
1790654238.7460167,1426,OFF,1395092,0
1790654239.7621508,1427,OFF,1396092,0
1790654240.7188907,1428,OFF,1397092,0
1790654241.7215967,1429,OFF,1398092,0
1790654242.734127,1430,OFF,1399092,0
1790654243.7566595,1431,OFF,1400092,0
1790654244.718911,1432,OFF,1401092,0
1790654245.7269187,1433,OFF,1402092,0
1790654246.7465963,1434,OFF,1403092,0
1790654247.8508494,1435,OFF,1404092,0
1790654248.720746,1436,OFF,1405092,0
1790654249.3918362,1437,ON,1405742,1
1790654249.7909122,1438,ON,1406118,0
1790654250.822432,1439,ON,1407152,0
1790654251.8457837,1440,ON,1408186,0
1790654252.8887894,1441,ON,1409220,0
1790654253.8976989,1442,ON,1410254,0
1790654254.9148853,1443,ON,1411288,0
1790654255.962066,1444,ON,1412322,0
1790654256.9828804,1445,ON,1413356,0
1790654257.4986794,1446,OFF,1413826,1
1790654258.0028567,1447,OFF,1414376,0
1790654259.0108342,1448,OFF,1415376,0
1790654260.0332713,1449,OFF,1416376,0
1790654261.0000675,1450,OFF,1417376,0
1790654262.0039957,1451,OFF,1418376,0
1790654263.0102594,1452,OFF,1419376,0
1790654264.0340588,1453,OFF,1420376,0
1790654265.0559955,1454,OFF,1421376,0
1790654265.999896,1455,OFF,1422376,0
1790654267.0030842,1456,OFF,1423376,0
1790654268.0225673,1457,OFF,1424376,0
1790654269.056955,1458,OFF,1425376,0
1790654270.005652,1459,OFF,1426376,0
1790654271.009439,1460,OFF,1427377,0
1790654272.017092,1461,OFF,1428377,0
1790654273.0468802,1462,OFF,1429377,0
1790654274.0063326,1463,OFF,1430377,0
1790654275.0039678,1464,OFF,1431377,0
1790654276.0265317,1465,OFF,1432377,0
1790654277.0439894,1466,OFF,1433377,0
1790654277.5548818,1467,ON,1433927,1
1790654278.0588548,1468,ON,1434397,0
1790654279.0812235,1469,ON,1435431,0
1790654280.1088617,1470,ON,1436465,0
1790654281.140901,1471,ON,1437499,0
1790654282.1747735,1472,ON,1438533,0
1790654283.201371,1473,ON,1439567,0
1790654284.2467782,1474,ON,1440601,0
1790654285.2700694,1475,ON,1441636,0
1790654286.304591,1476,ON,1442670,0
1790654287.3730133,1477,ON,1443704,0
1790654288.4108462,1478,ON,1444738,0
1790654289.4468668,1479,ON,1445772,0
1790654290.4501076,1480,ON,1446806,0
1790654291.4747732,1481,ON,1447840,0
1790654292.5029047,1482,ON,1448874,0
1790654293.5349035,1483,ON,1449908,0
1790654294.5828862,1484,ON,1450942,0
1790654295.6077511,1485,ON,1451976,0
1790654296.636061,1486,ON,1453010,0
1790654297.3332238,1487,OFF,1453668,1
1790654297.6569493,1488,OFF,1454018,0
1790654298.6437767,1489,OFF,1455018,0
1790654299.6868944,1490,OFF,1456018,0
1790654300.6898525,1491,OFF,1457018,0
1790654301.6485848,1492,OFF,1458018,0
1790654302.6467133,1493,OFF,1459018,0
1790654303.6624777,1494,OFF,1460018,0
1790654304.682764,1495,OFF,1461018,0
1790654305.6463501,1496,OFF,1462018,0
1790654306.6466599,1497,OFF,1463018,0
1790654307.65443,1498,OFF,1464018,0
1790654308.6784284,1499,OFF,1465018,0
1790654309.6979682,1500,OFF,1466018,0
1790654310.6513376,1501,OFF,1467018,0
1790654311.6468992,1502,OFF,1468018,0
1790654312.6762292,1503,OFF,1469018,0
1790654313.6433318,1504,OFF,1470018,0
1790654314.6496468,1505,OFF,1471018,0
1790654315.648949,1506,OFF,1472018,0
1790654316.6644263,1507,OFF,1473018,0
1790654317.6928954,1508,OFF,1474018,0
1790654318.6437066,1509,OFF,1475018,0
1790654319.648106,1510,OFF,1476018,0
1790654320.6611075,1511,OFF,1477018,0
1790654321.6829274,1512,OFF,1478019,0
1790654322.6507707,1513,OFF,1479019,0
1790654323.6518462,1514,OFF,1480019,0
1790654324.6506462,1515,OFF,1481019,0
1790654325.6960917,1516,OFF,1482019,0
1790654326.694902,1517,OFF,1483019,0
1790654327.652169,1518,OFF,1484019,0
1790654328.6501582,1519,OFF,1485019,0
1790654329.6735444,1520,OFF,1486019,0
1790654330.7029066,1521,OFF,1487019,0
1790654331.6469042,1522,OFF,1488019,0
1790654332.6509044,1523,OFF,1489019,0
1790654333.6888516,1524,OFF,1490019,0
1790654334.6869054,1525,OFF,1491019,0
1790654335.6497211,1526,OFF,1492019,0
1790654336.648681,1527,OFF,1493019,0
1790654337.66639,1528,OFF,1494019,0
1790654338.6801815,1529,OFF,1495019,0
1790654339.6508934,1530,OFF,1496019,0
1790654340.6517625,1531,OFF,1497019,0
1790654341.6507683,1532,OFF,1498020,0
1790654342.6947422,1533,OFF,1499020,0
1790654343.6492531,1534,OFF,1500020,0
1790654344.651905,1535,OFF,1501020,0
1790654345.6471865,1536,OFF,1502020,0
1790654346.6707697,1537,OFF,1503020,0
1790654347.692463,1538,OFF,1504020,0
1790654348.6521513,1539,OFF,1505020,0
1790654349.6505384,1540,OFF,1506020,0
1790654350.674905,1541,OFF,1507020,0
1790654351.6870358,1542,OFF,1508020,0
1790654352.4509032,1543,ON,1508820,1
1790654352.7332788,1544,ON,1509102,0
1790654353.7668664,1545,ON,1510136,0
1790654354.8046887,1546,ON,1511170,0
1790654355.8788884,1547,ON,1512204,0
1790654356.9118752,1548,ON,1513238,0
1790654357.937409,1549,ON,1514272,0
1790654358.98078,1550,ON,1515306,0
1790654359.9948738,1551,ON,1516340,0
1790654361.0005205,1552,ON,1517374,0
1790654362.0387678,1553,ON,1518408,0
1790654363.0747764,1554,ON,1519442,0
1790654364.1053321,1555,ON,1520476,0
1790654366.1764817,1557,ON,1522544,0
1790654367.2109184,1558,ON,1523578,0
1790654368.2424984,1559,ON,1524612,0
1790654369.2859728,1560,ON,1525646,0
1790654370.3221908,1561,ON,1526680,0
1790654371.3472598,1562,ON,1527714,0
1790654372.4229145,1563,ON,1528748,0
1790654373.4508803,1564,ON,1529782,0
1790654373.6948671,1565,OFF,1530064,1
1790654374.4764085,1566,OFF,1530814,0
1790654375.4988723,1567,OFF,1531814,0
1790654376.444277,1568,OFF,1532814,0
1790654377.446921,1569,OFF,1533814,0
1790654378.4883773,1570,OFF,1534814,0
1790654379.5028667,1571,OFF,1535814,0
1790654380.5121562,1572,OFF,1536814,0
1790654381.568744,1573,OFF,1537814,0
1790654382.4827812,1574,OFF,1538814,0
1790654383.4885175,1575,OFF,1539814,0
1790654384.4463933,1576,OFF,1540814,0
1790654385.4457357,1577,OFF,1541814,0
1790654386.4692981,1578,OFF,1542814,0
1790654387.4929817,1579,OFF,1543814,0
1790654388.4469123,1580,OFF,1544814,0
1790654389.4589097,1581,OFF,1545814,0
1790654390.4509354,1582,OFF,1546814,0
1790654391.4945621,1583,OFF,1547814,0
1790654392.4934137,1584,OFF,1548815,0
1790654393.4487445,1585,OFF,1549815,0
1790654394.4469047,1586,OFF,1550815,0
1790654395.470884,1587,OFF,1551815,0
1790654396.4939759,1588,OFF,1552815,0
1790654397.4483705,1589,OFF,1553815,0
1790654398.4469411,1590,OFF,1554816,0
1790654398.655992,1591,ON,1555016,1
1790654399.5012786,1592,ON,1555862,0
