t_send,t_report,node,tel,gws,policy,block,b1,b2,b3,interferer_at_send,outcome
1790652736.665238,1790652747.217788,10,1145,2,state-aware,81,0.9924,0.9933,,UNKNOWN,success
1790652742.1991682,1790652748.3133743,8,83,2,state-aware,81,0.971,0.9878,,UNKNOWN,failed
1790652738.2294612,1790652749.062102,5,1147,2,state-aware,81,0.8888,0.8974,,UNKNOWN,success
1790652743.2005506,1790652750.2642565,9,84,2,state-aware,81,0.9,0.9899,,UNKNOWN,failed
1790652741.0620196,1790652750.9752364,4,1136,2,state-aware,81,0.9914,0.9933,,UNKNOWN,success
1790652743.5683749,1790652753.6359546,1,1149,2,state-aware,81,0.9914,0.9925,,UNKNOWN,success
1790652747.6614127,1790652757.948274,3,1148,1,state-aware,81,0.0,0.0,,UNKNOWN,success
1790652748.4968047,1790652758.9609463,2,85,2,state-aware,81,0.99,0.9915,,UNKNOWN,success
1790652750.4266794,1790652761.2129838,10,1146,1,state-aware,81,0.9819,0.9896,,UNKNOWN,success
1790652751.534173,1790652761.3115833,8,84,1,state-aware,81,0.9915,0.9915,,UNKNOWN,success
1790652752.2823215,1790652761.6124096,5,1148,1,state-aware,81,0.9926,0.9926,,UNKNOWN,success
1790652755.217787,1790652761.9475873,6,1149,2,state-aware,81,0.9911,0.9921,,UNKNOWN,failed
1790652753.4895957,1790652763.6761014,9,85,1,state-aware,81,0.9933,0.9901,,UNKNOWN,success
1790652754.2029212,1790652764.4877872,4,1137,1,state-aware,81,0.9915,0.9915,,UNKNOWN,success
1790652756.9613755,1790652766.9580657,1,1150,1,state-aware,81,0.9931,0.9938,,UNKNOWN,success
1790652760.9799309,1790652773.7268395,3,1149,1,state-aware,81,0.9933,0.9938,,UNKNOWN,failed
1790652762.195234,1790652774.5453882,2,86,,state-aware,81,0.9915,0.9915,,UNKNOWN,not_sent_missed
1790652769.2210538,1790652775.8479218,10,1147,,state-aware,81,0.992,0.9896,,UNKNOWN,not_sent_missed
1790652763.9332166,1790652775.8858938,7,1133,,state-aware,81,0.0009,0.0,,UNKNOWN,not_sent_missed
1790652770.223347,1790652776.6628628,8,85,,state-aware,81,0.9931,0.9825,,UNKNOWN,not_sent_missed
1790652764.7727313,1790652777.2053957,5,1149,,state-aware,81,0.9938,0.9901,,UNKNOWN,not_sent_missed
1790652765.1729162,1790652778.2336693,6,1150,,state-aware,81,0.9938,0.9914,,UNKNOWN,not_sent_missed
1790652767.7305555,1790652779.7588465,4,1138,,state-aware,81,0.9914,0.9933,,UNKNOWN,not_sent_missed
1790652768.5532117,1790652782.8394456,9,0,,state-aware,81,0.9915,0.9932,,UNKNOWN,not_sent_missed
1790652775.2288508,1790652782.927365,1,1151,,state-aware,81,0.0,0.0,,UNKNOWN,not_sent_missed
1790652776.9366195,1790652789.7105703,3,1150,,state-aware,81,0.9914,0.9901,,UNKNOWN,not_sent_missed
1790652777.7740061,1790652790.2017212,2,87,,state-aware,81,0.9938,0.9932,,UNKNOWN,not_sent_missed
1790652779.0805418,1790652791.2187045,7,1134,,state-aware,81,0.9925,0.9915,,UNKNOWN,not_sent_missed
1790652784.2570004,1790652791.4360185,10,1148,,state-aware,81,0.9938,0.9924,,UNKNOWN,not_sent_missed
1790652780.3485596,1790652791.9725304,5,1150,,state-aware,81,0.9937,0.994,,UNKNOWN,not_sent_missed
1790652779.7230783,1790652792.6573613,8,86,,state-aware,81,0.9915,0.9914,,UNKNOWN,not_sent_missed
1790652781.450485,1790652793.2723784,6,1151,,state-aware,81,0.9915,0.9915,,UNKNOWN,not_sent_missed
1790652782.9929054,1790652795.0113616,4,1139,,state-aware,81,0.9881,0.988,,UNKNOWN,not_sent_missed
1790652786.0730014,1790652798.8243608,1,1152,,state-aware,81,0.9914,0.9914,,UNKNOWN,not_sent_missed
1790652817.2721484,1790652823.2533038,6,1153,2,state-aware,81,0.9929,0.993,,OFF,failed
1790652813.4703307,1790652823.8669753,4,1141,1,state-aware,81,0.9937,0.9901,,OFF,success
1790652814.540828,1790652826.688578,9,0,2,state-aware,81,0.9933,0.9944,,OFF,failed
1790652818.6510954,1790652828.8089483,1,1154,2,state-aware,81,0.9901,0.9925,,OFF,success
1790652825.4719243,1790652835.4768348,10,1151,2,state-aware,81,0.0,0.9149,,OFF,success
1790652826.4164836,1790652837.186045,2,1,2,state-aware,81,0.0,0.0053,,OFF,success
1790652831.2772114,1790652838.2541182,7,1137,1,state-aware,81,0.9939,0.9899,,OFF,failed
1790652830.2758589,1790652838.5126448,3,1153,2,state-aware,81,0.0001,0.0002,,OFF,failed
1790652831.2796419,1790652838.7490196,6,1154,2,state-aware,81,0.0554,0.993,,OFF,failed
1790652832.2813294,1790652839.2311318,4,1142,1,state-aware,81,0.9916,0.994,,OFF,failed
1790652831.2789533,1790652839.347111,8,89,1,state-aware,81,0.9,0.0,,OFF,failed
1790652830.0641649,1790652841.3896935,9,1,1,state-aware,81,0.9924,0.9941,,OFF,success
1790652832.024241,1790652842.7458763,1,1155,1,state-aware,81,0.9925,0.9933,,OFF,success
1790652838.684984,1790652851.3660328,10,1152,1,state-aware,81,0.9901,0.9942,,OFF,failed
1790652840.42281,1790652851.878977,2,2,1,state-aware,81,0.9915,0.9933,,ON,failed
1790652841.9396527,1790652853.3791256,6,1155,,state-aware,81,0.3356,0.0,,ON,not_sent_missed
1790652847.290484,1790652853.9326613,4,1143,,state-aware,81,0.0002,0.0,,UNKNOWN,not_sent_missed
1790652847.289578,1790652854.0191052,3,1154,,state-aware,81,0.0001,0.0,,UNKNOWN,not_sent_missed
1790652848.29234,1790652854.8165135,8,90,,state-aware,81,0.989,0.8974,,UNKNOWN,not_sent_missed
1790652846.1690402,1790652857.3639603,1,1156,,state-aware,81,0.0,0.1389,,UNKNOWN,not_sent_missed
1790652844.599978,1790652857.664274,9,2,,state-aware,81,0.0,0.9892,,ON,not_sent_missed
1790652855.1508725,1790652867.1061645,2,3,,state-aware,81,0.9924,0.9925,,OFF,not_sent_missed
1790652854.6694407,1790652867.3139124,10,1153,,state-aware,81,0.9925,0.9915,,OFF,not_sent_missed
1790652862.2968395,1790652868.8424718,4,1144,,state-aware,81,0.8536,0.8333,,OFF,not_sent_missed
1790652856.9249635,1790652869.3693473,5,1155,,state-aware,81,0.0,0.0,,OFF,not_sent_missed
1790652856.621749,1790652869.576951,6,1156,,state-aware,81,0.9318,0.0103,,OFF,not_sent_missed
1790652857.9383178,1790652870.8804302,8,91,,state-aware,81,0.9915,0.9926,,OFF,not_sent_missed
1790652860.6019182,1790652872.5551958,1,1157,,state-aware,81,0.9931,0.9911,,OFF,not_sent_missed
1790652860.8346753,1790652873.5702064,9,3,,state-aware,81,0.9913,0.9937,,OFF,not_sent_missed
1790652870.5127177,1790652882.24699,10,1154,,state-aware,81,0.9843,0.9853,,OFF,not_sent_missed
1790652871.7508533,1790652882.9929423,7,1140,,state-aware,81,0.9931,0.9911,,OFF,not_sent_missed
1790652874.0977468,1790652883.781857,8,92,1,state-aware,81,0.9933,0.9925,,OFF,success
1790652872.8062913,1790652884.7210588,6,1157,,state-aware,81,0.9933,0.9883,,OFF,not_sent_missed
1790652872.0558872,1790652884.9206495,4,1145,,state-aware,81,0.0009,0.0,,OFF,not_sent_missed
1790652878.30478,1790652885.428289,5,1156,2,state-aware,81,0.8535,0.8888,,OFF,failed
1790652875.7782874,1790652889.1297624,1,1158,,state-aware,81,0.9941,0.9924,,OFF,not_sent_missed
1790652876.7858424,1790652889.9691541,9,4,,state-aware,81,0.9925,0.9944,,OFF,not_sent_missed
1790652885.4680924,1790652896.7177846,10,1155,2,state-aware,81,0.9925,0.9925,,OFF,success
1790652886.949652,1790652897.5134177,8,93,2,state-aware,81,0.9925,0.9933,,OFF,success
1790652886.2080262,1790652899.346265,7,1141,2,state-aware,81,0.9355,0.8804,,OFF,failed
1790652888.1501915,1790652899.5804584,4,1146,,state-aware,81,0.9938,0.9938,,OFF,not_sent_missed
1790652893.309671,1790652900.1665108,6,1158,1,state-aware,81,0.9942,0.9925,,ON,failed
1790652889.2648003,1790652901.3990517,3,1157,,state-aware,81,0.975,0.9938,,OFF,not_sent_missed
1790652888.6559577,1790652901.915058,5,1157,,state-aware,81,0.9915,0.99,,OFF,not_sent_missed
1790652892.2218804,1790652902.739649,1,1159,2,state-aware,81,0.9925,0.9933,,ON,success
1790652893.1944942,1790652906.4068205,9,5,1,state-aware,81,0.9933,0.9913,,ON,failed
1790652899.9282012,1790652910.4044535,10,1156,2,state-aware,81,0.0,0.8303,,ON,success
1790652900.7464323,1790652911.850274,8,94,2,state-aware,81,0.9925,0.9644,,ON,success
1790652901.780816,1790652914.0372577,2,6,1,state-aware,81,0.9933,0.9913,,ON,failed
1790652908.3137486,1790652915.763886,7,1142,1,state-aware,81,0.9355,0.0723,,ON,failed
1790652902.806975,1790652915.9624808,4,1147,1,state-aware,81,0.9938,0.9897,,ON,failed
1790652903.4904373,1790652916.8998737,6,1159,1,state-aware,81,0.0,0.9328,,ON,failed
1790652905.974248,1790652917.2691357,1,1160,1,state-aware,81,0.9925,0.9933,,ON,success
1790652910.3149781,1790652917.6125522,5,1158,,state-aware,81,0.9937,0.9931,,OFF,not_sent_missed
1790652909.6186457,1790652921.5828187,9,6,,state-aware,81,0.9933,0.9937,,ON,not_sent_missed
1790652831.2782288,,5,1153,2,state-aware,81,0.8129,0.9862,,OFF,unavailable
1790652913.5442061,1790652925.9784744,10,1157,,state-aware,81,0.9882,0.9933,,OFF,not_sent_missed
1790652915.0892947,1790652927.0094855,8,95,,state-aware,81,0.9925,0.9915,,OFF,not_sent_missed
1790652917.2449782,1790652929.2483335,2,7,,state-aware,81,0.9932,0.9943,,OFF,not_sent_missed
1790652924.320763,1790652930.7961006,7,1143,,state-aware,81,0.9937,0.9888,,OFF,not_sent_missed
1790652925.3221872,1790652931.3107445,6,1160,,state-aware,81,0.7741,0.9328,,OFF,not_sent_missed
1790652919.1763482,1790652931.3293216,4,1148,,state-aware,81,0.99,0.9839,,OFF,not_sent_missed
1790652925.3231883,1790652932.5269349,1,1161,,state-aware,81,0.9933,0.9901,,OFF,not_sent_missed
1790652920.816055,1790652934.090042,5,1159,,state-aware,81,0.9925,0.9925,,OFF,not_sent_missed
1790652924.8042524,1790652936.221876,9,7,,state-aware,81,0.9925,0.9943,,OFF,not_sent_missed
1790652929.2038033,1790652941.1269112,10,1158,,state-aware,81,0.9926,0.9902,,OFF,not_sent_missed
1790652930.233674,1790652941.6720169,8,96,,state-aware,81,0.9915,0.9938,,OFF,not_sent_missed
1790652932.4673219,1790652945.1337914,2,8,,state-aware,81,0.9943,0.9943,,OFF,not_sent_missed
1790652935.0608962,1790652945.9632285,6,1161,1,state-aware,81,0.9925,0.9933,,OFF,success
1790652934.0417206,1790652946.8744245,7,1144,,state-aware,81,0.9942,0.9922,,OFF,not_sent_missed
1790652940.3385549,1790652946.9815614,4,1149,,state-aware,81,0.8554,0.8799,,OFF,not_sent_missed
1790652935.6948133,1790652948.0861745,1,1162,2,state-aware,81,0.9901,0.0029,,OFF,failed
1790652941.3463676,1790652948.4446113,3,1160,,state-aware,81,0.9853,0.9802,,OFF,not_sent_missed
1790652937.30735,1790652949.1156042,5,1160,,state-aware,81,0.9942,0.9925,,OFF,not_sent_missed
1790652939.4352007,1790652951.3116457,9,8,2,state-aware,81,0.9925,0.9926,,OFF,failed
1790652944.3475578,1790652956.3175251,10,1159,,state-aware,81,0.9915,0.9942,,OFF,not_sent_missed
1790652944.8890793,1790652957.0214982,8,97,,state-aware,81,0.9926,0.9925,,OFF,not_sent_missed
1790652948.3373706,1790652959.464777,2,9,2,state-aware,81,0.9932,0.9682,,ON,success
1790652949.1560962,1790652962.1256359,6,1162,2,state-aware,81,0.0001,0.7448,,ON,failed
1790652951.3287535,1790652963.0452268,1,1163,,state-aware,81,0.9901,0.984,,ON,not_sent_missed
1790652951.7524815,1790652963.4580715,3,1161,,state-aware,81,0.9853,0.9891,,ON,not_sent_missed
1790652954.5771556,1790652966.729091,9,9,1,state-aware,81,0.9925,0.9917,,ON,failed
1790652875.3031418,,2,4,2,state-aware,81,0.9933,0.9925,,OFF,unavailable
1790652960.2420619,1790652970.434313,8,98,2,state-aware,81,0.9926,0.9938,,ON,success
1790652959.5960262,1790652971.6588178,10,1160,,state-aware,81,0.9915,0.9626,,ON,not_sent_missed
1790652962.6812165,1790652973.186245,2,10,2,state-aware,81,0.0,0.3978,,ON,success
1790652965.342019,1790652977.907296,6,1163,1,state-aware,81,0.0001,0.0002,,ON,failed
1790652972.3629081,1790652978.5108607,3,1162,1,state-aware,81,0.0,0.0,,OFF,failed
1790652971.3606124,1790652978.9169958,1,1164,1,state-aware,81,0.0,0.0,,OFF,failed
1790652969.9534678,1790652981.5892823,9,10,1,state-aware,81,0.0,0.0,,OFF,failed
1790652973.6481369,1790652984.0419915,8,99,1,state-aware,81,0.9938,0.9933,,OFF,success
1790652974.9668157,1790652987.5619953,10,1161,,state-aware,81,0.9925,0.9942,,OFF,not_sent_missed
1790652976.406063,1790652988.2645545,2,11,,state-aware,81,0.9942,0.9942,,OFF,not_sent_missed
1790652981.0052326,1790652993.3509908,5,1163,,state-aware,81,0.8999,0.0,,OFF,not_sent_missed
1790652981.7293887,1790652993.8779087,3,1163,,state-aware,81,0.9925,0.9915,,OFF,not_sent_missed
1790652981.1228518,1790652994.003764,6,1164,,state-aware,81,0.9925,0.9923,,OFF,not_sent_missed
1790652986.3678057,1790652994.3883176,7,1147,,state-aware,81,0.0,0.9915,,OFF,not_sent_missed
1790652982.1336777,1790652995.410354,1,1165,,state-aware,81,0.9942,0.9938,,OFF,not_sent_missed
1790652984.8136356,1790652998.1656466,9,11,,state-aware,81,0.9932,0.9944,,OFF,not_sent_missed
1790652987.266487,1790653000.1170518,8,100,,state-aware,81,0.9938,0.9925,,OFF,not_sent_missed
1790652990.7868648,1790653002.6117706,10,1162,,state-aware,81,0.9938,0.9925,,OFF,not_sent_missed
1790652991.3765287,1790653004.5454452,2,12,,state-aware,81,0.9914,0.9914,,OFF,not_sent_missed
1790652996.513618,1790653006.5915084,5,1164,1,state-aware,81,0.9925,0.002,,OFF,success
1790652997.2233818,1790653009.769909,6,1165,2,state-aware,81,0.9933,0.9937,,OFF,failed
1790652998.6427336,1790653010.7769744,1,1166,,state-aware,81,0.9933,0.9937,,OFF,not_sent_missed
1790653001.4260685,1790653011.1818402,9,12,2,state-aware,81,0.9925,0.9924,,ON,success
1790653003.35005,1790653015.3082,8,101,,state-aware,81,0.9916,0.9925,,ON,not_sent_missed
1790653005.8158014,1790653017.5397866,10,1163,,state-aware,81,0.0002,0.0001,,ON,not_sent_missed
1790653007.760913,1790653020.729288,2,13,,state-aware,81,0.3632,0.9821,,ON,not_sent_missed
1790653009.8068542,1790653022.1228707,5,1165,2,state-aware,81,0.0,0.0071,,ON,failed
1790653013.111823,1790653023.778306,6,1166,2,state-aware,81,0.9933,0.9875,,ON,success
1790653014.099066,1790653024.3094468,1,1167,2,state-aware,81,0.9933,0.0029,,ON,success
1790653012.6573176,1790653025.4521859,4,1154,2,state-aware,81,0.0082,0.0,,ON,failed
1790653014.4260986,1790653026.9674914,9,13,,state-aware,81,0.9925,0.9922,,ON,not_sent_missed
1790653018.3398874,1790653031.4381764,8,102,1,state-aware,81,0.0,0.0,,ON,failed
1790653020.7799456,1790653033.1069412,10,1164,2,state-aware,81,0.0,0.0,,ON,failed
1790653024.0186887,1790653034.8623717,2,14,2,state-aware,81,0.0723,0.9901,,ON,success
1790653025.3746536,1790653035.7585216,5,1166,1,state-aware,81,0.0,0.0,,OFF,success
1790653026.9884214,1790653038.5387843,6,1167,1,state-aware,81,0.9933,0.0,,OFF,success
1790653028.7484596,1790653040.2695158,4,1155,,state-aware,81,0.0082,0.017,,OFF,not_sent_missed
1790653030.3327916,1790653040.5696697,9,14,1,state-aware,81,0.9916,0.9933,,OFF,success
1790653027.5917966,1790653040.7975588,1,1168,,state-aware,81,0.0,0.0,,OFF,not_sent_missed
1790653028.748655,1790653041.0899508,7,1150,,state-aware,81,0.8141,0.9937,,OFF,not_sent_missed
1790652950.2105303,,4,1150,2,state-aware,81,0.0082,0.9433,,ON,unavailable
1790652952.3367167,,5,1161,2,state-aware,81,0.0,0.0255,,ON,unavailable
1790653087.9165742,1790653094.5667384,8,106,1,state-aware,82,0.9,0.0,,ON,failed
1790653084.938252,1790653095.5662692,2,18,2,state-aware,82,0.0,0.249,,ON,success
1790653086.8764954,1790653097.210094,6,1171,2,state-aware,82,0.9,0.9694,,ON,success
1790653086.4814968,1790653099.2486317,5,1170,2,state-aware,82,0.0,0.0004,,ON,failed
1790653088.653876,1790653099.6495357,3,1170,2,state-aware,82,0.7019,0.9774,,ON,success
1790653089.9993052,1790653100.086684,9,18,2,state-aware,82,0.9,0.9908,,ON,success
1790653089.2625105,1790653102.3393276,4,1159,1,state-aware,82,0.0,0.0,,ON,failed
1790653095.9196825,1790653104.04049,7,1154,2,state-aware,82,0.0,0.0,,OFF,failed
1790653097.7724953,1790653107.4345963,8,107,1,state-aware,82,0.9,0.0,,OFF,success
1790653097.0488558,1790653107.8822577,10,1169,2,state-aware,82,0.0,0.0,,OFF,success
1790653098.7672646,1790653109.0692253,2,19,2,state-aware,82,0.0723,0.9584,,OFF,success
1790653100.5175588,1790653110.5140862,6,1172,1,state-aware,82,0.9924,0.9933,,OFF,success
1790653103.3125064,1790653112.772938,9,19,1,state-aware,82,0.9942,0.9926,,OFF,success
1790653102.8699858,1790653113.572756,3,1171,1,state-aware,82,0.9861,0.9925,,OFF,success
1790653102.4716694,1790653113.82171,5,1171,1,state-aware,82,0.9922,0.994,,OFF,failed
1790653105.5526652,1790653117.5856657,4,1160,1,state-aware,82,0.0,0.0,,OFF,failed
1790653107.214194,1790653119.6224365,7,1155,,state-aware,82,0.9924,0.9925,,OFF,not_sent_missed
1790653110.6649206,1790653123.5220146,8,108,,state-aware,82,0.9931,0.9924,,OFF,not_sent_missed
1790653112.3108778,1790653124.0269969,2,20,,state-aware,82,0.9938,0.9944,,OFF,not_sent_missed
1790653111.1097834,1790653124.428792,10,1170,,state-aware,82,0.9915,0.9901,,OFF,not_sent_missed
1790653113.7369995,1790653125.771566,6,1173,,state-aware,82,0.9931,0.9932,,OFF,not_sent_missed
1790653115.9927802,1790653127.6252096,9,20,,state-aware,82,0.9942,0.9915,,OFF,not_sent_missed
1790653117.1027224,1790653128.5343084,5,1172,,state-aware,82,0.9915,0.9911,,OFF,not_sent_missed
1790653116.7885594,1790653129.1420872,3,1172,,state-aware,82,0.9914,0.9933,,OFF,not_sent_missed
1790653120.7933455,1790653132.551659,4,1161,,state-aware,82,0.9924,0.9914,,OFF,not_sent_missed
1790653121.736157,1790653134.970284,1,1174,,state-aware,82,0.9942,0.9933,,OFF,not_sent_missed
1790653122.8548605,1790653135.7242453,7,1156,,state-aware,82,0.9924,0.9932,,OFF,not_sent_missed
1790653126.7382936,1790653138.1792455,8,109,,state-aware,82,0.9852,0.9925,,OFF,not_sent_missed
1790653127.2505064,1790653138.6664283,2,21,,state-aware,82,0.0,0.0,,OFF,not_sent_missed
1790653132.928571,1790653139.6925483,10,1171,,state-aware,82,0.9925,0.9899,,OFF,not_sent_missed
1790653128.984825,1790653141.9488544,6,1174,,state-aware,82,0.9902,0.9926,,OFF,not_sent_missed
1790653130.8236134,1790653143.5189917,9,21,,state-aware,82,0.9901,0.9938,,OFF,not_sent_missed
1790653131.7611997,1790653143.5827446,5,1173,,state-aware,82,0.9931,0.9937,,OFF,not_sent_missed
1790653132.3652678,1790653145.5415802,3,1173,,state-aware,82,0.9898,0.9925,,OFF,not_sent_missed
1790653135.7833943,1790653148.7200148,4,1162,,state-aware,82,0.9914,0.994,,OFF,not_sent_missed
1790653138.2266529,1790653151.7983925,1,1175,,state-aware,82,0.9933,0.9938,,OFF,not_sent_missed
1790653138.950781,1790653152.094588,7,1157,,state-aware,82,0.9932,0.99,,OFF,not_sent_missed
1790653141.4053082,1790653154.0458553,8,110,,state-aware,82,0.9915,0.9925,,OFF,not_sent_missed
1790653141.8804393,1790653154.772465,2,22,,state-aware,82,0.9924,0.9925,,OFF,not_sent_missed
1790653142.9228375,1790653155.6538541,10,1172,,state-aware,82,0.9914,0.9933,,OFF,not_sent_missed
1790653145.1790848,1790653156.074443,6,1175,2,state-aware,82,0.9926,0.9939,,OFF,success
1790653146.81402,1790653156.693937,5,1174,2,state-aware,82,0.9944,0.9931,,ON,success
1790653148.7476923,1790653158.4355054,3,1174,2,state-aware,82,0.9933,0.9943,,ON,success
1790653151.9608908,1790653158.9536376,9,22,1,state-aware,82,0.9932,0.9916,,ON,failed
1790653152.0414612,1790653164.1815412,4,1163,1,state-aware,82,0.0,0.0004,,ON,failed
1790653154.8895323,1790653164.5880275,1,1176,2,state-aware,82,0.0,0.0,,ON,success
1790653155.313333,1790653167.0464714,7,1158,2,state-aware,82,0.9703,0.941,,ON,failed
1790653162.965233,1790653169.4026875,8,111,1,state-aware,82,0.0,0.0,,OFF,failed
1790653159.2893646,1790653169.5289657,6,1176,2,state-aware,82,0.016,0.8438,,ON,success
1790653162.966235,1790653170.123256,2,23,2,state-aware,82,0.0,0.966,,OFF,failed
1790653161.6499708,1790653171.341197,3,1175,2,state-aware,82,0.0,0.0,,OFF,success
1790653159.9084642,1790653172.3795846,5,1175,1,state-aware,82,0.9916,0.9943,,ON,failed
1790653167.8133204,1790653177.7912223,1,1177,1,state-aware,82,0.9925,0.9933,,OFF,success
1790653167.508253,1790653178.539554,4,1164,1,state-aware,82,0.9911,0.9911,,OFF,success
1790653170.1815495,1790653183.5248907,7,1159,,state-aware,82,0.9914,0.9942,,OFF,not_sent_missed
1790653177.9730844,1790653184.2624066,8,112,,state-aware,82,0.9726,0.9825,,OFF,not_sent_missed
1790653173.3306534,1790653185.4882853,2,24,,state-aware,82,0.9938,0.9932,,OFF,not_sent_missed
1790653172.8023648,1790653185.5782874,6,1177,,state-aware,82,0.0,0.0,,OFF,not_sent_missed
1790653174.5740867,1790653187.612635,3,1176,,state-aware,82,0.9913,0.9938,,OFF,not_sent_missed
1790653175.589696,1790653187.9605992,5,1176,,state-aware,82,0.7029,0.0,,OFF,not_sent_missed
1790653181.7653203,1790653193.9623814,4,1165,,state-aware,82,0.9937,0.9942,,OFF,not_sent_missed
1790653181.014011,1790653194.27389,1,1178,,state-aware,82,0.9933,0.99,,OFF,not_sent_missed
1790653186.7500727,1790653199.9070666,7,1160,,state-aware,82,0.9925,0.9924,,ON,not_sent_missed
1790653187.4840772,1790653200.4389331,8,113,,state-aware,82,0.9942,0.9925,,ON,not_sent_missed
1790653193.978975,1790653200.9300017,2,25,,state-aware,82,0.9926,0.9942,,ON,not_sent_missed
1790653189.5303004,1790653201.2492247,10,1175,,state-aware,82,0.0,0.6393,,ON,not_sent_missed
1790653191.6518931,1790653203.6993866,9,25,,state-aware,82,0.0,0.6564,,ON,not_sent_missed
1790653191.2327454,1790653203.7072835,5,1177,,state-aware,82,0.0,0.8959,,ON,not_sent_missed
1790653190.843626,1790653204.330667,3,1177,,state-aware,82,0.9259,0.0558,,ON,not_sent_missed
1790653197.1795382,1790653209.7482483,4,1166,,state-aware,82,0.9937,0.0,,ON,not_sent_missed
1790653204.1512737,1790653215.9959872,2,26,,state-aware,82,0.9926,0.6192,,ON,not_sent_missed
1790653206.9321322,1790653216.4028885,5,1178,2,state-aware,82,0.0,0.0016,,ON,success
1790653203.123737,1790653216.4207673,7,1161,,state-aware,82,0.9925,0.9926,,ON,not_sent_missed
1790653208.9858499,1790653216.5117757,8,114,2,state-aware,82,0.9942,0.0,,ON,failed
1790653204.4703832,1790653217.6146908,10,1176,,state-aware,82,0.0,0.0054,,ON,not_sent_missed
1790653212.9878678,1790653219.3590744,9,26,2,state-aware,82,0.0,0.695,,OFF,failed
1790653212.9886384,1790653220.1983047,3,1178,1,state-aware,82,0.0,0.0193,,OFF,failed
1790653212.9588795,1790653225.7385163,4,1167,1,state-aware,82,0.0,0.0,,OFF,failed
1790653218.924614,1790653228.903399,6,1180,2,state-aware,82,0.9885,0.9914,,OFF,success
1790653219.2198126,1790653229.2060099,2,27,2,state-aware,82,0.8943,0.0,,OFF,success
1790653219.6353776,1790653229.3912578,7,1162,2,state-aware,82,0.991,0.9926,,OFF,success
1790653224.9948642,1790653236.150092,5,1179,1,state-aware,82,0.2255,0.9286,,OFF,failed
1790653219.724631,1790653236.191304,8,115,,state-aware,82,0.9942,0.0,,OFF,not_sent_missed
1790653220.847411,1790653236.2070093,10,1177,1,state-aware,82,0.9943,0.9943,,OFF,success
1790653222.6903815,1790653236.2437232,9,27,2,state-aware,82,0.9938,0.9939,,OFF,success
1790653223.420368,1790653236.2697492,3,1179,2,state-aware,82,0.9105,0.9938,,OFF,success
1790653228.3325796,1790653237.9785573,1,1181,1,state-aware,82,0.99,0.9933,,OFF,success
1790653228.958184,1790653242.3925984,4,1168,1,state-aware,82,0.9915,0.9932,,OFF,failed
1790653232.0979977,1790653244.335498,6,1181,1,state-aware,82,0.3667,0.0974,,OFF,failed
1790653238.000204,1790653245.461529,7,1163,,state-aware,82,0.9932,0.9943,,OFF,not_sent_missed
1790653239.233381,1790653247.3143687,10,1178,,state-aware,82,0.9942,0.9943,,ON,not_sent_missed
1790653239.1804063,1790653247.6135545,5,1180,,state-aware,82,0.9931,0.9286,,ON,not_sent_missed
1790653245.0032115,1790653247.9092138,8,116,,state-aware,82,0.9933,0.985,,ON,not_sent_missed
1790653239.2643528,1790653248.762527,9,28,,state-aware,82,0.9938,0.9939,,ON,not_sent_missed
1790653239.2833087,1790653249.5597315,3,1180,,state-aware,82,0.9914,0.9938,,ON,not_sent_missed
1790653162.1668668,,9,23,1,state-aware,82,0.0,0.038,,OFF,unavailable
1790653241.1886973,1790653254.362085,1,1182,,state-aware,82,0.9925,0.9933,,ON,not_sent_missed
1790653245.414777,1790653255.59852,4,1169,,state-aware,82,0.9915,0.9453,,ON,not_sent_missed
1790653163.9683259,,10,1173,1,state-aware,82,0.9914,0.0001,,OFF,unavailable
1790653253.0064974,1790653260.213496,6,1182,,state-aware,82,0.0,0.0,,ON,not_sent_missed
1790653248.67378,1790653260.7487593,7,1164,,state-aware,82,0.0,0.0,,ON,not_sent_missed
1790653256.0109887,1790653262.4693186,8,117,,state-aware,82,0.016,0.0008,,OFF,not_sent_missed
1790653256.009858,1790653263.0925612,5,1181,,state-aware,82,0.0,0.9943,,OFF,not_sent_missed
1790653251.9726543,1790653263.406223,9,29,,state-aware,82,0.9938,0.9685,,ON,not_sent_missed
1790653256.008988,1790653263.4954524,10,1179,,state-aware,82,0.0,0.9902,,OFF,not_sent_missed
1790653252.762873,1790653264.9246898,3,1181,,state-aware,82,0.9914,0.9901,,ON,not_sent_missed
1790653257.5932782,1790653270.0335453,1,1183,,state-aware,82,0.0,0.0,,OFF,not_sent_missed
1790653258.8149958,1790653270.4678996,4,1170,,state-aware,82,0.9914,0.9933,,OFF,not_sent_missed
1790653262.9255202,1790653274.4415567,2,30,,state-aware,82,0.9932,0.9937,,OFF,not_sent_missed
1790653263.4491973,1790653275.1529253,6,1183,,state-aware,82,0.0,0.5758,,OFF,not_sent_missed
1790653263.9776115,1790653276.5073464,7,1165,,state-aware,82,0.9922,0.9914,,OFF,not_sent_missed
1790653265.6923516,1790653278.0336463,8,118,,state-aware,82,0.9938,0.9925,,OFF,not_sent_missed
1790653266.6184964,1790653278.8477843,9,30,,state-aware,82,0.6111,0.0,,OFF,not_sent_missed
1790653266.2862275,1790653279.2534034,5,1182,,state-aware,82,0.9901,0.9915,,OFF,not_sent_missed
1790653266.713931,1790653279.8731515,10,1180,,state-aware,82,0.9904,0.9932,,OFF,not_sent_missed
1790653273.2624578,1790653282.875494,1,1184,1,state-aware,82,0.0555,0.0,,OFF,success
1790653273.6827528,1790653286.922828,4,1171,2,state-aware,82,0.99,0.9914,,OFF,failed
1790653278.377247,1790653287.9917617,6,1184,2,state-aware,82,0.9914,0.9932,,OFF,success
1790653281.2386913,1790653291.9734318,8,119,2,state-aware,82,0.9931,0.9914,,OFF,success
1790653279.7394404,1790653292.4629478,7,1166,2,state-aware,82,0.9925,0.9933,,OFF,failed
1790653282.0803423,1790653292.5559,9,31,1,state-aware,82,0.9914,0.9914,,OFF,success
1790653283.1996498,1790653293.4086719,10,1181,2,state-aware,82,0.9914,0.9914,,OFF,success
1790653282.471129,1790653294.0072904,5,1183,2,state-aware,82,0.9914,0.0,,OFF,success
1790653286.1605253,1790653296.8658729,1,1185,2,state-aware,82,0.9925,0.9925,,OFF,success
1790653291.2132173,1790653301.6591377,6,1185,1,state-aware,82,0.9926,0.9932,,OFF,success
1790653290.1646285,1790653302.841523,4,1172,1,state-aware,82,0.9923,0.9932,,OFF,failed
1790653301.0387871,1790653306.720907,7,1167,,state-aware,82,0.9821,0.9933,,ON,not_sent_missed
1790653297.2227118,1790653307.1074407,5,1184,1,state-aware,82,0.9932,0.9942,,OFF,success
1790653301.0397778,1790653307.7291455,9,32,,state-aware,82,0.9925,0.9932,,ON,not_sent_missed
1790653300.037024,1790653307.737264,8,120,,state-aware,82,0.0166,0.0,,ON,not_sent_missed
1790653298.5510828,1790653308.235691,3,1184,1,state-aware,82,0.9899,0.9943,,OFF,success
1790653300.1947334,1790653312.9528382,1,1186,,state-aware,82,0.9932,0.9899,,ON,not_sent_missed
1790653353.6293461,1790653364.34324,2,36,1,state-aware,41,0.9932,0.9925,,OFF,success
1790653356.1018744,1790653366.4163945,5,1188,1,state-aware,41,0.0,0.0,,OFF,success
1790653357.4110456,1790653367.9183934,9,36,1,state-aware,41,0.9908,0.8979,,OFF,success
1790653361.5524275,1790653369.6764102,10,1186,2,state-aware,41,0.9941,0.993,,OFF,failed
1790653358.5770817,1790653369.987487,3,1188,1,state-aware,41,0.9925,0.9914,,OFF,success
1790653358.9716856,1790653370.4223177,8,124,2,state-aware,41,0.9932,0.9932,,OFF,success
1790653362.590197,1790653373.9635518,1,1190,2,state-aware,41,0.9931,0.9925,,OFF,success
1790653367.0754178,1790653377.5585146,6,1190,2,state-aware,41,0.9942,0.9914,,OFF,success
1790653367.5769982,1790653379.282116,2,37,,state-aware,41,0.9933,0.9932,,OFF,not_sent_missed
1790653367.9718046,1790653380.0008597,4,1177,,state-aware,41,0.9925,0.9916,,OFF,not_sent_missed
1790653369.6366458,1790653381.1698341,5,1189,,state-aware,41,0.9915,0.9915,,OFF,not_sent_missed
1790653371.154567,1790653383.1790867,9,37,,state-aware,41,0.9933,0.9915,,OFF,not_sent_missed
1790653372.8933835,1790653385.13894,10,1187,,state-aware,41,0.9925,0.9924,,OFF,not_sent_missed
1790653378.5600963,1790653385.537036,3,1189,,state-aware,41,0.9925,0.0,,ON,not_sent_missed
1790653373.118068,1790653385.7792811,7,1172,,state-aware,41,0.9671,0.0001,,OFF,not_sent_missed
1790653373.653802,1790653386.3733299,8,125,,state-aware,41,0.9942,0.9938,,ON,not_sent_missed
1790653377.1229725,1790653388.9111059,1,1191,,state-aware,41,0.9931,0.9878,,ON,not_sent_missed
1790653380.7811854,1790653392.1982841,6,1191,,state-aware,41,0.0,0.9933,,ON,not_sent_missed
1790653382.5267289,1790653394.4514258,2,38,,state-aware,41,0.0302,0.0082,,ON,not_sent_missed
1790653383.036877,1790653396.197231,4,1178,,state-aware,41,0.9925,0.991,,ON,not_sent_missed
1790653384.4405048,1790653397.664303,5,1190,,state-aware,41,0.9915,0.9938,,ON,not_sent_missed
1790653386.4262261,1790653398.1658154,9,38,,state-aware,41,0.9933,0.9932,,ON,not_sent_missed
1790653394.5774107,1790653400.7225587,3,1190,,state-aware,41,0.9925,0.9777,,OFF,not_sent_missed
1790653393.5735302,1790653401.1404328,10,1188,,state-aware,41,0.9925,0.8534,,OFF,not_sent_missed
1790653389.571458,1790653401.6499834,8,126,,state-aware,41,0.0,0.0054,,OFF,not_sent_missed
1790653392.0850952,1790653405.2191143,1,1192,,state-aware,41,0.9925,0.9915,,OFF,not_sent_missed
1790653395.4312043,1790653408.5191472,6,1192,,state-aware,41,0.9932,0.9933,,OFF,not_sent_missed
1790653399.3430808,1790653410.741104,4,1179,,state-aware,41,0.9915,0.9933,,OFF,not_sent_missed
1790653397.6790233,1790653411.27621,2,39,,state-aware,41,0.9914,0.9914,,OFF,not_sent_missed
1790653401.3908658,1790653413.4285393,9,39,,state-aware,41,0.9914,0.9938,,OFF,not_sent_missed
1790653400.8861356,1790653413.6418316,5,1191,,state-aware,41,0.9938,0.9926,,OFF,not_sent_missed
1790653403.9444048,1790653415.3390698,3,1191,,state-aware,41,0.0,0.0,,OFF,not_sent_missed
1790653404.3477387,1790653416.473379,10,1189,,state-aware,41,0.6547,0.0,,OFF,not_sent_missed
1790653404.887243,1790653416.88439,8,127,,state-aware,41,0.9909,0.9921,,OFF,not_sent_missed
1790653408.4483724,1790653420.4652114,1,1193,,state-aware,41,0.9915,0.9915,,OFF,not_sent_missed
1790653411.7933238,1790653424.991304,6,1193,,state-aware,41,0.9915,0.9933,,OFF,not_sent_missed
1790653419.58452,1790653431.8738642,4,1180,1,state-aware,41,0.0,0.0,,ON,failed
1790653421.5874462,1790653431.8855538,9,40,2,state-aware,41,0.9914,0.9901,,ON,failed
1790653418.5657458,1790653431.9014208,3,1192,1,state-aware,41,0.0,0.0054,,ON,failed
1790653419.6965907,1790653432.2945566,10,1190,1,state-aware,41,0.0,0.0008,,ON,failed
1790653419.5852346,1790653436.284874,2,40,2,state-aware,41,0.9942,0.9925,,ON,failed
1790653416.959866,1790653436.3875463,5,1192,1,state-aware,41,0.0,0.9697,,ON,failed
1790653420.1926038,1790653436.441216,8,128,,state-aware,41,0.9909,0.9849,,ON,not_sent_missed
1790653425.5907838,1790653436.4601183,7,1175,,state-aware,41,0.9921,0.9926,,ON,not_sent_missed
1790653423.6848354,1790653436.477251,1,1194,2,state-aware,41,0.0001,0.8945,,ON,failed
1790653428.2088518,1790653440.4785376,6,1194,2,state-aware,41,0.0,0.9809,,UNKNOWN,failed
1790653439.3159342,1790653441.195353,2,41,,state-aware,41,0.9942,0.9925,,OFF,not_sent_missed
1790653439.3414633,1790653442.9253325,4,1181,,state-aware,41,0.0723,0.7909,,OFF,not_sent_missed
1790653439.37928,1790653444.2555983,9,41,,state-aware,41,0.0,0.7262,,OFF,not_sent_missed
1790653439.408908,1790653445.2793024,5,1193,,state-aware,41,0.0,0.9922,,OFF,not_sent_missed
1790653439.429363,1790653445.9962249,3,1193,,state-aware,41,0.0,0.9914,,OFF,not_sent_missed
1790653439.4564567,1790653446.6142833,8,129,,state-aware,41,0.9909,0.8689,,OFF,not_sent_missed
1790653444.5965278,1790653447.5558338,10,1191,,state-aware,41,0.0279,0.7745,,OFF,not_sent_missed
1790653439.4737146,1790653447.8369622,7,1176,,state-aware,41,0.9921,0.0001,,OFF,not_sent_missed
1790653439.5785515,1790653452.2350645,1,1195,,state-aware,41,0.3111,0.8478,,OFF,not_sent_missed
1790653444.4125502,1790653455.9318292,2,42,,state-aware,41,0.9926,0.9938,,OFF,not_sent_missed
1790653443.673705,1790653456.959506,6,1195,,state-aware,41,0.9941,0.9925,,OFF,not_sent_missed
1790653446.1693676,1790653459.1420574,4,1182,,state-aware,41,0.9899,0.9925,,OFF,not_sent_missed
1790653447.481816,1790653459.8401651,9,42,,state-aware,41,0.9916,0.9939,,OFF,not_sent_missed
1790653448.502955,1790653460.339507,5,1194,,state-aware,41,0.9916,0.9939,,OFF,not_sent_missed
1790653449.2155807,1790653461.3773253,3,1194,,state-aware,41,0.9925,0.9915,,OFF,not_sent_missed
1790653451.0561883,1790653462.4231782,7,1177,,state-aware,41,0.9855,0.9917,,OFF,not_sent_missed
1790653449.8371432,1790653463.211683,8,130,,state-aware,41,0.9925,0.9925,,OFF,not_sent_missed
1790653456.6016142,1790653463.696385,10,1192,,state-aware,41,0.9839,0.9937,,OFF,not_sent_missed
1790653455.389359,1790653468.3205664,1,1196,,state-aware,41,0.9924,0.9931,,OFF,not_sent_missed
1790653459.18082,1790653471.9249945,2,43,,state-aware,41,0.9925,0.9925,,OFF,not_sent_missed
1790653468.606734,1790653474.6544394,9,43,,state-aware,41,0.9901,0.9932,,OFF,not_sent_missed
1790653462.3592932,1790653475.7020586,4,1183,,state-aware,41,0.9901,0.9914,,OFF,not_sent_missed
1790653468.6081402,1790653476.367696,5,1195,,state-aware,41,0.9938,0.9937,,OFF,not_sent_missed
1790653464.5684307,1790653477.4505732,3,1195,,state-aware,41,0.9924,0.9925,,OFF,not_sent_missed
1790653465.633407,1790653477.7377365,7,1178,,state-aware,41,0.9944,0.9941,,OFF,not_sent_missed
1790653466.5140734,1790653478.2489207,8,131,,state-aware,41,0.9938,0.9925,,OFF,not_sent_missed
1790653466.9529798,1790653478.6651678,10,1193,,state-aware,41,0.9924,0.9931,,OFF,not_sent_missed
1790653471.5503056,1790653485.0268705,1,1197,,state-aware,41,0.9933,0.9924,,OFF,not_sent_missed
1790653477.9141595,1790653487.7820818,9,44,1,state-aware,41,0.9916,0.9938,,OFF,success
1790653475.2471063,1790653488.1089294,2,44,,state-aware,41,0.0,0.0,,OFF,not_sent_missed
1790653479.3444705,1790653489.028671,4,1184,1,state-aware,41,0.9915,0.9936,,OFF,success
1790653480.8631382,1790653490.8650017,7,1179,2,state-aware,41,0.9926,0.9938,,OFF,success
1790653479.5698166,1790653491.888876,5,1196,,state-aware,41,0.9931,0.9938,,OFF,not_sent_missed
1790653485.6159887,1790653492.5771134,3,1196,2,state-aware,41,0.9925,0.9925,,OFF,failed
1790653486.6179163,1790653493.2407422,8,132,1,state-aware,41,0.9938,0.0,,OFF,failed
1790653487.6197693,1790653494.6368828,10,1194,2,state-aware,41,0.99,0.9915,,OFF,failed
1790653488.2272818,1790653498.9489827,1,1198,1,state-aware,41,0.9931,0.9942,,OFF,success
1790653490.5031762,1790653500.0814333,6,1198,2,state-aware,41,0.9523,0.0,,OFF,success
1790653491.3258684,1790653503.0465405,2,45,,state-aware,41,0.9938,0.9899,,ON,not_sent_missed
1790653496.6238956,1790653503.7651017,9,45,,state-aware,41,0.9938,0.9925,,ON,not_sent_missed
1790653492.1547837,1790653505.4993467,4,1185,,state-aware,41,0.9914,0.9938,,ON,not_sent_missed
1790653494.0735128,1790653506.8409574,7,1180,,state-aware,41,0.0,0.0,,ON,not_sent_missed
1790653495.1099353,1790653507.562691,5,1197,,state-aware,41,0.9931,0.9774,,ON,not_sent_missed
1790653495.7925189,1790653507.983065,3,1197,,state-aware,41,0.0,0.0,,ON,not_sent_missed
1790653496.4573426,1790653508.9771333,8,133,,state-aware,41,0.0082,0.8954,,ON,not_sent_missed
1790653497.853077,1790653509.9903297,10,1195,,state-aware,41,0.2168,0.0106,,ON,not_sent_missed
1790653502.1561685,1790653514.107349,1,1199,,state-aware,41,0.9931,0.9585,,ON,not_sent_missed
1790653503.3086033,1790653516.4364321,6,1199,,state-aware,41,0.0,0.945,,ON,not_sent_missed
1790653506.2635677,1790653519.2412293,2,46,,state-aware,41,0.9938,0.3873,,ON,not_sent_missed
1790653508.7131567,1790653520.1333444,4,1186,,state-aware,41,0.9914,0.9923,,ON,not_sent_missed
1790653516.6362097,1790653522.4932096,3,1198,,state-aware,41,0.0,0.0,,OFF,not_sent_missed
1790653515.634069,1790653522.9868963,5,1198,,state-aware,41,0.0,0.929,,OFF,not_sent_missed
1790653512.1950142,1790653525.2503688,8,134,,state-aware,41,0.0,0.0016,,OFF,not_sent_missed
1790653513.233412,1790653526.418223,10,1196,,state-aware,41,0.7411,0.0,,OFF,not_sent_missed
1790653517.3085892,1790653528.7407012,1,1200,,state-aware,41,0.9925,0.9932,,OFF,not_sent_missed
1790653519.5693946,1790653532.4396682,6,1200,,state-aware,41,0.9881,0.9938,,OFF,not_sent_missed
1790653522.4375265,1790653533.9655848,2,47,,state-aware,41,0.9924,0.9932,,OFF,not_sent_missed
1790653523.3533173,1790653534.8037055,4,1187,,state-aware,41,0.0098,0.9923,,OFF,not_sent_missed
1790653525.7100163,1790653537.8716757,3,1199,,state-aware,41,0.0,0.0,,OFF,not_sent_missed
1790653526.1670942,1790653538.7806911,5,1199,,state-aware,41,0.9942,0.9942,,OFF,not_sent_missed
1790653528.519419,1790653540.8413932,8,135,,state-aware,41,0.9916,0.9925,,OFF,not_sent_missed
1790653529.6117876,1790653543.106769,10,1197,,state-aware,41,0.9939,0.9915,,OFF,not_sent_missed
1790653531.9617264,1790653544.6228516,1,1201,,state-aware,41,0.9915,0.9915,,OFF,not_sent_missed
1790653538.0304618,1790653547.3927696,4,1188,1,state-aware,41,0.9938,0.9915,,OFF,success
1790653535.5854967,1790653548.512808,6,1201,,state-aware,41,0.99,0.9933,,OFF,not_sent_missed
1790653537.184643,1790653549.037235,2,48,,state-aware,41,0.9933,0.9925,,OFF,not_sent_missed
1790653539.4549801,1790653550.6390407,9,48,1,state-aware,41,0.9938,0.9938,,OFF,success
1790653541.0845478,1790653552.3142085,3,1200,2,state-aware,41,0.9933,0.9901,,OFF,success
1790653542.122578,1790653554.0330563,7,1183,,state-aware,41,0.9926,0.9926,,OFF,not_sent_missed
1790653547.6507456,1790653554.9803574,5,1200,2,state-aware,41,0.99,0.9915,,OFF,failed
1790653544.066224,1790653555.7737577,8,136,,state-aware,41,0.9938,0.9933,,OFF,not_sent_missed
1790653546.295962,1790653557.5373764,10,1198,2,state-aware,41,0.9933,0.9933,,OFF,success
1790653547.8560014,1790653558.9604056,1,1202,1,state-aware,41,0.9914,0.99,,OFF,success
1790653550.5954826,1790653560.6234853,4,1189,2,state-aware,41,0.99,0.99,,OFF,success
1790653551.7387033,1790653561.13612,6,1202,1,state-aware,41,0.9933,0.9925,,OFF,success
1790653557.656288,1790653564.4121387,2,49,,state-aware,41,0.9938,0.9933,,ON,not_sent_missed
1790653553.8089874,1790653565.4231777,9,49,,state-aware,41,0.99,0.9925,,OFF,not_sent_missed
1790653555.5446317,1790653568.1736107,3,1201,,state-aware,41,0.9932,0.9942,,OFF,not_sent_missed
1790653557.265724,1790653568.9216022,7,1184,,state-aware,41,0.9914,0.9925,,ON,not_sent_missed
1790653558.2019122,1790653570.2409484,5,1201,,state-aware,41,0.9915,0.9933,,ON,not_sent_missed
1790653559.1234417,1790653571.752339,8,137,,state-aware,41,0.9925,0.9932,,ON,not_sent_missed
1790653560.7348053,1790653572.4751112,10,1199,,state-aware,41,0.0,0.9862,,ON,not_sent_missed
1790653562.2000709,1790653574.6357768,1,1203,,state-aware,41,0.9914,0.9816,,ON,not_sent_missed
1790653563.8936217,1790653575.8361864,4,1190,,state-aware,41,0.99,0.9933,,ON,not_sent_missed
1790653564.3482451,1790653577.687296,6,1203,,state-aware,41,0.0,0.9546,,ON,not_sent_missed
1790653567.442874,1790653579.1068966,2,50,,state-aware,41,0.9938,0.991,,OFF,not_sent_missed
1790653568.6247332,1790653581.5785487,9,50,,state-aware,41,0.9881,0.9937,,OFF,not_sent_missed
1790653571.4034755,1790653583.650462,3,1202,,state-aware,41,0.9933,0.9932,,OFF,not_sent_missed
1790653572.1912808,1790653583.7454224,7,1185,,state-aware,41,0.9915,0.9915,,OFF,not_sent_missed
1790653629.247624,1790653636.3920963,8,141,1,state-aware,42,0.989,0.9878,,OFF,failed
1790653626.5806444,1790653637.2238805,4,1194,2,state-aware,42,0.9914,0.9925,,OFF,success
1790653626.099727,1790653638.7344437,1,1207,2,state-aware,42,0.0,0.0,,OFF,failed
1790653629.5528393,1790653642.4139268,2,54,2,state-aware,42,0.0,0.0,,OFF,failed
1790653631.4998128,1790653642.926581,9,54,1,state-aware,42,0.9933,0.9925,,OFF,success
1790653633.356529,1790653644.6933858,3,1206,2,state-aware,42,0.9915,0.9926,,OFF,success
1790653635.224584,1790653646.302832,7,1189,1,state-aware,42,0.9926,0.9932,,OFF,success
1790653636.9580333,1790653646.6079516,10,1204,1,state-aware,42,0.9925,0.9933,,OFF,success
1790653643.2509487,1790653650.1032124,5,1206,,state-aware,42,0.9931,0.9931,,OFF,not_sent_missed
1790653639.6063747,1790653651.015233,8,142,,state-aware,42,0.9942,0.9925,,OFF,not_sent_missed
1790653640.4409647,1790653653.4549344,4,1195,,state-aware,42,0.9933,0.9926,,OFF,not_sent_missed
1790653641.9556124,1790653654.394998,1,1208,,state-aware,42,0.9923,0.9914,,OFF,not_sent_missed
1790653644.9143841,1790653657.7725441,6,1208,,state-aware,42,0.9933,0.9915,,OFF,not_sent_missed
1790653651.282247,1790653658.5813382,9,55,,state-aware,42,0.9915,0.9933,,OFF,not_sent_missed
1790653645.630909,1790653659.0046132,2,55,,state-aware,42,0.8169,0.0,,OFF,not_sent_missed
1790653647.913457,1790653660.8287094,3,1207,,state-aware,42,0.9933,0.9933,,OFF,not_sent_missed
1790653649.5255227,1790653661.463746,7,1190,,state-aware,42,0.0,0.9915,,OFF,not_sent_missed
1790653649.8319738,1790653662.69924,10,1205,,state-aware,42,0.9925,0.9938,,OFF,not_sent_missed
1790653653.3175962,1790653666.6824822,5,1207,,state-aware,42,0.9938,0.9942,,OFF,not_sent_missed
1790653654.2846444,1790653667.1847858,8,143,,state-aware,42,0.9915,0.9915,,OFF,not_sent_missed
1790653657.6131427,1790653669.2502658,1,1209,,state-aware,42,0.9915,0.9933,,OFF,not_sent_missed
1790653656.6275725,1790653669.5938108,4,1196,,state-aware,42,0.9926,0.9925,,OFF,not_sent_missed
1790653662.2132683,1790653673.4313908,2,56,,state-aware,42,0.9931,0.9921,,OFF,not_sent_missed
1790653661.7621107,1790653673.9368203,9,56,,state-aware,42,0.9932,0.9944,,OFF,not_sent_missed
1790653660.9909089,1790653674.2872956,6,1209,,state-aware,42,0.9943,0.9942,,OFF,not_sent_missed
1790653663.9925938,1790653676.1016192,3,1208,,state-aware,42,0.9925,0.9933,,ON,not_sent_missed
1790653664.672374,1790653677.0284088,7,1191,,state-aware,42,0.9915,0.9925,,ON,not_sent_missed
1790653665.9199789,1790653679.0940468,10,1206,,state-aware,42,0.9915,0.9933,,ON,not_sent_missed
1790653669.8910704,1790653682.5621054,5,1208,,state-aware,42,0.9938,0.9804,,ON,not_sent_missed
1790653670.4059293,1790653683.0627801,8,144,,state-aware,42,0.9915,0.9924,,ON,not_sent_missed
1790653672.590246,1790653684.7093394,1,1210,,state-aware,42,0.0,0.2297,,ON,not_sent_missed
1790653672.7746654,1790653686.0268874,4,1197,,state-aware,42,0.0,0.6813,,ON,not_sent_missed
1790653676.6811326,1790653689.6627572,2,57,,state-aware,42,0.0,0.9353,,ON,not_sent_missed
1790653677.2836428,1790653689.9524493,9,57,,state-aware,42,0.9932,0.1432,,ON,not_sent_missed
1790653677.3641617,1790653690.2789636,6,1210,,state-aware,42,0.0,0.8725,,ON,not_sent_missed
1790653680.2493298,1790653691.8988214,7,1192,,state-aware,42,0.0003,0.0,,OFF,not_sent_missed
1790653679.3232887,1790653692.51853,3,1209,,state-aware,42,0.9925,0.994,,ON,not_sent_missed
1790653682.2156813,1790653695.2841458,10,1207,,state-aware,42,0.8954,0.9943,,OFF,not_sent_missed
1790653688.1182482,1790653698.212325,1,1211,2,state-aware,42,0.9931,0.9925,,OFF,success
1790653685.847512,1790653698.3287654,5,1209,,state-aware,42,0.9509,0.0096,,OFF,not_sent_missed
1790653691.271549,1790653698.8544688,8,145,2,state-aware,42,0.9941,0.9925,,OFF,failed
1790653689.2490761,1790653700.1827881,4,1198,1,state-aware,42,0.9942,0.9924,,OFF,success
1790653693.1506543,1790653703.1173747,9,58,2,state-aware,42,0.9915,0.9901,,OFF,success
1790653692.886065,1790653703.2681534,2,58,1,state-aware,42,0.9912,0.9925,,OFF,success
1790653693.4894776,1790653704.2973485,6,1211,2,state-aware,42,0.9937,0.9925,,OFF,success
1790653695.7317827,1790653705.9057274,3,1210,1,state-aware,42,0.9942,0.9942,,OFF,success
1790653695.195317,1790653707.6656337,7,1193,,state-aware,42,0.9901,0.9926,,OFF,not_sent_missed
1790653698.4923716,1790653709.3069317,10,1208,1,state-aware,42,0.9915,0.9939,,OFF,success
1790653701.5373356,1790653713.677916,5,1210,,state-aware,42,0.0,0.0,,OFF,not_sent_missed
1790653702.079176,1790653714.095842,8,146,,state-aware,42,0.9925,0.9925,,OFF,not_sent_missed
1790653706.2817485,1790653714.709422,1,1212,,state-aware,42,0.9901,0.9901,,OFF,not_sent_missed
1790653703.5192115,1790653716.177191,4,1199,,state-aware,42,0.9926,0.9901,,OFF,not_sent_missed
1790653711.2848628,1790653719.5450816,9,59,,state-aware,42,0.9914,0.9937,,OFF,not_sent_missed
1790653706.4926643,1790653719.8333755,2,59,,state-aware,42,0.9871,0.99,,OFF,not_sent_missed
1790653709.123424,1790653722.5106637,3,1211,,state-aware,42,0.9944,0.9941,,OFF,not_sent_missed
1790653710.8792324,1790653723.82617,7,1194,,state-aware,42,0.9923,0.9932,,OFF,not_sent_missed
1790653712.5393443,1790653724.5372849,10,1209,,state-aware,42,0.9925,0.9925,,OFF,not_sent_missed
1790653722.2894595,1790653728.563143,8,147,,state-aware,42,0.9938,0.9932,,OFF,not_sent_missed
1790653716.903878,1790653729.6636438,5,1211,,state-aware,42,0.9597,0.0,,OFF,not_sent_missed
1790653717.9197311,1790653731.126073,1,1213,,state-aware,42,0.9882,0.9925,,OFF,not_sent_missed
1790653719.4008803,1790653732.5129166,4,1200,,state-aware,42,0.9925,0.9901,,OFF,not_sent_missed
1790653728.2934709,1790653735.3946452,9,60,,state-aware,42,0.0,0.0,,ON,not_sent_missed
1790653723.0491621,1790653736.217281,2,60,,state-aware,42,0.9938,0.9915,,ON,not_sent_missed
1790653725.7278016,1790653737.6537936,3,1212,,state-aware,42,0.9465,0.9882,,ON,not_sent_missed
1790653727.0339973,1790653738.9621053,7,1195,,state-aware,42,0.0,0.0004,,ON,not_sent_missed
1790653727.757779,1790653740.40458,10,1210,,state-aware,42,0.0,0.873,,ON,not_sent_missed
1790653731.7760234,1790653745.0199869,8,148,,state-aware,42,0.0,0.0494,,ON,not_sent_missed
1790653732.869027,1790653745.5318384,5,1212,,state-aware,42,0.9597,0.9574,,ON,not_sent_missed
1790653734.3286746,1790653747.0675566,1,1214,,state-aware,42,0.0,0.0053,,ON,not_sent_missed
1790653735.7264965,1790653747.1565375,4,1201,,state-aware,42,0.0553,0.9941,,ON,not_sent_missed
1790653737.9253068,1790653750.1385982,6,1214,,state-aware,42,0.0,0.6836,,ON,not_sent_missed
1790653738.621198,1790653751.4009328,9,61,,state-aware,42,0.0,0.4227,,ON,not_sent_missed
1790653739.4312747,1790653752.1228063,2,61,,state-aware,42,0.9938,0.9911,,ON,not_sent_missed
1790653740.8784206,1790653752.9275904,3,1213,,state-aware,42,0.0,0.0,,OFF,not_sent_missed
1790653743.7342699,1790653755.1415217,10,1211,,state-aware,42,0.9933,0.9901,,OFF,not_sent_missed
1790653742.3206072,1790653755.371635,7,1196,,state-aware,42,0.0,0.9312,,OFF,not_sent_missed
1790653748.2385695,1790653759.558483,8,149,2,state-aware,42,0.9908,0.9922,,OFF,success
1790653750.3831427,1790653760.8040054,4,1202,1,state-aware,42,0.9938,0.9938,,OFF,success
1790653748.7539117,1790653761.5048974,5,1213,,state-aware,42,0.9938,0.9933,,OFF,not_sent_missed
1790653755.3040006,1790653762.9379146,1,1215,2,state-aware,42,0.8535,0.8902,,OFF,failed
1790653753.3580055,1790653764.067981,6,1215,1,state-aware,42,0.994,0.9932,,OFF,success
1790653754.6794317,1790653764.679737,9,62,2,state-aware,42,0.9915,0.9925,,OFF,success
1790653755.3370273,1790653765.190326,2,62,2,state-aware,42,0.9925,0.9942,,OFF,success
1790653756.1527953,1790653767.0552006,3,1214,1,state-aware,42,0.9915,0.9938,,OFF,success
1790653758.5923865,1790653767.8542445,7,1197,1,state-aware,42,0.9931,0.9913,,OFF,success
1790653758.368517,1790653771.2708824,10,1212,,state-aware,42,0.9933,0.9932,,OFF,not_sent_missed
1790653762.7805588,1790653776.0607638,8,150,,state-aware,42,0.9938,0.9925,,OFF,not_sent_missed
1790653764.0113735,1790653776.7624276,4,1203,,state-aware,42,0.9915,0.9938,,OFF,not_sent_missed
1790653764.7357533,1790653778.0991807,5,1214,,state-aware,42,0.9915,0.9933,,OFF,not_sent_missed
1790653766.1708398,1790653778.6428027,1,1216,,state-aware,42,0.9914,0.9925,,OFF,not_sent_missed
1790653767.2850435,1790653779.8572912,6,1216,,state-aware,42,0.9916,0.9915,,OFF,not_sent_missed
1790653773.3124442,1790653780.1619308,2,63,,state-aware,42,0.9925,0.9926,,OFF,not_sent_missed
1790653773.311586,1790653780.653238,9,63,,state-aware,42,0.0,0.0,,OFF,not_sent_missed
1790653770.285555,1790653782.9070723,3,1215,,state-aware,42,0.9926,0.9901,,OFF,not_sent_missed
1790653771.0766387,1790653783.9612134,7,1198,,state-aware,42,0.9933,0.9914,,OFF,not_sent_missed
1790653774.4591079,1790653786.3841233,10,1213,,state-aware,42,0.9942,0.9932,,OFF,not_sent_missed
1790653779.266186,1790653790.800162,8,151,,state-aware,42,0.9933,0.9933,,ON,not_sent_missed
1790653779.9920523,1790653792.7670379,4,1204,,state-aware,42,0.9924,0.9913,,ON,not_sent_missed
1790653781.3060431,1790653793.4867616,5,1215,,state-aware,42,0.002,0.0008,,ON,not_sent_missed
1790653787.3185277,1790653793.9867773,1,1217,,state-aware,42,0.9914,0.9857,,ON,not_sent_missed
1790653783.0394733,1790653795.0861068,6,1217,,state-aware,42,0.0,0.9747,,ON,not_sent_missed
1790653783.3557541,1790653796.1217933,2,64,,state-aware,42,0.0,0.9857,,ON,not_sent_missed
1790653783.8867707,1790653797.1527398,9,64,,state-aware,42,0.0,0.8661,,ON,not_sent_missed
1790653786.131555,1790653799.0126052,3,1216,,state-aware,42,0.0001,0.0082,,ON,not_sent_missed
1790653787.2374673,1790653800.524617,7,1199,,state-aware,42,0.9933,0.9938,,ON,not_sent_missed
1790653789.6012998,1790653802.4966102,10,1214,,state-aware,42,0.9942,0.9658,,ON,not_sent_missed
1790653794.0058415,1790653806.760798,8,152,,state-aware,42,0.0,0.0004,,ON,not_sent_missed
1790653795.950148,1790653808.1902652,4,1205,,state-aware,42,0.0,0.0078,,OFF,not_sent_missed
1790653796.6986568,1790653808.6094332,5,1216,,state-aware,42,0.0,0.1847,,OFF,not_sent_missed
1790653797.1916068,1790653809.3463433,1,1218,,state-aware,42,0.0,0.3836,,OFF,not_sent_missed
1790653798.2993681,1790653811.2018182,6,1218,,state-aware,42,0.9861,0.9938,,OFF,not_sent_missed
1790653800.391945,1790653811.9967341,9,65,,state-aware,42,0.9937,0.9943,,OFF,not_sent_missed
1790653799.3481596,1790653812.600071,2,65,,state-aware,42,0.9938,0.9925,,OFF,not_sent_missed
1790653802.2345145,1790653815.2654097,3,1217,,state-aware,42,0.9933,0.9932,,OFF,not_sent_missed
1790653803.7406135,1790653816.4898605,7,1200,,state-aware,42,0.9937,0.9942,,OFF,not_sent_missed
1790653805.683385,1790653817.504513,10,1215,,state-aware,42,0.9944,0.9933,,OFF,not_sent_missed
1790653810.00621,1790653821.1043,8,153,2,state-aware,42,0.9915,0.9925,,OFF,success
1790653811.8293173,1790653823.5925264,5,1217,,state-aware,42,0.9925,0.9914,,OFF,not_sent_missed
1790653812.5760283,1790653824.5049753,1,1219,,state-aware,42,0.9925,0.9938,,OFF,not_sent_missed
1790653815.2022793,1790653825.1812904,9,66,2,state-aware,42,0.9925,0.9914,,OFF,success
1790653814.433373,1790653825.3878646,6,1219,1,state-aware,42,0.9925,0.9915,,OFF,success
1790653815.853104,1790653826.830142,2,66,2,state-aware,42,0.9925,0.9933,,OFF,success
1790653818.5935547,1790653829.0923166,3,1218,2,state-aware,42,0.9915,0.9933,,OFF,success
1790653819.7113247,1790653829.696936,7,1201,1,state-aware,42,0.9916,0.9915,,OFF,success
1790653820.6535847,1790653830.8450124,10,1216,1,state-aware,42,0.9943,0.9931,,OFF,success
1790653824.3322163,1790653837.3829412,8,154,,state-aware,42,0.9944,0.9938,,OFF,not_sent_missed
1790653826.8166943,1790653839.5377777,5,1218,,state-aware,42,0.9901,0.9933,,OFF,not_sent_missed
1790653828.3428793,1790653840.5743206,9,67,,state-aware,42,0.99,0.9914,,ON,not_sent_missed
1790653827.693268,1790653841.2008069,1,1220,,state-aware,42,0.2804,0.0,,OFF,not_sent_missed
1790653828.615261,1790653841.590156,6,1220,,state-aware,42,0.9938,0.9933,,ON,not_sent_missed
1790653830.1555595,1790653842.2291589,2,67,,state-aware,42,0.9925,0.9925,,ON,not_sent_missed
1790653832.2999637,1790653844.9940174,3,1219,,state-aware,42,0.0,0.4367,,ON,not_sent_missed
1790653832.9249089,1790653845.569105,7,1202,,state-aware,42,0.9881,0.9925,,ON,not_sent_missed
1790653834.0565138,1790653845.8828473,10,1217,,state-aware,42,0.9943,0.9932,,ON,not_sent_missed
1790653840.596656,1790653852.8571572,8,155,,state-aware,42,0.0,0.0788,,ON,not_sent_missed
1790653842.849659,1790653854.5171118,5,1219,,state-aware,42,0.6054,0.4672,,ON,not_sent_missed
1790653848.3593147,1790653855.7086077,4,1208,,state-aware,42,0.0,0.0,,ON,not_sent_missed
1790653849.361029,1790653855.8222249,9,68,,state-aware,42,0.99,0.9914,,ON,not_sent_missed
1790653896.5218742,1790653907.8186574,7,1206,2,state-aware,21,0.9914,0.9938,,ON,success
1790653898.2409706,1790653909.4040244,10,1221,2,state-aware,21,0.9,0.9942,,ON,success
1790653903.9016986,1790653913.8839777,8,159,1,state-aware,21,0.0001,0.86,,OFF,success
1790653905.0227268,1790653926.8029864,5,1223,1,state-aware,21,0.0,0.9761,,OFF,success
1790653905.5159557,1790653926.8458762,6,1225,,state-aware,21,0.0,0.987,,OFF,not_sent_missed
1790653911.3305035,1790653926.8759685,9,72,,state-aware,21,0.9,0.0,,OFF,not_sent_missed
1790653906.157817,1790653926.893013,1,1225,,state-aware,21,0.9,0.2971,,OFF,not_sent_missed
1790653912.332035,1790653926.9123807,4,1212,,state-aware,21,0.9878,0.9878,,OFF,not_sent_missed
1790653914.3339229,1790653926.931471,3,1224,,state-aware,21,0.9921,0.993,,OFF,not_sent_missed
1790653909.2407627,1790653926.9485261,2,72,,state-aware,21,0.9925,0.9854,,OFF,not_sent_missed
1790653911.0018976,1790653926.967536,7,1207,,state-aware,21,0.9926,0.9933,,OFF,not_sent_missed
1790653912.5930576,1790653926.9862924,10,1222,,state-aware,21,0.9925,0.9925,,OFF,not_sent_missed
1790653917.1082041,1790653930.1707697,8,160,,state-aware,21,0.9942,0.9925,,OFF,not_sent_missed
1790653929.83397,1790653931.5779457,5,1224,,state-aware,21,0.9925,0.9942,,OFF,not_sent_missed
1790653929.870582,1790653932.6104,6,1226,,state-aware,21,0.9932,0.9932,,OFF,not_sent_missed
1790653929.8894813,1790653933.1288626,9,73,,state-aware,21,0.9925,0.9931,,OFF,not_sent_missed
1790653929.90686,1790653933.6745253,1,1226,,state-aware,21,0.9932,0.9938,,OFF,not_sent_missed
1790653929.926055,1790653934.1674576,4,1213,,state-aware,21,0.9924,0.9941,,OFF,not_sent_missed
1790653929.9449782,1790653937.1275058,3,1225,,state-aware,21,0.9901,0.99,,OFF,not_sent_missed
1790653929.962178,1790653937.5287237,2,73,,state-aware,21,0.9933,0.9924,,OFF,not_sent_missed
1790653929.980992,1790653938.799542,7,1208,,state-aware,21,0.9933,0.9915,,OFF,not_sent_missed
1790653929.9998229,1790653940.7475789,10,1223,,state-aware,21,0.9901,0.9901,,OFF,not_sent_missed
1790653933.3844514,1790653946.3387077,8,161,,state-aware,21,0.9944,0.9931,,OFF,not_sent_missed
1790653934.7889202,1790653947.6627378,5,1225,,state-aware,21,0.9942,0.9933,,OFF,not_sent_missed
1790653935.8461049,1790653949.2017915,6,1227,,state-aware,21,0.9925,0.9938,,OFF,not_sent_missed
1790653936.3526745,1790653949.7132788,9,74,,state-aware,21,0.8388,0.6462,,OFF,not_sent_missed
1790653940.342216,1790653952.1982098,3,1226,,state-aware,21,0.9915,0.9901,,OFF,not_sent_missed
1790653940.76228,1790653952.4017305,2,74,,state-aware,21,0.9937,0.9925,,OFF,not_sent_missed
1790653942.0171778,1790653953.9256744,7,1209,,state-aware,21,0.9941,0.9943,,OFF,not_sent_missed
1790653944.0299065,1790653956.3942134,10,1224,,state-aware,21,0.99,0.99,,OFF,not_sent_missed
1790653949.5746815,1790653962.1050448,8,162,,state-aware,21,0.9938,0.9915,,ON,not_sent_missed
1790653950.8798306,1790653962.5154285,5,1226,,state-aware,21,0.0004,0.9937,,ON,not_sent_missed
1790653953.0254571,1790653964.2534053,9,75,,state-aware,21,0.8388,0.9936,,ON,not_sent_missed
1790653952.504891,1790653965.0814428,6,1228,,state-aware,21,0.9925,0.006,,ON,not_sent_missed
1790653955.4003134,1790653968.5628583,3,1227,,state-aware,21,0.9915,0.9294,,ON,not_sent_missed
1790653955.606919,1790653968.7835293,2,75,,state-aware,21,0.9937,0.9899,,ON,not_sent_missed
1790653957.1499014,1790653969.1778896,7,1210,2,state-aware,21,0.0,0.0,,ON,failed
1790653959.589154,1790653970.8489048,10,1225,2,state-aware,21,0.99,0.9914,,ON,success
1790653965.3517988,1790653976.9609966,8,163,1,state-aware,21,0.0,0.97,,ON,failed
1790653965.8665032,1790653977.7729623,5,1227,1,state-aware,21,0.0,0.003,,ON,failed
1790653973.36171,1790653979.824957,1,1229,,state-aware,21,0.0004,0.0,,OFF,not_sent_missed
1790653967.476248,1790653980.0421875,9,76,,state-aware,21,0.8388,0.9924,,ON,not_sent_missed
1790653968.2933216,1790653980.3474371,6,1229,,state-aware,21,0.9925,0.9941,,ON,not_sent_missed
1790653977.3663797,1790653983.3325863,3,1228,,state-aware,21,0.9659,0.7961,,OFF,not_sent_missed
1790653977.3670895,1790653983.8531504,2,76,,state-aware,21,0.9704,0.9899,,OFF,not_sent_missed
1790653972.423198,1790653984.5533113,7,1211,,state-aware,21,0.9938,0.9933,,OFF,not_sent_missed
1790653974.0256872,1790653985.6751075,10,1226,,state-aware,21,0.9942,0.9944,,OFF,not_sent_missed
1790653980.180553,1790653993.243195,8,164,,state-aware,21,0.9942,0.9925,,OFF,not_sent_missed
1790653981.0050209,1790653993.3496509,5,1228,,state-aware,21,0.9942,0.9915,,OFF,not_sent_missed
1790653983.2533433,1790653994.869049,9,77,,state-aware,21,0.0,0.0,,OFF,not_sent_missed
1790653988.3703394,1790653996.1021004,1,1230,,state-aware,21,0.9843,0.9868,,OFF,not_sent_missed
1790653983.5642354,1790653996.633818,6,1230,,state-aware,21,0.9933,0.9898,,OFF,not_sent_missed
1790653986.5631263,1790654003.6051607,3,1229,,state-aware,21,0.9942,0.9932,,OFF,not_sent_missed
1790653987.049624,1790654003.6476438,2,77,,state-aware,21,0.9932,0.9924,,OFF,not_sent_missed
1790653987.7770393,1790654003.6892147,7,1212,,state-aware,21,0.9925,0.9926,,OFF,not_sent_missed
1790653988.8822284,1790654003.7169793,10,1227,,state-aware,21,0.9938,0.9925,,OFF,not_sent_missed
1790654001.375314,1790654008.318498,8,165,,state-aware,21,0.9933,0.9925,,UNKNOWN,not_sent_missed
1790653996.5726354,1790654010.0349057,5,1229,,state-aware,21,0.994,0.8689,,OFF,not_sent_missed
1790653998.1117253,1790654011.4660435,9,78,,state-aware,21,0.9933,0.9938,,OFF,not_sent_missed
1790653999.8502204,1790654012.0049207,6,1231,,state-aware,21,0.9942,0.9932,,UNKNOWN,not_sent_missed
1790653999.3430645,1790654012.4870641,1,1231,,state-aware,21,0.9901,0.9926,,OFF,not_sent_missed
1790654006.6776273,1790654014.4384718,2,78,,state-aware,21,0.9932,0.9943,,ON,not_sent_missed
1790654006.635986,1790654014.9621265,3,1230,,state-aware,21,0.9941,0.9914,,ON,not_sent_missed
1790654006.7133677,1790654015.8767643,7,1213,,state-aware,21,0.9915,0.9925,,ON,not_sent_missed
1790654006.7309096,1790654017.3010964,10,1228,,state-aware,21,0.9901,0.9925,,ON,not_sent_missed
1790654011.5285912,1790654023.8584175,8,166,,state-aware,21,0.9933,0.9936,,ON,not_sent_missed
1790654013.247288,1790654025.386324,5,1230,,state-aware,21,0.994,0.9902,,ON,not_sent_missed
1790654014.7852237,1790654026.4222298,9,79,,state-aware,21,0.9933,0.9932,,ON,not_sent_missed
1790654015.741206,1790654027.5745394,1,1232,,state-aware,21,0.9901,0.9912,,ON,not_sent_missed
1790654015.2231693,1790654027.682813,6,1232,,state-aware,21,0.002,0.0004,,ON,not_sent_missed
1790654017.6581335,1790654028.4718833,2,79,2,state-aware,21,0.0,0.3226,,ON,success
1790654023.3829694,1790654029.7808416,3,1231,,state-aware,21,0.0,0.0563,,OFF,not_sent_missed
1790654019.1125247,1790654030.8561854,7,1214,,state-aware,21,0.9915,0.9857,,ON,not_sent_missed
1790654020.6139576,1790654032.372847,10,1229,2,state-aware,21,0.3566,0.9856,,ON,failed
1790654028.6285105,1790654038.7290382,5,1231,1,state-aware,21,0.9942,0.9938,,OFF,success
1790654027.1121466,1790654039.3177347,8,167,1,state-aware,21,0.9931,0.9932,,OFF,failed
1790654029.645123,1790654041.8150141,9,80,,state-aware,21,0.9925,0.9932,,OFF,not_sent_missed
1790654036.3920248,1790654043.756129,6,1233,,state-aware,21,0.9742,0.9779,,OFF,not_sent_missed
1790654036.390779,1790654044.2367432,1,1233,,state-aware,21,0.9932,0.9937,,OFF,not_sent_missed
1790654031.7350059,1790654044.462401,2,80,,state-aware,21,0.9938,0.9938,,OFF,not_sent_missed
1790654032.8485222,1790654044.984629,3,1232,,state-aware,21,0.9925,0.9915,,OFF,not_sent_missed
1790654034.2756302,1790654047.7581804,7,1215,,state-aware,21,0.9938,0.9938,,OFF,not_sent_missed
1790654035.7080536,1790654047.81075,10,1230,,state-aware,21,0.9915,0.9942,,OFF,not_sent_missed
1790654041.85959,1790654054.1748939,5,1232,,state-aware,21,0.9938,0.9942,,OFF,not_sent_missed
1790654042.5548964,1790654054.8957305,8,168,,state-aware,21,0.9933,0.9925,,OFF,not_sent_missed
1790654045.0031996,1790654056.55609,9,81,,state-aware,21,0.9944,0.9941,,OFF,not_sent_missed
1790654046.961282,1790654059.6253233,6,1234,,state-aware,21,0.2705,0.0,,OFF,not_sent_missed
1790654047.704073,1790654060.2977178,2,81,,state-aware,21,0.9932,0.9931,,OFF,not_sent_missed
1790654052.4005587,1790654060.7068827,1,1234,,state-aware,21,0.4875,0.2505,,OFF,not_sent_missed
1790654056.4039242,1790654063.6988456,7,1216,,state-aware,21,0.9932,0.9915,,OFF,not_sent_missed
1790654051.1027894,1790654064.3380682,10,1231,,state-aware,21,0.9941,0.9933,,OFF,not_sent_missed
1790654057.4139056,1790654069.0202672,5,1233,,state-aware,21,0.9938,0.9938,,OFF,not_sent_missed
1790654058.1182306,1790654071.2949963,8,169,,state-aware,21,0.9933,0.9931,,OFF,not_sent_missed
1790654059.780592,1790654072.8974252,9,82,,state-aware,21,0.9931,0.9942,,OFF,not_sent_missed
1790654068.4252923,1790654074.4513428,6,1235,,state-aware,21,0.9212,0.8333,,ON,not_sent_missed
1790654063.5156026,1790654074.8743773,2,82,,state-aware,21,0.0,0.0058,,OFF,not_sent_missed
1790654063.9406035,1790654075.5891798,1,1235,,state-aware,21,0.9922,0.9921,,OFF,not_sent_missed
1790654066.9291208,1790654079.682638,7,1217,,state-aware,21,0.9926,0.9938,,ON,not_sent_missed
1790654067.5315704,1790654080.2767053,10,1232,,state-aware,21,0.9942,0.9925,,ON,not_sent_missed
1790654072.2300386,1790654083.9724102,5,1234,,state-aware,21,0.0,0.9922,,ON,not_sent_missed
1790654074.3498209,1790654086.959827,8,170,,state-aware,21,0.0,0.9768,,ON,not_sent_missed
1790654077.6800008,1790654087.5687742,6,1236,2,state-aware,21,0.9212,0.9898,,ON,success
1790654076.0548236,1790654088.0887234,9,83,,state-aware,21,0.6101,0.9901,,ON,not_sent_missed
1790654078.1060922,1790654090.9609473,2,83,,state-aware,21,0.0145,0.9915,,ON,not_sent_missed
1790654078.8796425,1790654091.457527,1,1236,,state-aware,21,0.0,0.9659,,ON,not_sent_missed
1790654079.5297542,1790654092.5040398,3,1235,,state-aware,21,0.0,0.0017,,ON,not_sent_missed
1790654082.9051452,1790654093.8391037,7,1218,2,state-aware,21,0.0,0.0053,,ON,success
1790654083.4196186,1790654096.6840096,10,1233,,state-aware,21,0.9942,0.9923,,OFF,not_sent_missed
1790654087.1901324,1790654097.1894305,5,1235,1,state-aware,21,0.9932,0.9942,,OFF,success
1790654090.1640558,1790654100.8626654,8,171,1,state-aware,21,0.9941,0.9933,,OFF,success
1790654096.4381154,1790654103.129285,9,84,,state-aware,21,0.9644,0.9924,,OFF,not_sent_missed
1790654090.7811222,1790654104.162414,6,1237,,state-aware,21,0.0853,0.0,,OFF,not_sent_missed
1790654094.6926901,1790654106.5148985,1,1237,,state-aware,21,0.9915,0.9933,,OFF,not_sent_missed
1790654094.2449744,1790654107.519499,2,84,,state-aware,21,0.9925,0.9938,,OFF,not_sent_missed
1790654095.715639,1790654109.1596386,3,1236,,state-aware,21,0.9925,0.9932,,OFF,not_sent_missed
1790654097.0405343,1790654109.6150181,7,1219,,state-aware,21,0.9926,0.9916,,OFF,not_sent_missed
1790654100.3988895,1790654112.4540615,5,1236,,state-aware,21,0.9942,0.9939,,OFF,not_sent_missed
1790654099.8991766,1790654112.953006,10,1234,,state-aware,21,0.9944,0.9933,,OFF,not_sent_missed
1790654104.006497,1790654117.6527107,8,172,,state-aware,21,0.9932,0.9932,,OFF,not_sent_missed
1790654106.35527,1790654118.8156846,9,85,,state-aware,21,0.9915,0.9933,,ON,not_sent_missed
1790654107.3943472,1790654119.8982427,6,1238,,state-aware,21,0.9941,0.9924,,ON,not_sent_missed
1790654109.7301815,1790654122.0888882,1,1238,,state-aware,21,0.9915,0.9938,,ON,not_sent_missed
1790654110.7470841,1790654123.422958,2,85,,state-aware,21,0.0,0.9924,,ON,not_sent_missed
1790654112.2991023,1790654123.8343704,3,1237,,state-aware,21,0.9925,0.0,,ON,not_sent_missed
1790654112.8228488,1790654124.7546754,7,1220,,state-aware,21,0.0095,0.97,,ON,not_sent_missed
1790654115.6541467,1790654127.1880357,5,1237,,state-aware,21,0.9942,0.9916,,ON,not_sent_missed
1790654116.1820853,1790654127.9048579,10,1235,,state-aware,21,0.0,0.0008,,ON,not_sent_missed
1790654168.38852,1790654177.9615462,9,89,2,state-aware,22,0.0,0.2254,,ON,success
1790654169.6344478,1790654189.9765975,6,1242,1,state-aware,22,0.9,0.4547,,ON,failed
1790654178.4150538,1790654190.003586,2,89,,state-aware,22,0.9,0.7811,,ON,not_sent_missed
1790654178.4157941,1790654190.0291207,1,1242,,state-aware,22,0.9,0.7811,,ON,not_sent_missed
1790654179.4178405,1790654190.0561676,7,1224,,state-aware,22,0.0,0.0,,ON,not_sent_missed
1790654175.0596323,1790654190.081399,3,1241,1,state-aware,22,0.9,0.5474,,ON,failed
1790654178.1264842,1790654190.1004455,10,1239,,state-aware,22,0.9,0.9923,,ON,not_sent_missed
1790654177.634351,1790654190.5282953,5,1241,2,state-aware,22,0.0,0.0,,ON,failed
1790654181.1933472,1790654192.7558172,9,90,,state-aware,22,0.0,0.0,,UNKNOWN,not_sent_missed
1790654192.9659512,1790654193.6959245,8,177,,state-aware,22,0.9938,0.9,,OFF,not_sent_missed
1790654192.996038,1790654199.134242,6,1243,,state-aware,22,0.9941,0.4547,,OFF,not_sent_missed
1790654193.0486069,1790654200.855029,1,1243,,state-aware,22,0.9925,0.7811,,OFF,not_sent_missed
1790654193.0241168,1790654201.978432,2,90,,state-aware,22,0.9933,0.7811,,OFF,not_sent_missed
1790654193.0754867,1790654202.998286,7,1225,,state-aware,22,0.9915,0.0,,OFF,not_sent_missed
1790654193.096859,1790654204.5416198,3,1242,,state-aware,22,0.9938,0.5474,,OFF,not_sent_missed
1790654193.306849,1790654204.6407027,10,1240,,state-aware,22,0.9938,0.9923,,OFF,not_sent_missed
1790654193.8705568,1790654205.6673193,5,1242,,state-aware,22,0.9938,0.0,,OFF,not_sent_missed
1790654195.898575,1790654209.0640268,9,91,,state-aware,22,0.9938,0.0,,OFF,not_sent_missed
1790654196.9023676,1790654209.8752086,8,178,,state-aware,22,0.9915,0.9,,OFF,not_sent_missed
1790654202.2626286,1790654215.0110939,6,1244,,state-aware,22,0.9932,0.9942,,ON,not_sent_missed
1790654204.9733253,1790654215.7992494,1,1244,,state-aware,22,0.9924,0.0166,,ON,not_sent_missed
1790654204.9924185,1790654216.3347113,2,91,,state-aware,22,0.0,0.9828,,ON,not_sent_missed
1790654206.3550136,1790654217.878457,7,1226,,state-aware,22,0.0,0.0,,ON,not_sent_missed
1790654213.4242318,1790654220.722302,3,1243,,state-aware,22,0.9938,0.9925,,ON,not_sent_missed
1790654208.0992553,1790654221.148226,10,1241,,state-aware,22,0.9262,0.9763,,ON,not_sent_missed
1790654208.8220992,1790654221.3557801,5,1243,,state-aware,22,0.9938,0.9837,,ON,not_sent_missed
1790654212.3948343,1790654224.1309893,9,92,,state-aware,22,0.9938,0.9282,,ON,not_sent_missed
1790654213.0834434,1790654224.944236,8,179,,state-aware,22,0.0,0.6212,,ON,not_sent_missed
1790654218.3017545,1790654230.260972,6,1245,,state-aware,22,0.0,0.4732,,ON,not_sent_missed
1790654219.0209658,1790654231.6004493,1,1245,,state-aware,22,0.9924,0.0496,,ON,not_sent_missed
1790654219.6658719,1790654232.7045763,2,92,,state-aware,22,0.0,0.8776,,ON,not_sent_missed
1790654226.434741,1790654233.9263215,7,1227,,state-aware,22,0.4675,0.0,,OFF,not_sent_missed
1790654224.5759356,1790654236.0861695,5,1244,,state-aware,22,0.0,0.3707,,OFF,not_sent_missed
1790654229.4373841,1790654236.627292,3,1244,,state-aware,22,0.0,0.0,,OFF,not_sent_missed
1790654227.2642603,1790654238.7648296,9,93,,state-aware,22,0.9925,0.9942,,OFF,not_sent_missed
1790654228.4591792,1790654241.3517952,8,180,2,state-aware,22,0.9933,0.9915,,OFF,failed
1790654233.7690115,1790654245.0271797,6,1246,1,state-aware,22,0.9925,0.9932,,OFF,failed
1790654234.814904,1790654247.5465336,1,1246,,state-aware,22,0.9925,0.9914,,OFF,not_sent_missed
1790654235.84426,1790654248.3687215,2,93,1,state-aware,22,0.9937,0.9925,,OFF,failed
1790654239.4047558,1790654249.3921533,5,1245,2,state-aware,22,0.0,0.0,,OFF,success
1790654237.3344362,1790654250.3174987,7,1228,,state-aware,22,0.9941,0.9928,,OFF,not_sent_missed
1790654245.443325,1790654252.6757338,3,1245,,state-aware,22,0.9875,0.9867,,OFF,not_sent_missed
1790654241.981765,1790654254.8261068,9,94,,state-aware,22,0.9925,0.9925,,OFF,not_sent_missed
1790654244.53932,1790654255.9940732,8,181,,state-aware,22,0.9932,0.9944,,OFF,not_sent_missed
1790654248.218402,1790654260.5578096,6,1247,,state-aware,22,0.9944,0.9925,,OFF,not_sent_missed
1790654250.6877725,1790654263.1168323,1,1247,,state-aware,22,0.9925,0.9925,,ON,not_sent_missed
1790654251.632816,1790654264.7490208,2,94,,state-aware,22,0.9902,0.9933,,ON,not_sent_missed
1790654252.535189,1790654265.0769992,5,1246,,state-aware,22,0.8689,0.9649,,ON,not_sent_missed
1790654253.543217,1790654265.709654,7,1229,,state-aware,22,0.9941,0.9928,,ON,not_sent_missed
1790654254.0551677,1790654267.0162606,10,1244,,state-aware,22,0.0,0.9911,,ON,not_sent_missed
1790654255.907819,1790654268.354768,3,1246,,state-aware,22,0.5473,0.03,,ON,not_sent_missed
1790654258.0539913,1790654269.7757618,9,95,,state-aware,22,0.9925,0.9931,,OFF,not_sent_missed
1790654259.21174,1790654272.0347583,8,182,,state-aware,22,0.9932,0.9923,,OFF,not_sent_missed
1790654263.8112972,1790654275.72732,6,1248,,state-aware,22,0.9901,0.9915,,OFF,not_sent_missed
1790654266.350962,1790654278.480021,1,1248,,state-aware,22,0.9938,0.9941,,OFF,not_sent_missed
1790654268.314375,1790654279.8117566,5,1247,,state-aware,22,0.9938,0.9925,,OFF,not_sent_missed
1790654268.9172423,1790654280.7377615,7,1230,,state-aware,22,0.9937,0.9941,,OFF,not_sent_missed
1790654268.005247,1790654281.2487345,2,95,,state-aware,22,0.9933,0.9932,,OFF,not_sent_missed
1790654270.2336917,1790654283.6988044,10,1245,,state-aware,22,0.9938,0.9932,,OFF,not_sent_missed
1790654273.0077772,1790654285.4693995,9,96,,state-aware,22,0.9914,0.9933,,OFF,not_sent_missed
1790654275.279619,1790654287.6099563,8,183,,state-aware,22,0.9925,0.9915,,OFF,not_sent_missed
1790654278.9554007,1790654290.7829304,6,1249,,state-aware,22,0.9932,0.9933,,ON,not_sent_missed
1790654283.0364215,1790654295.199107,5,1248,,state-aware,22,0.9938,0.9932,,ON,not_sent_missed
1790654283.978509,1790654296.6319866,7,1231,,state-aware,22,0.9822,0.9941,,ON,not_sent_missed
1790654284.4495196,1790654297.3520327,2,96,,state-aware,22,0.9933,0.9915,,ON,not_sent_missed
1790654286.8296213,1790654298.4489994,10,1246,,state-aware,22,0.9938,0.0,,ON,not_sent_missed
1790654288.8620863,1790654299.15851,9,97,2,state-aware,22,0.9914,0.9932,,ON,success
1790654290.8239534,1790654302.7755244,8,184,,state-aware,22,0.0001,0.7868,,ON,not_sent_missed
1790654294.0087578,1790654305.9291682,6,1250,1,state-aware,22,0.9932,0.9943,,ON,failed
1790654298.3091557,1790654308.8810942,5,1249,1,state-aware,22,0.9938,0.8974,,OFF,success
1790654299.8547173,1790654310.3362608,7,1232,2,state-aware,22,0.0,0.0001,,OFF,success
1790654300.567017,1790654312.8129096,2,97,,state-aware,22,0.9938,0.9938,,OFF,not_sent_missed
1790654301.796687,1790654313.3380294,10,1247,,state-aware,22,0.9914,0.9914,,OFF,not_sent_missed
1790654302.319905,1790654313.8420362,9,98,,state-aware,22,0.9891,0.9853,,OFF,not_sent_missed
1790654307.4669151,1790654314.427673,3,1249,,state-aware,22,0.9933,0.9933,,OFF,not_sent_missed
1790654305.9909089,1790654318.2381587,8,185,,state-aware,22,0.9925,0.9925,,OFF,not_sent_missed
1790654309.1615102,1790654321.5909438,6,1251,,state-aware,22,0.9944,0.9925,,OFF,not_sent_missed
1790654312.0551436,1790654323.8770244,5,1250,,state-aware,22,0.9932,0.9944,,OFF,not_sent_missed
1790654313.5591507,1790654325.5125103,7,1233,,state-aware,22,0.9925,0.9942,,OFF,not_sent_missed
1790654314.1632154,1790654326.7200012,1,1251,,state-aware,22,0.9933,0.9925,,OFF,not_sent_missed
1790654316.5612006,1790654328.6503606,10,1248,,state-aware,22,0.9932,0.9925,,OFF,not_sent_missed
1790654316.0378501,1790654329.313812,2,98,,state-aware,22,0.9925,0.9942,,OFF,not_sent_missed
1790654317.1592257,1790654329.8083746,9,99,,state-aware,22,0.0553,0.2504,,OFF,not_sent_missed
1790654317.6653516,1790654331.1495945,3,1250,,state-aware,22,0.9942,0.9925,,OFF,not_sent_missed
1790654321.4531214,1790654333.4751978,8,186,,state-aware,22,0.9943,0.9925,,OFF,not_sent_missed
1790654324.8095183,1790654336.6640968,6,1252,,state-aware,22,0.9931,0.9925,,OFF,not_sent_missed
1790654327.091531,1790654339.2328618,5,1251,,state-aware,22,0.9938,0.9938,,OFF,not_sent_missed
1790654328.7276323,1790654340.558055,7,1234,,state-aware,22,0.9933,0.9926,,OFF,not_sent_missed
1790654329.9494286,1790654342.511573,1,1252,,state-aware,22,0.9901,0.9933,,OFF,not_sent_missed
1790654332.5135272,1790654344.5557904,2,99,,state-aware,22,0.8541,0.0002,,OFF,not_sent_missed
1790654331.8183794,1790654344.8350337,10,1249,,state-aware,22,0.9933,0.9915,,OFF,not_sent_missed
1790654332.9996285,1790654345.3490982,9,100,,state-aware,22,0.9938,0.9942,,OFF,not_sent_missed
1790654334.2647946,1790654346.472736,3,1251,,state-aware,22,0.9925,0.9925,,OFF,not_sent_missed
1790654336.7102673,1790654349.4748008,8,187,,state-aware,22,0.9942,0.9933,,OFF,not_sent_missed
1790654339.874325,1790654351.3891096,6,1253,,state-aware,22,0.9938,0.9933,,OFF,not_sent_missed
1790654342.4302611,1790654354.1451406,5,1252,,state-aware,22,0.9938,0.9938,,OFF,not_sent_missed
1790654343.8765504,1790654356.6465974,7,1235,,state-aware,22,0.9925,0.9943,,OFF,not_sent_missed
1790654345.7120752,1790654357.8740995,1,1253,,state-aware,22,0.9915,0.9933,,OFF,not_sent_missed
1790654348.0648515,1790654359.594843,10,1250,,state-aware,22,0.9925,0.9925,,OFF,not_sent_missed
1790654349.701531,1790654360.0346696,3,1252,2,state-aware,22,0.9944,0.9932,,OFF,success
1790654347.7709136,1790654360.4393625,2,100,,state-aware,22,0.9938,0.985,,OFF,not_sent_missed
1790654348.5636246,1790654360.8372126,9,101,,state-aware,22,0.9938,0.9933,,OFF,not_sent_missed
1790654352.693409,1790654364.097813,8,188,,state-aware,22,0.9943,0.9933,,ON,not_sent_missed
1790654354.619238,1790654366.2049417,6,1254,1,state-aware,22,0.9938,0.9915,,ON,success
1790654357.393961,1790654369.564281,5,1253,,state-aware,22,0.9938,0.9913,,ON,not_sent_missed
1790654359.8484302,1790654370.3093815,7,1236,1,state-aware,22,0.9925,0.6843,,ON,success
1790654361.089891,1790654371.4097788,1,1254,2,state-aware,22,0.0,0.5307,,ON,success
1790654362.8394423,1790654374.5270607,10,1251,,state-aware,22,0.9925,0.0001,,ON,not_sent_missed
1790654368.4958415,1790654375.8412762,3,1253,,state-aware,22,0.9944,0.6102,,ON,not_sent_missed
1790654364.0296412,1790654376.435458,9,102,,state-aware,22,0.0,0.9636,,ON,not_sent_missed
1790654363.6557908,1790654376.5699055,2,101,,state-aware,22,0.2533,0.9926,,ON,not_sent_missed
1790654367.3122919,1790654379.398589,8,189,,state-aware,22,0.9943,0.9938,,ON,not_sent_missed
1790654369.2356498,1790654381.564761,6,1255,,state-aware,22,0.9938,0.9932,,ON,not_sent_missed
1790654373.502173,1790654384.9569595,7,1237,,state-aware,22,0.0,0.0,,ON,not_sent_missed
1790654372.775947,1790654385.445639,5,1254,,state-aware,22,0.0,0.9653,,ON,not_sent_missed
1790654374.573167,1790654386.8989491,1,1255,,state-aware,22,0.0,0.2163,,OFF,not_sent_missed
1790654377.7548492,1790654391.1923957,10,1252,,state-aware,22,0.9932,0.9932,,OFF,not_sent_missed
1790654379.7961006,1790654391.5927558,2,102,,state-aware,22,0.9924,0.9914,,OFF,not_sent_missed
1790654385.5073535,1790654392.8405821,9,103,,state-aware,22,0.9872,0.9915,,OFF,not_sent_missed
1790654382.5640457,1790654393.9655538,8,190,,state-aware,22,0.9943,0.9932,,OFF,not_sent_missed
1790654384.6928546,1790654397.3527408,6,1256,,state-aware,22,0.9925,0.9932,,OFF,not_sent_missed
