t,node,tel,rx_on_ms_prev,ack_rssi_prev,ack_snr_prev,status_prev,fixed_period
1790652733.663629,10,1145,5201,0,0.0,2,1
1790652735.2281547,5,1147,5096,0,0.0,2,1
1790652738.0604405,4,1136,5194,0,0.0,2,1
1790652740.5658596,1,1149,5053,0,0.0,2,1
1790652744.659203,3,1148,5114,0,0.0,2,1
1790652745.4945858,2,85,5211,0,0.0,2,1
1790652747.4245443,10,1146,3128,-50,12.25,1,1
1790652748.5321136,8,84,5136,0,0.0,2,1
1790652749.2803175,5,1148,3051,-48,13.25,1,1
1790652750.487429,9,85,5072,0,0.0,2,1
1790652751.2008004,4,1137,3265,-54,12.5,1,1
1790652753.959204,1,1150,3036,-51,12.75,1,1
1790652757.9781926,3,1149,3019,-83,12.75,1,1
1790652759.1934533,2,86,2932,-45,1.25,1,1
1790652760.9312882,7,1133,5009,0,0.0,2,1
1790652761.7712781,5,1149,2916,-61,13.0,1,1
1790652762.1709383,6,1150,5179,0,0.0,2,1
1790652764.7288377,4,1138,3118,-72,12.25,1,1
1790652765.5514588,9,0,0,0,0.0,0,1
1790652773.9349506,3,1150,5229,0,0.0,2,1
1790652774.7723057,2,87,5051,0,0.0,2,1
1790652776.079238,7,1134,5125,0,0.0,2,1
1790652776.7211492,8,86,5058,0,0.0,2,1
1790652777.34708,5,1150,5053,0,0.0,2,1
1790652778.4488215,6,1151,5093,0,0.0,2,1
1790652779.991416,4,1139,5198,0,0.0,2,1
1790652782.917903,9,1,5209,0,0.0,2,1
1790652783.072104,1,1152,5018,0,0.0,2,1
1790652790.0275247,3,1151,5170,0,0.0,2,1
1790652790.4353614,2,88,5013,0,0.0,2,1
1790652791.4583306,7,1135,5223,0,0.0,2,1
1790652791.7246315,10,1149,5138,0,0.0,2,1
1790652792.1789405,5,1151,5112,0,0.0,2,1
1790652793.4886422,6,1152,5066,0,0.0,2,1
1790652795.2475855,4,1140,5231,0,0.0,2,1
1790652799.1448672,1,1153,5172,0,0.0,2,1
1790652810.468221,4,1141,5016,0,0.0,2,1
1790652811.5382285,9,0,0,0,0.0,0,1
1790652815.6486785,1,1154,5172,0,0.0,2,1
1790652822.469711,10,1151,5213,0,0.0,2,1
1790652823.4144464,2,1,5086,0,0.0,2,1
1790652827.062074,9,1,5002,0,0.0,2,1
1790652829.02258,1,1155,3166,-51,12.75,1,1
1790652835.683165,10,1152,3268,-51,13.25,1,1
1790652837.4216287,2,2,3007,-45,11.25,1,1
1790652838.4654288,7,1138,5128,0,0.0,2,1
1790652838.9384997,6,1155,5096,0,0.0,2,1
1790652841.5981193,9,2,3368,-69,12.25,1,1
1790652843.1672049,1,1156,3088,-62,12.0,1,1
1790652851.6677108,10,1153,5064,0,0.0,2,1
1790652852.1492617,2,3,5100,0,0.0,2,1
1790652853.6201305,6,1156,5087,0,0.0,2,1
1790652853.9232235,5,1155,5136,0,0.0,2,1
1790652854.936839,8,91,5083,0,0.0,2,1
1790652857.600205,1,1157,5172,0,0.0,2,1
1790652857.8329282,9,3,5125,0,0.0,2,1
1790652867.5114462,10,1154,5119,0,0.0,2,1
1790652868.7491045,7,1140,5095,0,0.0,2,1
1790652869.0548716,4,1145,5213,0,0.0,2,1
1790652869.805329,6,1157,5172,0,0.0,2,1
1790652871.0964348,8,92,5036,0,0.0,2,1
1790652872.777407,1,1158,5163,0,0.0,2,1
1790652873.784691,9,4,5218,0,0.0,2,1
1790652882.4659066,10,1155,5028,0,0.0,2,1
1790652883.205744,7,1141,5007,0,0.0,2,1
1790652883.9475243,8,93,2937,-70,12.75,1,1
1790652885.1482918,4,1146,5026,0,0.0,2,1
1790652885.6540759,5,1157,5150,0,0.0,2,1
1790652886.2632523,3,1157,5105,0,0.0,2,1
1790652889.2199924,1,1159,5096,0,0.0,2,1
1790652890.192116,9,5,5127,0,0.0,2,1
1790652896.926194,10,1156,3002,-51,3.75,1,1
1790652897.7447448,8,94,3089,-50,12.25,1,1
1790652898.7791808,2,6,5028,0,0.0,2,1
1790652899.8054836,4,1147,5092,0,0.0,2,1
1790652900.488673,6,1159,5047,0,0.0,2,1
1790652902.9731755,1,1160,3260,-51,12.75,1,1
1790652906.6178362,9,6,5114,0,0.0,2,1
1790652910.5430496,10,1157,3021,-50,8.0,1,1
1790652912.0875936,8,95,3195,-50,12.25,1,1
1790652914.2433438,2,7,5063,0,0.0,2,1
1790652916.174826,4,1148,5204,0,0.0,2,1
1790652917.814303,5,1159,5074,0,0.0,2,1
1790652921.8027093,9,7,5093,0,0.0,2,1
1790652926.2019525,10,1158,5063,0,0.0,2,1
1790652927.2318914,8,96,5215,0,0.0,2,1
1790652929.4617307,2,8,5232,0,0.0,2,1
1790652931.0400176,7,1144,5102,0,0.0,2,1
1790652932.0586686,6,1161,5046,0,0.0,2,1
1790652932.6925235,1,1162,5135,0,0.0,2,1
1790652934.3057718,5,1160,5084,0,0.0,2,1
1790652936.433855,9,8,5082,0,0.0,2,1
1790652941.3465269,10,1159,5135,0,0.0,2,1
1790652941.8881598,8,97,5037,0,0.0,2,1
1790652945.3359122,2,9,5080,0,0.0,2,1
1790652946.1543274,6,1162,3546,-59,12.25,1,1
1790652947.208541,4,1150,5037,0,0.0,2,1
1790652948.3272774,1,1163,5085,0,0.0,2,1
1790652948.7511058,3,1161,5065,0,0.0,2,1
1790652949.334501,5,1161,5136,0,0.0,2,1
1790652951.5752933,9,9,5014,0,0.0,2,1
1790652956.5946848,10,1160,5164,0,0.0,2,1
1790652957.2401896,8,98,5096,0,0.0,2,1
1790652959.679196,2,10,3044,-45,9.25,1,1
1790652962.3398926,6,1163,5188,0,0.0,2,1
1790652966.9513397,9,10,5074,0,0.0,2,1
1790652970.646431,8,99,3097,-51,11.25,1,1
1790652971.9656615,10,1161,5035,0,0.0,2,1
1790652973.405093,2,11,3119,-43,0.5,1,1
1790652978.0041194,5,1163,5106,0,0.0,2,1
1790652978.1216614,6,1164,5023,0,0.0,2,1
1790652978.7283342,3,1163,5011,0,0.0,2,1
1790652979.1325014,1,1165,5189,0,0.0,2,1
1790652981.8118927,9,11,5130,0,0.0,2,1
1790652984.264705,8,100,3089,-76,12.25,1,1
1790652987.7849972,10,1162,5050,0,0.0,2,1
1790652988.3750026,2,12,5053,0,0.0,2,1
1790652993.5114887,5,1164,5027,0,0.0,2,1
1790652994.2211194,6,1165,5039,0,0.0,2,1
1790652994.6033466,7,1148,5081,0,0.0,2,1
1790652995.6410434,1,1166,5222,0,0.0,2,1
1790652998.424035,9,12,5144,0,0.0,2,1
1790653000.348263,8,101,5053,0,0.0,2,1
1790653002.8140156,10,1163,5031,0,0.0,2,1
1790653004.7595541,2,13,5065,0,0.0,2,1
1790653006.8048418,5,1165,2947,-60,12.5,1,1
1790653009.6555433,4,1154,5211,0,0.0,2,1
1790653010.1097543,6,1166,5025,0,0.0,2,1
1790653011.0972826,1,1167,5225,0,0.0,2,1
1790653011.424719,9,13,3179,-49,10.75,1,1
1790653015.3376038,8,102,5104,0,0.0,2,1
1790653017.7777588,10,1164,5190,0,0.0,2,1
1790653021.0167224,2,14,5118,0,0.0,2,1
1790653022.3721783,5,1166,5180,0,0.0,2,1
1790653023.9865093,6,1167,3328,-46,12.75,1,1
1790653024.5899262,1,1168,3062,-52,12.75,1,1
1790653025.7465837,4,1155,5095,0,0.0,2,1
1790653025.7467988,7,1150,5146,0,0.0,2,1
1790653027.3307288,9,14,5150,0,0.0,2,1
1790653031.590014,8,103,5113,0,0.0,2,1
1790653033.3320215,10,1165,5075,0,0.0,2,1
1790653035.147561,2,15,3181,-44,10.0,1,1
1790653035.9774044,5,1167,3040,-60,10.25,1,1
1790653038.755643,6,1168,3153,-58,12.0,1,1
1790653039.6876903,3,1167,5147,0,0.0,2,1
1790653040.4884167,4,1156,5088,0,0.0,2,1
1790653041.003326,1,1169,5172,0,0.0,2,1
1790653041.2798994,7,1151,5125,0,0.0,2,1
1790653081.9363792,2,18,5208,0,0.0,2,1
1790653083.4797904,5,1170,5157,0,0.0,2,1
1790653083.875035,6,1171,5049,0,0.0,2,1
1790653085.6521125,3,1170,5126,0,0.0,2,1
1790653086.2601852,4,1159,5035,0,0.0,2,1
1790653086.997458,9,18,5209,0,0.0,2,1
1790653094.0468693,10,1169,5128,0,0.0,2,1
1790653094.770594,8,107,5004,0,0.0,2,1
1790653095.7649999,2,19,3201,-43,12.5,1,1
1790653097.5154243,6,1172,3084,-46,8.75,1,1
1790653099.4695382,5,1171,5138,0,0.0,2,1
1790653099.8676894,3,1171,3225,-53,12.75,1,1
1790653100.3103075,9,19,3212,-48,11.0,1,1
1790653102.5504682,4,1160,5185,0,0.0,2,1
1790653104.212385,7,1155,5168,0,0.0,2,1
1790653107.6630797,8,108,3066,-84,12.75,1,1
1790653108.107958,10,1170,2934,-51,7.75,1,1
1790653109.309001,2,20,3127,-45,9.0,1,1
1790653110.735295,6,1173,3186,-58,13.25,1,1
1790653112.9910026,9,20,2967,-76,12.5,1,1
1790653113.7868307,3,1172,3269,-92,11.75,1,1
1790653114.1010315,5,1172,5060,0,0.0,2,1
1790653117.7914717,4,1161,5037,0,0.0,2,1
1790653118.7343316,1,1174,5012,0,0.0,2,1
1790653119.8530967,7,1156,5016,0,0.0,2,1
1790653123.7365496,8,109,5093,0,0.0,2,1
1790653124.2486749,2,21,5194,0,0.0,2,1
1790653125.9832647,6,1174,5190,0,0.0,2,1
1790653127.8218024,9,21,5183,0,0.0,2,1
1790653128.7594585,5,1173,5100,0,0.0,2,1
1790653129.363589,3,1173,5174,0,0.0,2,1
1790653132.7815723,4,1162,5109,0,0.0,2,1
1790653135.2250953,1,1175,5044,0,0.0,2,1
1790653135.9491365,7,1157,5090,0,0.0,2,1
1790653138.403589,8,110,5001,0,0.0,2,1
1790653138.8788974,2,22,5074,0,0.0,2,1
1790653139.9211273,10,1172,5063,0,0.0,2,1
1790653142.1767452,6,1175,5111,0,0.0,2,1
1790653143.8118026,5,1174,5162,0,0.0,2,1
1790653145.7458396,3,1174,5007,0,0.0,2,1
1790653149.039214,4,1163,5023,0,0.0,2,1
1790653151.887459,1,1176,5151,0,0.0,2,1
1790653152.3111813,7,1158,5068,0,0.0,2,1
1790653156.287474,6,1176,3087,-47,12.25,1,1
1790653156.9066932,5,1175,2923,-49,8.25,1,1
1790653158.6476436,3,1175,2998,-54,7.5,1,1
1790653159.1646328,9,23,5015,0,0.0,2,1
1790653164.5061674,4,1164,5016,0,0.0,2,1
1790653164.8112636,1,1177,3203,-51,13.0,1,1
1790653167.1799345,7,1159,5121,0,0.0,2,1
1790653169.800901,6,1177,3326,-47,5.75,1,1
1790653170.3288035,2,24,5188,0,0.0,2,1
1790653171.572289,3,1176,3144,-53,12.5,1,1
1790653172.5880005,5,1176,5025,0,0.0,2,1
1790653178.0123,1,1178,2973,-64,12.25,1,1
1790653178.7635274,4,1165,3202,-76,12.25,1,1
1790653183.7483687,7,1160,5090,0,0.0,2,1
1790653184.4822145,8,113,5063,0,0.0,2,1
1790653185.801041,6,1178,5106,0,0.0,2,1
1790653186.5285335,10,1175,5000,0,0.0,2,1
1790653187.8418944,3,1177,5177,0,0.0,2,1
1790653188.2312944,5,1177,5083,0,0.0,2,1
1790653188.6505613,9,25,5066,0,0.0,2,1
1790653194.1781032,4,1166,5174,0,0.0,2,1
1790653194.4822335,1,1179,5205,0,0.0,2,1
1790653200.1222057,7,1161,5099,0,0.0,2,1
1790653201.1498394,2,26,5043,0,0.0,2,1
1790653201.4687967,10,1176,5003,0,0.0,2,1
1790653203.930162,5,1178,5155,0,0.0,2,1
1790653209.956482,4,1167,5237,0,0.0,2,1
1790653215.922389,6,1180,5101,0,0.0,2,1
1790653216.2175777,2,27,5051,0,0.0,2,1
1790653216.63367,7,1162,5188,0,0.0,2,1
1790653216.723452,8,115,5098,0,0.0,2,1
1790653217.845279,10,1177,5121,0,0.0,2,1
1790653219.6883059,9,27,5031,0,0.0,2,1
1790653220.4179401,3,1179,5067,0,0.0,2,1
1790653225.3300118,1,1181,5211,0,0.0,2,1
1790653225.9560275,4,1168,5037,0,0.0,2,1
1790653229.0959952,6,1181,2973,-47,12.25,1,1
1790653229.524865,2,28,2943,-45,11.5,1,1
1790653236.1789901,5,1180,5026,0,0.0,2,1
1790653236.2323432,10,1178,3196,-58,12.5,1,1
1790653236.2637346,9,28,3078,-50,12.25,1,1
1790653236.2826896,3,1180,3218,-54,12.5,1,1
1790653238.187901,1,1182,3102,-64,13.0,1,1
1790653242.4139712,4,1169,5070,0,0.0,2,1
1790653245.6725025,7,1164,5093,0,0.0,2,1
1790653248.9712443,9,29,5113,0,0.0,2,1
1790653249.7614093,3,1181,5196,0,0.0,2,1
1790653254.5915866,1,1183,5166,0,0.0,2,1
1790653255.8132787,4,1170,5154,0,0.0,2,1
1790653259.923893,2,30,5152,0,0.0,2,1
1790653260.4475124,6,1183,5121,0,0.0,2,1
1790653260.975945,7,1165,5220,0,0.0,2,1
1790653262.6907935,8,118,5129,0,0.0,2,1
1790653263.284628,5,1182,5219,0,0.0,2,1
1790653263.6169684,9,30,5031,0,0.0,2,1
1790653263.712778,10,1180,5201,0,0.0,2,1
1790653265.1497543,3,1182,5149,0,0.0,2,1
1790653270.260214,1,1184,5069,0,0.0,2,1
1790653270.6807342,4,1171,5171,0,0.0,2,1
1790653274.6671643,2,31,5089,0,0.0,2,1
1790653275.3753097,6,1184,5130,0,0.0,2,1
1790653276.7372367,7,1166,5034,0,0.0,2,1
1790653278.2365167,8,119,5011,0,0.0,2,1
1790653279.0782886,9,31,5113,0,0.0,2,1
1790653279.469026,5,1183,5012,0,0.0,2,1
1790653280.1973236,10,1181,5002,0,0.0,2,1
1790653283.1581845,1,1185,3050,-63,12.5,1,1
1790653287.1624289,4,1172,5207,0,0.0,2,1
1790653288.210236,6,1185,3122,-47,12.25,1,1
1790653293.6313393,10,1182,3062,-50,12.25,1,1
1790653294.220713,5,1184,3090,-49,12.5,1,1
1790653295.5488255,3,1184,5038,0,0.0,2,1
1790653297.1930428,1,1186,3175,-52,13.25,1,1
1790653301.822814,6,1186,2902,-58,13.25,1,1
1790653303.0522554,4,1173,5044,0,0.0,2,1
1790653304.3446882,2,33,5015,0,0.0,2,1
1790653306.930278,7,1168,5052,0,0.0,2,1
1790653307.313466,5,1185,3365,-61,12.75,1,1
1790653307.9551048,8,121,5090,0,0.0,2,1
1790653308.4377089,3,1185,3046,-105,6.0,1,1
1790653313.1613536,1,1187,5151,0,0.0,2,1
1790653350.627747,2,36,5059,0,0.0,2,1
1790653353.1003418,5,1188,5014,0,0.0,2,1
1790653354.409409,9,36,5095,0,0.0,2,1
1790653355.5751512,3,1188,5219,0,0.0,2,1
1790653355.9696512,8,124,5096,0,0.0,2,1
1790653359.5878246,1,1190,5171,0,0.0,2,1
1790653364.0731952,6,1190,5023,0,0.0,2,1
1790653364.5752163,2,37,3239,-58,12.5,1,1
1790653364.970003,4,1177,5010,0,0.0,2,1
1790653366.63516,5,1189,3136,-57,12.75,1,1
1790653368.1527455,9,37,3169,-69,12.25,1,1
1790653369.891614,10,1187,5097,0,0.0,2,1
1790653370.1163762,7,1172,5029,0,0.0,2,1
1790653370.6519694,8,125,3017,-51,12.5,1,1
1790653374.1214428,1,1191,3161,-51,12.75,1,1
1790653377.7794662,6,1191,2943,-47,12.25,1,1
1790653379.5248132,2,38,5040,0,0.0,2,1
1790653380.0354154,4,1178,5036,0,0.0,2,1
1790653381.4391341,5,1190,5039,0,0.0,2,1
1790653383.4248703,9,38,5131,0,0.0,2,1
1790653385.990277,7,1173,5154,0,0.0,2,1
1790653386.5698,8,126,5069,0,0.0,2,1
1790653389.0832696,1,1192,5061,0,0.0,2,1
1790653392.4293485,6,1192,5105,0,0.0,2,1
1790653394.67185,2,39,5038,0,0.0,2,1
1790653396.3411872,4,1179,5008,0,0.0,2,1
1790653397.8844178,5,1191,5220,0,0.0,2,1
1790653398.389262,9,39,5024,0,0.0,2,1
1790653400.9426992,3,1191,5009,0,0.0,2,1
1790653401.3456874,10,1189,5202,0,0.0,2,1
1790653401.8855288,8,127,5107,0,0.0,2,1
1790653405.446555,1,1193,5090,0,0.0,2,1
1790653408.7915704,6,1193,5017,0,0.0,2,1
1790653413.9575717,5,1192,5163,0,0.0,2,1
1790653415.5634153,3,1192,5094,0,0.0,2,1
1790653416.6947215,10,1190,5154,0,0.0,2,1
1790653417.1912725,8,128,5082,0,0.0,2,1
1790653420.6830006,1,1194,5104,0,0.0,2,1
1790653425.206676,6,1194,5077,0,0.0,2,1
1790653436.3145392,2,41,5037,0,0.0,2,1
1790653436.3403447,4,1181,5070,0,0.0,2,1
1790653436.3780262,9,41,5150,0,0.0,2,1
1790653436.4080026,5,1193,5047,0,0.0,2,1
1790653436.4286282,3,1193,5081,0,0.0,2,1
1790653436.455808,8,129,5041,0,0.0,2,1
1790653436.4730916,7,1176,5065,0,0.0,2,1
1790653436.5779254,1,1195,5010,0,0.0,2,1
1790653440.672668,6,1195,5073,0,0.0,2,1
1790653441.4114866,2,42,5228,0,0.0,2,1
1790653443.1675842,4,1182,5087,0,0.0,2,1
1790653444.4801347,9,42,5004,0,0.0,2,1
1790653445.5011675,5,1194,5190,0,0.0,2,1
1790653446.213624,3,1194,5154,0,0.0,2,1
1790653446.8354259,8,130,5085,0,0.0,2,1
1790653448.0542934,7,1177,5221,0,0.0,2,1
1790653452.3877106,1,1196,5037,0,0.0,2,1
1790653456.179079,2,43,5055,0,0.0,2,1
1790653457.1605635,6,1196,5044,0,0.0,2,1
1790653459.3575387,4,1183,5106,0,0.0,2,1
1790653461.5669146,3,1195,5206,0,0.0,2,1
1790653462.631768,7,1178,5104,0,0.0,2,1
1790653463.512221,8,131,5089,0,0.0,2,1
1790653463.9513614,10,1193,5029,0,0.0,2,1
1790653468.5485597,1,1197,5154,0,0.0,2,1
1790653472.2449918,2,44,5065,0,0.0,2,1
1790653474.9121785,9,44,5010,0,0.0,2,1
1790653476.3419983,4,1184,5181,0,0.0,2,1
1790653476.5681164,5,1196,5016,0,0.0,2,1
1790653477.8609364,7,1179,5208,0,0.0,2,1
1790653485.216142,1,1198,5212,0,0.0,2,1
1790653487.5008135,6,1198,5064,0,0.0,2,1
1790653488.3242636,2,45,5073,0,0.0,2,1
1790653489.1533053,4,1185,3372,-66,12.0,1,1
1790653491.0718305,7,1180,2949,-54,12.25,1,1
1790653492.1085153,5,1197,5178,0,0.0,2,1
1790653492.790826,3,1197,5213,0,0.0,2,1
1790653493.4559083,8,133,5037,0,0.0,2,1
1790653494.851441,10,1195,5018,0,0.0,2,1
1790653499.1546717,1,1199,3149,-72,10.25,1,1
1790653500.3068984,6,1199,3146,-46,12.25,1,1
1790653503.2620459,2,46,5094,0,0.0,2,1
1790653503.9634376,9,46,5053,0,0.0,2,1
1790653505.7117918,4,1186,5192,0,0.0,2,1
1790653507.0663633,7,1181,5135,0,0.0,2,1
1790653509.1891847,8,134,5182,0,0.0,2,1
1790653510.231499,10,1196,5007,0,0.0,2,1
1790653514.3068795,1,1200,5197,0,0.0,2,1
1790653516.5679011,6,1200,5072,0,0.0,2,1
1790653519.4357295,2,47,5204,0,0.0,2,1
1790653520.352025,4,1187,5127,0,0.0,2,1
1790653522.7084463,3,1199,5154,0,0.0,2,1
1790653523.1653187,5,1199,5127,0,0.0,2,1
1790653525.5175908,8,135,5049,0,0.0,2,1
1790653526.610142,10,1197,5025,0,0.0,2,1
1790653528.9600296,1,1201,5072,0,0.0,2,1
1790653532.5837822,6,1201,5185,0,0.0,2,1
1790653534.1830635,2,48,5131,0,0.0,2,1
1790653535.028438,4,1188,5074,0,0.0,2,1
1790653536.452588,9,48,5054,0,0.0,2,1
1790653538.0826437,3,1200,5012,0,0.0,2,1
1790653539.1208313,7,1183,5024,0,0.0,2,1
1790653541.0645423,8,136,5086,0,0.0,2,1
1790653543.2937813,10,1198,5155,0,0.0,2,1
1790653544.8540246,1,1202,5066,0,0.0,2,1
1790653547.5934765,4,1189,2924,-68,9.75,1,1
1790653548.73652,6,1202,5001,0,0.0,2,1
1790653550.8073404,9,49,3268,-74,12.5,1,1
1790653552.5429306,3,1201,2986,-53,12.25,1,1
1790653554.2640126,7,1184,5193,0,0.0,2,1
1790653555.2001393,5,1201,5118,0,0.0,2,1
1790653556.1214445,8,137,5207,0,0.0,2,1
1790653557.7331653,10,1199,3093,-50,12.0,1,1
1790653559.1987188,1,1203,2997,-66,12.0,1,1
1790653560.8922367,4,1190,3021,-55,8.75,1,1
1790653561.3465977,6,1203,2998,-67,12.0,1,1
1790653564.4413602,2,50,5038,0,0.0,2,1
1790653565.6234736,9,50,5097,0,0.0,2,1
1790653568.4015696,3,1202,5121,0,0.0,2,1
1790653569.189458,7,1185,5174,0,0.0,2,1
1790653570.4535265,5,1202,5110,0,0.0,2,1
1790653571.9811544,8,138,5096,0,0.0,2,1
1790653572.6856115,10,1200,5223,0,0.0,2,1
1790653574.875688,1,1204,5070,0,0.0,2,1
1790653576.1130905,4,1191,5201,0,0.0,2,1
1790653577.8146448,6,1204,5182,0,0.0,2,1
1790653579.2757628,2,51,5076,0,0.0,2,1
1790653581.8065932,9,51,5021,0,0.0,2,1
1790653583.8320143,3,1203,5201,0,0.0,2,1
1790653623.0981305,1,1207,5230,0,0.0,2,1
1790653623.5791488,4,1194,5046,0,0.0,2,1
1790653626.550655,2,54,5090,0,0.0,2,1
1790653628.4975317,9,54,5111,0,0.0,2,1
1790653630.3542843,3,1206,5024,0,0.0,2,1
1790653632.2223492,7,1189,5197,0,0.0,2,1
1790653633.9558616,10,1204,5202,0,0.0,2,1
1790653636.6045172,8,142,5063,0,0.0,2,1
1790653637.4393716,4,1195,3338,-54,12.25,1,1
1790653638.9539788,1,1208,5023,0,0.0,2,1
1790653641.912911,6,1208,5002,0,0.0,2,1
1790653642.6292312,2,55,5009,0,0.0,2,1
1790653644.9117167,3,1207,3115,-53,10.75,1,1
1790653646.5238485,7,1190,3049,-53,12.25,1,1
1790653646.8303442,10,1205,3028,-62,12.0,1,1
1790653650.3158476,5,1207,5027,0,0.0,2,1
1790653651.2827852,8,143,5031,0,0.0,2,1
1790653653.6258714,4,1196,5007,0,0.0,2,1
1790653654.6114056,1,1209,5177,0,0.0,2,1
1790653657.9875221,6,1209,5122,0,0.0,2,1
1790653658.7605662,9,56,5230,0,0.0,2,1
1790653659.2116284,2,56,5126,0,0.0,2,1
1790653660.991142,3,1208,5015,0,0.0,2,1
1790653661.6705754,7,1191,5133,0,0.0,2,1
1790653662.9182825,10,1206,5047,0,0.0,2,1
1790653666.8898082,5,1208,5184,0,0.0,2,1
1790653667.4047024,8,144,5193,0,0.0,2,1
1790653669.5883203,1,1210,5100,0,0.0,2,1
1790653669.7731054,4,1197,5029,0,0.0,2,1
1790653673.679205,2,57,5038,0,0.0,2,1
1790653674.2822316,9,57,5164,0,0.0,2,1
1790653674.3629224,6,1210,5148,0,0.0,2,1
1790653676.3220448,3,1209,5021,0,0.0,2,1
1790653677.2475858,7,1192,5127,0,0.0,2,1
1790653679.214055,10,1207,5069,0,0.0,2,1
1790653682.8454616,5,1209,5227,0,0.0,2,1
1790653685.1158454,1,1211,5082,0,0.0,2,1
1790653686.2467997,4,1198,5154,0,0.0,2,1
1790653689.8838456,2,58,5009,0,0.0,2,1
1790653690.1484702,9,58,5064,0,0.0,2,1
1790653690.4874055,6,1211,5177,0,0.0,2,1
1790653692.1933248,7,1193,5019,0,0.0,2,1
1790653692.7295723,3,1210,5118,0,0.0,2,1
1790653695.4903529,10,1208,5067,0,0.0,2,1
1790653698.535644,5,1210,5071,0,0.0,2,1
1790653699.0774148,8,146,5211,0,0.0,2,1
1790653700.5175447,4,1199,3167,-65,10.25,1,1
1790653703.490959,2,59,3353,-59,12.5,1,1
1790653704.5148335,6,1212,3267,-47,12.75,1,1
1790653706.1214838,3,1211,3066,-77,12.25,1,1
1790653707.8774948,7,1194,5215,0,0.0,2,1
1790653709.5375311,10,1209,2933,-60,9.75,1,1
1790653713.9020553,5,1211,5163,0,0.0,2,1
1790653714.9181414,1,1213,5001,0,0.0,2,1
1790653716.3994017,4,1200,5197,0,0.0,2,1
1790653720.0476284,2,60,5042,0,0.0,2,1
1790653722.7260833,3,1212,5228,0,0.0,2,1
1790653724.0323606,7,1195,5148,0,0.0,2,1
1790653724.755986,10,1210,5041,0,0.0,2,1
1790653728.7741365,8,148,5043,0,0.0,2,1
1790653729.8676813,5,1212,5059,0,0.0,2,1
1790653731.3269951,1,1214,5050,0,0.0,2,1
1790653732.7253575,4,1201,5104,0,0.0,2,1
1790653734.9237475,6,1214,5071,0,0.0,2,1
1790653735.6192865,9,61,5102,0,0.0,2,1
1790653736.429944,2,61,5138,0,0.0,2,1
1790653737.8769288,3,1213,5122,0,0.0,2,1
1790653739.319186,7,1196,5213,0,0.0,2,1
1790653740.7325642,10,1211,5209,0,0.0,2,1
1790653745.2362988,8,149,5037,0,0.0,2,1
1790653745.7521715,5,1213,5139,0,0.0,2,1
1790653747.3812847,4,1202,5032,0,0.0,2,1
1790653750.3559742,6,1215,5080,0,0.0,2,1
1790653751.677292,9,62,5181,0,0.0,2,1
1790653752.3354003,2,62,5091,0,0.0,2,1
1790653753.1504834,3,1214,5024,0,0.0,2,1
1790653755.3666685,10,1212,5116,0,0.0,2,1
1790653755.5901546,7,1197,5193,0,0.0,2,1
1790653759.7789547,8,150,3090,-50,12.25,1,1
1790653761.0095394,4,1203,3003,-66,12.0,1,1
1790653761.7340105,5,1214,5035,0,0.0,2,1
1790653763.1689963,1,1216,5010,0,0.0,2,1
1790653764.2834299,6,1216,3062,-61,13.25,1,1
1790653767.283506,3,1215,2927,-77,12.0,1,1
1790653768.0748954,7,1198,2902,-56,12.5,1,1
1790653771.4572759,10,1213,5094,0,0.0,2,1
1790653776.2644658,8,151,5055,0,0.0,2,1
1790653776.9903488,4,1204,5166,0,0.0,2,1
1790653778.3043237,5,1215,5102,0,0.0,2,1
1790653780.0377767,6,1217,5171,0,0.0,2,1
1790653780.3541985,2,64,5119,0,0.0,2,1
1790653780.8846955,9,64,5019,0,0.0,2,1
1790653783.1298184,3,1216,5170,0,0.0,2,1
1790653784.2360435,7,1199,5127,0,0.0,2,1
1790653786.5999138,10,1214,5082,0,0.0,2,1
1790653791.0040758,8,152,5077,0,0.0,2,1
1790653792.948892,4,1205,5028,0,0.0,2,1
1790653793.696963,5,1216,5097,0,0.0,2,1
1790653794.1898947,1,1218,5083,0,0.0,2,1
1790653795.2978952,6,1218,5072,0,0.0,2,1
1790653796.346488,2,65,5201,0,0.0,2,1
1790653797.3902247,9,65,5166,0,0.0,2,1
1790653799.2328417,3,1217,5029,0,0.0,2,1
1790653800.7388642,7,1200,5189,0,0.0,2,1
1790653802.6815913,10,1215,5039,0,0.0,2,1
1790653807.003896,8,153,5005,0,0.0,2,1
1790653808.4238417,4,1206,5008,0,0.0,2,1
1790653808.827903,5,1217,5049,0,0.0,2,1
1790653809.5742123,1,1219,5226,0,0.0,2,1
1790653811.430719,6,1219,5080,0,0.0,2,1
1790653812.2000594,9,66,5037,0,0.0,2,1
1790653812.8510003,2,66,5170,0,0.0,2,1
1790653815.5911489,3,1218,5021,0,0.0,2,1
1790653816.7092347,7,1201,5072,0,0.0,2,1
1790653817.6515734,10,1216,5155,0,0.0,2,1
1790653821.3305173,8,154,3110,-51,12.5,1,1
1790653823.8149846,5,1218,5144,0,0.0,2,1
1790653824.6916072,1,1220,5130,0,0.0,2,1
1790653825.3410323,9,67,3115,-49,12.0,1,1
1790653825.613373,6,1220,3028,-60,13.25,1,1
1790653827.1536262,2,67,2939,-46,13.0,1,1
1790653829.2985585,3,1219,3130,-53,12.75,1,1
1790653829.9236355,7,1202,3188,-53,13.25,1,1
1790653831.0550866,10,1217,2968,-61,12.25,1,1
1790653837.5950027,8,155,5213,0,0.0,2,1
1790653839.8481126,5,1219,5097,0,0.0,2,1
1790653841.4202557,1,1221,5101,0,0.0,2,1
1790653841.7941751,6,1221,5166,0,0.0,2,1
1790653842.451398,2,68,5097,0,0.0,2,1
1790653845.205551,3,1220,5018,0,0.0,2,1
1790653846.0965014,10,1218,5152,0,0.0,2,1
1790653853.0953195,8,156,5092,0,0.0,2,1
1790653854.738386,5,1220,5075,0,0.0,2,1
1790653893.5203683,7,1206,5191,0,0.0,2,1
1790653895.2396765,10,1221,5154,0,0.0,2,1
1790653900.8994718,8,159,5037,0,0.0,2,1
1790653902.0205066,5,1223,5072,0,0.0,2,1
1790653902.5141194,6,1225,5232,0,0.0,2,1
1790653903.156407,1,1225,5123,0,0.0,2,1
1790653906.238916,2,72,5045,0,0.0,2,1
1790653908.0001178,7,1207,3166,-58,10.5,1,1
1790653909.5913768,10,1222,3106,-51,4.75,1,1
1790653914.106326,8,160,3019,-78,12.25,1,1
1790653926.8325944,5,1224,3249,-61,13.25,1,1
1790653926.869899,6,1226,5011,0,0.0,2,1
1790653926.8888571,9,73,5173,0,0.0,2,1
1790653926.9062011,1,1226,5216,0,0.0,2,1
1790653926.9254096,4,1213,5094,0,0.0,2,1
1790653926.9443696,3,1225,5039,0,0.0,2,1
1790653926.9615736,2,73,5102,0,0.0,2,1
1790653926.9803858,7,1208,5106,0,0.0,2,1
1790653926.9991584,10,1223,5029,0,0.0,2,1
1790653930.3835115,8,161,5199,0,0.0,2,1
1790653931.7878103,5,1225,5038,0,0.0,2,1
1790653932.844269,6,1227,5229,0,0.0,2,1
1790653933.3509014,9,74,5201,0,0.0,2,1
1790653933.8878028,1,1227,5060,0,0.0,2,1
1790653934.3959033,4,1214,5042,0,0.0,2,1
1790653937.3404317,3,1226,5158,0,0.0,2,1
1790653937.748675,2,74,5088,0,0.0,2,1
1790653939.0154781,7,1209,5202,0,0.0,2,1
1790653941.0281072,10,1224,5007,0,0.0,2,1
1790653946.5731606,8,162,5134,0,0.0,2,1
1790653947.8785648,5,1226,5092,0,0.0,2,1
1790653949.5041351,6,1228,5104,0,0.0,2,1
1790653950.0247352,9,75,5081,0,0.0,2,1
1790653952.3994038,3,1227,5114,0,0.0,2,1
1790653952.6060894,2,75,5058,0,0.0,2,1
1790653954.1479204,7,1210,5068,0,0.0,2,1
1790653956.5873284,10,1225,5108,0,0.0,2,1
1790653962.3486147,8,163,5230,0,0.0,2,1
1790653962.8642151,5,1227,5006,0,0.0,2,1
1790653964.472414,9,76,5005,0,0.0,2,1
1790653965.291931,6,1229,5148,0,0.0,2,1
1790653969.4215739,7,1211,5019,0,0.0,2,1
1790653971.0242026,10,1226,3164,-51,12.5,1,1
1790653977.1788583,8,164,5072,0,0.0,2,1
1790653978.0032263,5,1228,5134,0,0.0,2,1
1790653980.2515104,9,77,5126,0,0.0,2,1
1790653980.5625913,6,1230,5130,0,0.0,2,1
1790653983.5613317,3,1229,5220,0,0.0,2,1
1790653984.0480883,2,77,5107,0,0.0,2,1
1790653984.7716699,7,1212,5180,0,0.0,2,1
1790653985.8806329,10,1227,5154,0,0.0,2,1
1790653993.5709426,5,1229,5066,0,0.0,2,1
1790653995.1099114,9,78,5157,0,0.0,2,1
1790653996.3412013,1,1231,5144,0,0.0,2,1
1790653996.8485816,6,1231,5086,0,0.0,2,1
1790654003.634506,3,1230,5070,0,0.0,2,1
1790654003.6764696,2,78,5090,0,0.0,2,1
1790654003.7127495,7,1213,5033,0,0.0,2,1
1790654003.7301521,10,1228,5154,0,0.0,2,1
1790654008.5276961,8,166,5009,0,0.0,2,1
1790654010.2458253,5,1230,5171,0,0.0,2,1
1790654011.7839985,9,79,5095,0,0.0,2,1
1790654012.2217596,6,1232,5069,0,0.0,2,1
1790654012.7398157,1,1232,5051,0,0.0,2,1
1790654014.6562612,2,79,5098,0,0.0,2,1
1790654016.111058,7,1214,5120,0,0.0,2,1
1790654017.6120908,10,1229,5154,0,0.0,2,1
1790654024.109889,8,167,5188,0,0.0,2,1
1790654025.6263835,5,1231,5149,0,0.0,2,1
1790654026.6433456,9,80,5068,0,0.0,2,1
1790654028.7330828,2,80,3111,-45,10.25,1,1
1790654029.8469024,3,1232,5205,0,0.0,2,1
1790654031.2738302,7,1215,5221,0,0.0,2,1
1790654032.706126,10,1230,5154,0,0.0,2,1
1790654038.8576562,5,1232,2979,-60,10.75,1,1
1790654039.553487,8,168,5213,0,0.0,2,1
1790654041.9852319,9,81,5101,0,0.0,2,1
1790654043.9595206,6,1234,5116,0,0.0,2,1
1790654044.7022684,2,81,5006,0,0.0,2,1
1790654045.2120364,3,1233,5014,0,0.0,2,1
1790654048.1008863,10,1231,5153,0,0.0,2,1
1790654054.4122138,5,1233,5057,0,0.0,2,1
1790654055.1164749,8,169,5013,0,0.0,2,1
1790654056.7789037,9,82,5057,0,0.0,2,1
1790654060.5137234,2,82,5211,0,0.0,2,1
1790654060.9391866,1,1235,5183,0,0.0,2,1
1790654063.927461,7,1217,5062,0,0.0,2,1
1790654064.5299594,10,1232,5153,0,0.0,2,1
1790654069.2281995,5,1234,5008,0,0.0,2,1
1790654071.347983,8,170,5005,0,0.0,2,1
1790654073.0535998,9,83,5053,0,0.0,2,1
1790654074.6781452,6,1236,5109,0,0.0,2,1
1790654075.1045601,2,83,5084,0,0.0,2,1
1790654075.878033,1,1236,5005,0,0.0,2,1
1790654076.5277545,3,1235,5036,0,0.0,2,1
1790654079.902912,7,1218,5097,0,0.0,2,1
1790654080.4183478,10,1233,5128,0,0.0,2,1
1790654084.1881516,5,1235,5026,0,0.0,2,1
1790654087.1617143,8,171,5033,0,0.0,2,1
1790654087.7794302,6,1237,2968,-45,12.0,1,1
1790654091.2436547,2,84,5074,0,0.0,2,1
1790654091.6910055,1,1237,5223,0,0.0,2,1
1790654092.7138362,3,1236,5233,0,0.0,2,1
1790654094.039168,7,1219,3125,-56,13.0,1,1
1790654096.8973746,10,1234,5140,0,0.0,2,1
1790654097.3972266,5,1236,2988,-59,12.5,1,1
1790654101.005199,8,172,3102,-73,12.0,1,1
1790654103.353538,9,85,5199,0,0.0,2,1
1790654104.3925707,6,1238,5067,0,0.0,2,1
1790654106.7288988,1,1238,5013,0,0.0,2,1
1790654107.745287,2,85,5147,0,0.0,2,1
1790654109.2977378,3,1237,5158,0,0.0,2,1
1790654109.821318,7,1220,5001,0,0.0,2,1
1790654112.6526859,5,1237,5179,0,0.0,2,1
1790654113.180356,10,1235,5038,0,0.0,2,1
1790654117.6848187,8,173,5030,0,0.0,2,1
1790654119.0410445,9,86,5147,0,0.0,2,1
1790654119.947637,6,1239,5008,0,0.0,2,1
1790654122.2928662,1,1239,5105,0,0.0,2,1
1790654123.5256796,2,86,5094,0,0.0,2,1
1790654124.0511127,3,1238,5090,0,0.0,2,1
1790654124.8329284,7,1221,5027,0,0.0,2,1
1790654127.3912446,5,1238,5122,0,0.0,2,1
1790654165.3871095,9,89,5034,0,0.0,2,1
1790654166.6333218,6,1242,5111,0,0.0,2,1
1790654172.0578094,3,1241,5065,0,0.0,2,1
1790654174.632232,5,1241,5064,0,0.0,2,1
1790654175.1251075,10,1239,5161,0,0.0,2,1
1790654178.1914997,9,90,3081,-49,10.5,1,1
1790654189.9645584,8,177,5235,0,0.0,2,1
1790654189.995172,6,1243,5000,0,0.0,2,1
1790654190.023311,2,90,5090,0,0.0,2,1
1790654190.0477922,1,1243,5003,0,0.0,2,1
1790654190.074486,7,1225,5067,0,0.0,2,1
1790654190.0944016,3,1242,5025,0,0.0,2,1
1790654190.3060238,10,1240,5044,0,0.0,2,1
1790654190.869809,5,1242,5130,0,0.0,2,1
1790654192.8976011,9,91,5010,0,0.0,2,1
1790654193.901405,8,178,5062,0,0.0,2,1
1790654199.2613788,6,1244,5122,0,0.0,2,1
1790654201.9723349,1,1244,5085,0,0.0,2,1
1790654201.9915617,2,91,5059,0,0.0,2,1
1790654203.3540428,7,1226,5164,0,0.0,2,1
1790654205.0981414,10,1241,5164,0,0.0,2,1
1790654205.8211925,5,1243,5013,0,0.0,2,1
1790654209.393216,9,92,5224,0,0.0,2,1
1790654210.0816088,8,179,5088,0,0.0,2,1
1790654215.3001158,6,1245,5025,0,0.0,2,1
1790654216.0195024,1,1245,5125,0,0.0,2,1
1790654216.6640794,2,92,5039,0,0.0,2,1
1790654221.574057,5,1244,5149,0,0.0,2,1
1790654224.262513,9,93,5112,0,0.0,2,1
1790654225.456668,8,180,5096,0,0.0,2,1
1790654230.7669613,6,1246,5135,0,0.0,2,1
1790654231.8132873,1,1246,5145,0,0.0,2,1
1790654232.8421657,2,93,5003,0,0.0,2,1
1790654234.3327858,7,1228,5183,0,0.0,2,1
1790654236.4026845,5,1245,5144,0,0.0,2,1
1790654238.9800587,9,94,5142,0,0.0,2,1
1790654241.537837,8,181,5077,0,0.0,2,1
1790654245.2167566,6,1247,5171,0,0.0,2,1
1790654247.6864345,1,1247,5142,0,0.0,2,1
1790654248.6311388,2,94,5035,0,0.0,2,1
1790654249.53421,5,1246,3196,-48,13.25,1,1
1790654250.5423372,7,1229,5168,0,0.0,2,1
1790654251.0544379,10,1244,5057,0,0.0,2,1
1790654252.9069593,3,1246,5046,0,0.0,2,1
1790654255.0526636,9,95,5189,0,0.0,2,1
1790654256.2101648,8,182,5183,0,0.0,2,1
1790654260.8103566,6,1248,5023,0,0.0,2,1
1790654263.3499036,1,1248,5055,0,0.0,2,1
1790654265.0040483,2,95,5019,0,0.0,2,1
1790654265.3124068,5,1247,5051,0,0.0,2,1
1790654265.915892,7,1230,5050,0,0.0,2,1
1790654267.2323136,10,1245,5201,0,0.0,2,1
1790654268.5997431,3,1247,5090,0,0.0,2,1
1790654270.0059462,9,96,5111,0,0.0,2,1
1790654272.2779539,8,183,5147,0,0.0,2,1
1790654275.9536514,6,1249,5036,0,0.0,2,1
1790654278.7839322,1,1249,5091,0,0.0,2,1
1790654280.035052,5,1248,5117,0,0.0,2,1
1790654280.9778342,7,1231,5207,0,0.0,2,1
1790654281.4488418,2,96,5033,0,0.0,2,1
1790654283.8286839,10,1246,5201,0,0.0,2,1
1790654285.8601294,9,97,5042,0,0.0,2,1
1790654287.8225226,8,184,5061,0,0.0,2,1
1790654291.006928,6,1250,5029,0,0.0,2,1
1790654295.3072062,5,1249,5105,0,0.0,2,1
1790654296.8524678,7,1232,5198,0,0.0,2,1
1790654297.565353,2,97,5155,0,0.0,2,1
1790654298.7952962,10,1247,5145,0,0.0,2,1
1790654299.318387,9,98,3342,-47,12.25,1,1
1790654302.989834,8,185,5116,0,0.0,2,1
1790654306.1599617,6,1251,5001,0,0.0,2,1
1790654309.0534697,5,1250,2989,-59,9.5,1,1
1790654310.554228,7,1233,3017,-56,12.5,1,1
1790654311.1612465,1,1251,5085,0,0.0,2,1
1790654313.036074,2,98,5006,0,0.0,2,1
1790654313.5594347,10,1248,5149,0,0.0,2,1
1790654314.157054,9,99,5204,0,0.0,2,1
1790654314.6637053,3,1250,5149,0,0.0,2,1
1790654318.4515123,8,186,5081,0,0.0,2,1
1790654321.8085713,6,1252,5087,0,0.0,2,1
1790654324.0904517,5,1251,5070,0,0.0,2,1
1790654325.7257097,7,1234,5138,0,0.0,2,1
1790654326.9477036,1,1252,5095,0,0.0,2,1
1790654328.8168638,10,1249,5030,0,0.0,2,1
1790654329.5117948,2,99,5015,0,0.0,2,1
1790654329.9980338,9,100,5226,0,0.0,2,1
1790654331.2632282,3,1251,5229,0,0.0,2,1
1790654333.7085133,8,187,5146,0,0.0,2,1
1790654336.8727813,6,1253,5087,0,0.0,2,1
1790654339.4287229,5,1252,5051,0,0.0,2,1
1790654340.875631,7,1235,5033,0,0.0,2,1
1790654342.7111852,1,1253,5232,0,0.0,2,1
1790654344.7697315,2,100,5159,0,0.0,2,1
1790654345.0638006,10,1250,5137,0,0.0,2,1
1790654345.5623863,9,101,5187,0,0.0,2,1
1790654346.6996129,3,1252,5015,0,0.0,2,1
1790654349.6916597,8,188,5035,0,0.0,2,1
1790654351.6170583,6,1254,5224,0,0.0,2,1
1790654354.3925784,5,1253,5027,0,0.0,2,1
1790654356.8468642,7,1236,5052,0,0.0,2,1
1790654358.0880818,1,1254,5147,0,0.0,2,1
1790654359.8381233,10,1251,5131,0,0.0,2,1
1790654360.6545722,2,101,5158,0,0.0,2,1
1790654361.0287309,9,102,5084,0,0.0,2,1
1790654364.311363,8,189,5040,0,0.0,2,1
1790654366.2340927,6,1255,3128,-59,0.0,1,1
1790654369.77424,5,1254,5029,0,0.0,2,1
1790654370.5005171,7,1237,2992,-57,10.25,1,1
1790654371.5715988,1,1255,3008,-50,13.25,1,1
1790654374.753105,10,1252,5029,0,0.0,2,1
1790654376.0639246,3,1254,5022,0,0.0,2,1
1790654376.7942839,2,102,5068,0,0.0,2,1
1790654379.562576,8,190,5057,0,0.0,2,1
1790654381.6919782,6,1256,5131,0,0.0,2,1
1790654385.1762226,7,1238,5129,0,0.0,2,1
1790654385.6571436,5,1255,5078,0,0.0,2,1
1790654387.133486,1,1256,5044,0,0.0,2,1
1790654391.4004698,10,1253,5218,0,0.0,2,1
1790654391.8172126,2,103,5206,0,0.0,2,1
1790654393.0590415,9,104,5229,0,0.0,2,1
1790654394.20115,8,191,5036,0,0.0,2,1
1790654397.5784502,6,1257,5016,0,0.0,2,1
