t,node,tel,ack_flag,policy,block,sent_gws,reject_reason,b1,b2,b3,score1,score2,score3,used_gw1,used_gw2,used_gw3,interferer
1790600590.300082,10,517,1,round-robin,21,2,,0.9,0.9933,,nan,nan,,0,1,,OFF
1790600590.741511,7,526,1,round-robin,21,1,,0.9,0.9938,,nan,nan,,1,1,,OFF
1790600593.6227906,5,523,1,round-robin,21,1,,0.989,0.9925,,nan,nan,,2,1,,OFF
1790600595.3578835,4,528,0,round-robin,21,1,,0.9,0.9897,,nan,nan,,3,1,,OFF
1790600597.603192,8,516,1,round-robin,21,1,,0.9925,0.9933,,nan,nan,,4,1,,OFF
1790600598.840452,1,519,1,round-robin,21,1,,0.9925,0.9914,,nan,nan,,5,1,,OFF
1790600600.574429,3,520,1,round-robin,21,1,,0.9933,0.4611,,nan,nan,,6,1,,OFF
1790600603.2158017,9,529,1,round-robin,21,1,,0.9921,0.9938,,nan,nan,,7,1,,OFF
1790600603.8587804,2,455,1,round-robin,21,1,,0.9,0.9933,,nan,nan,,8,1,,OFF
1790600606.6120048,10,518,1,round-robin,21,2,,0.9938,0.99,,nan,nan,,8,2,,OFF
1790600607.6376767,5,524,1,round-robin,21,2,,0.9915,0.9938,,nan,nan,,8,3,,OFF
1790600608.4650202,4,529,1,round-robin,21,2,,0.9885,0.9861,,nan,nan,,8,4,,OFF
1790600610.3082643,8,517,1,round-robin,21,2,,0.9925,0.9938,,nan,nan,,8,5,,OFF
1790600615.1894507,1,520,1,round-robin,21,2,,0.9925,0.9933,,nan,nan,,8,6,,OFF
1790600618.8699098,9,530,1,round-robin,21,2,,0.9879,0.99,,nan,nan,,8,7,,OFF
1790600619.4136872,2,456,1,round-robin,21,2,,0.0,0.9882,,nan,nan,,8,8,,ON
1790600620.3375702,7,528,1,round-robin,21,2,,0.9933,0.9925,,nan,nan,,8,9,,ON
1790600620.7447624,4,530,1,round-robin,21,1,,0.9941,0.9925,,nan,nan,,9,9,,ON
1790600621.3643532,3,521,0,round-robin,21,2,,0.9933,0.9159,,nan,nan,,9,10,,ON
1790600621.4933703,5,525,1,round-robin,21,1,,0.9941,0.9938,,nan,nan,,10,10,,ON
1790600621.5139904,6,524,1,round-robin,21,1,,0.7416,0.8535,,nan,nan,,11,10,,ON
1790600629.074255,1,521,1,round-robin,21,1,,0.491,0.2526,,nan,nan,,12,10,,ON
1790600707.4682808,1,526,1,state-aware,21,2,,0.991,0.9914,,0.991,0.9914,,0,1,,OFF
1790600708.8249626,3,527,1,state-aware,21,2,,0.9,0.988,,0.9,0.988,,0,2,,OFF
1790600710.8755734,9,536,1,state-aware,21,2,,0.9,0.9925,,0.9,0.9925,,0,3,,ON
1790600711.6458538,4,536,1,state-aware,21,2,,0.9,0.9899,,0.9,0.9899,,0,4,,ON
1790600712.2675805,7,534,1,state-aware,21,2,,0.9,0.9926,,0.9,0.9926,,0,5,,ON
1790600712.896206,6,530,1,state-aware,21,2,,0.9,0.9931,,0.9,0.9931,,0,6,,ON
1790600713.5283272,2,462,1,state-aware,21,2,,0.9,0.9924,,0.9,0.9924,,0,7,,ON
1790600719.1353571,5,531,0,state-aware,21,2,,0.9,0.9705,,0.9,0.9705,,0,8,,ON
1790600728.7046607,2,463,1,state-aware,21,1,,0.9916,0.9933,,0.9916,0.8944,,1,8,,OFF
1790600729.798947,5,532,1,state-aware,21,1,,0.8892,0.8889,,0.8892,0.8074,,2,8,,OFF
1790600729.9879556,10,525,1,state-aware,21,1,,0.8535,0.8407,,0.8535,0.8407,,3,8,,OFF
1790600730.0105684,1,527,1,state-aware,21,2,,0.0279,0.9914,,0.0279,0.9262,,3,9,,OFF
1790600730.0312533,9,537,1,state-aware,21,1,,0.9894,0.9925,,0.9894,0.8938,,4,9,,OFF
1790600730.048366,4,537,1,state-aware,21,1,,0.9881,0.9899,,0.9881,0.8916,,5,9,,OFF
1790600730.0729856,7,535,1,state-aware,21,2,,0.0001,0.0018,,0.0001,0.0682,,5,10,,OFF
1790600733.6651351,8,525,1,state-aware,21,2,,0.9924,0.9939,,0.9924,0.9939,,5,11,,OFF
1790600734.1379056,6,531,0,state-aware,21,1,,0.9938,0.9933,,0.9938,0.8944,,6,11,,OFF
1790600736.1395392,10,526,0,state-aware,21,1,,0.8535,0.8407,,0.8535,0.8407,,7,11,,OFF
1790600738.296243,1,528,1,state-aware,21,1,,0.9925,0.9915,,0.9925,0.8453,,8,11,,OFF
1790600740.8672345,3,529,1,state-aware,21,1,,0.9938,0.9873,,0.9938,0.9873,,9,11,,OFF
1790600741.7893217,4,538,1,state-aware,21,1,,0.9931,0.8689,,0.8942,0.7908,,10,11,,OFF
1790600742.5198328,7,536,1,state-aware,21,1,,0.9933,0.9931,,0.9933,0.8008,,11,11,,OFF
1790600742.6385584,9,538,1,state-aware,21,2,,0.0,0.9925,,0.0667,0.8938,,11,12,,OFF
1790600743.0250788,2,464,1,state-aware,21,1,,0.9925,0.9943,,0.9271,0.8952,,12,12,,OFF
1790600743.7197878,6,532,1,state-aware,21,2,,0.9923,0.9944,,0.8936,0.8953,,12,13,,OFF
1790600745.6669238,10,527,1,state-aware,21,2,,0.9932,0.9915,,0.8924,0.9915,,12,14,,OFF
1790600746.3011038,5,533,1,state-aware,21,1,,0.9932,0.9924,,0.8943,0.8937,,13,14,,OFF
1790600749.1392057,8,526,1,state-aware,21,1,,0.9913,0.9938,,0.9913,0.8949,,14,14,,OFF
1790600752.8559482,1,529,1,state-aware,21,1,,0.9914,0.9938,,0.9262,0.847,,15,14,,OFF
1790600755.6293335,3,530,1,state-aware,21,2,,0.9933,0.9914,,0.9278,0.9914,,15,15,,OFF
1790600756.7565362,4,539,1,state-aware,21,1,,0.9925,0.0,,0.8004,0.0667,,16,15,,OFF
1790600757.1727002,9,539,1,state-aware,21,1,,0.9878,0.9933,,0.8898,0.8581,,17,15,,OFF
1790600757.9577217,6,533,1,state-aware,21,1,,0.9882,0.9901,,0.8902,0.8558,,18,15,,OFF
1790600758.3829,2,465,1,state-aware,21,2,,0.9925,0.9916,,0.8461,0.893,,18,16,,OFF
1790600760.4700146,7,537,1,state-aware,21,1,,0.9941,0.9933,,0.8951,0.8009,,19,16,,OFF
1790600760.5145915,10,528,1,state-aware,21,2,,0.99,0.9942,,0.8917,0.8951,,19,17,,OFF
1790600762.3683956,5,534,1,state-aware,21,2,,0.9937,0.9915,,0.8012,0.8929,,19,18,,ON
1790600767.3629577,1,530,1,state-aware,21,1,,0.9938,0.9938,,0.9042,0.847,,20,18,,ON
1790600768.626533,3,531,1,state-aware,21,1,,0.0,0.0,,0.1,0.1,,21,17,,ON
1790600771.4696333,9,540,1,state-aware,21,1,,0.9543,0.0,,0.773,0.1486,,22,15,,ON
1790600772.35198,4,540,1,state-aware,21,1,,0.0899,0.0,,0.2272,0.0667,,23,13,,ON
1790600772.3774705,6,534,1,state-aware,21,1,,0.0254,0.0,,0.1667,0.1486,,24,13,,ON
1790600774.938458,7,538,1,state-aware,21,2,,0.4713,0.9933,,0.4281,0.8009,,24,12,,ON
1790600777.331441,5,535,1,state-aware,21,2,,0.0553,0.9771,,0.1309,0.7894,,24,13,,ON
1790600778.147821,2,466,0,state-aware,21,1,,0.9925,0.0,,0.8461,0.1486,,25,13,,ON
1790600782.0277567,1,531,1,state-aware,21,1,,0.9922,0.7141,,0.8241,0.6472,,26,12,,ON
1790600786.77767,9,541,1,state-aware,21,1,,0.0,0.0,,0.171,0.1486,,27,12,,OFF
1790600786.8680148,6,535,1,state-aware,21,2,,0.9877,0.9929,,0.8483,0.8578,,27,13,,OFF
1790600788.4806652,2,467,1,state-aware,21,2,,0.9932,0.9944,,0.7648,0.8588,,27,14,,OFF
1790600789.1542509,3,532,0,state-aware,21,1,,0.0,0.0,,0.1371,0.1,,27,14,,OFF
1790600790.0081534,7,539,1,state-aware,21,1,,0.9933,0.9933,,0.8009,0.7168,,26,14,,OFF
1790600790.8345652,10,530,1,state-aware,21,2,,0.9914,0.9938,,0.8928,0.8949,,24,13,,OFF
1790600793.78986,5,536,1,state-aware,21,1,,0.9916,0.9916,,0.7997,0.7157,,25,12,,OFF
1790600796.4676166,8,529,1,state-aware,21,1,,0.9925,0.9925,,0.9925,0.8938,,24,12,,OFF
1790600798.0133862,3,533,1,state-aware,21,2,,0.9936,0.984,,0.765,0.92,,24,13,,OFF
1790600798.6262214,1,532,1,state-aware,21,2,,0.9924,0.9923,,0.7447,0.8459,,23,14,,OFF
1790600801.588425,9,542,1,state-aware,21,2,,0.9926,0.9915,,0.8024,0.8568,,22,15,,OFF
1790600802.2852638,2,468,1,state-aware,21,2,,0.9932,0.9924,,0.7648,0.8512,,21,16,,OFF
1790600802.6915083,4,542,1,state-aware,21,2,,0.9916,0.99,,0.7907,0.8917,,20,16,,OFF
1790600804.501664,7,540,1,state-aware,21,1,,0.2967,0.0,,0.3564,0.096,,20,15,,OFF
1790600807.02821,5,537,1,state-aware,21,1,,0.9942,0.9932,,0.7923,0.7168,,20,14,,OFF
1790600809.8894,8,530,1,state-aware,21,1,,0.9926,0.9938,,0.9272,0.8949,,20,14,,OFF
1790600810.159902,6,536,0,state-aware,21,1,,0.9898,0.9929,,0.8496,0.7766,,21,14,,OFF
1790600812.162686,10,531,0,state-aware,21,1,,0.9933,0.9938,,0.8944,0.8585,,22,14,,OFF
1790600813.6883955,1,533,1,state-aware,21,2,,0.9915,0.9902,,0.7442,0.7629,,21,15,,OFF
1790600814.3795438,3,534,1,state-aware,21,2,,0.9915,0.9926,,0.7637,0.8461,,21,16,,OFF
1790600816.0022113,2,469,1,state-aware,21,2,,0.9932,0.9932,,0.7648,0.8597,,21,16,,OFF
1790600816.8642063,4,543,1,state-aware,21,2,,0.9916,0.9938,,0.7907,0.8584,,20,17,,OFF
1790600817.4416602,9,543,1,state-aware,21,1,,0.9926,0.9925,,0.8024,0.7763,,20,17,,OFF
1790600817.9656549,7,541,1,state-aware,21,2,,0.2967,0.9937,,0.4159,0.7171,,19,18,,OFF
1790600818.673743,6,537,1,state-aware,21,2,,0.9915,0.9942,,0.7698,0.7774,,19,18,,OFF
1790600819.806223,10,532,1,state-aware,21,2,,0.9915,0.9933,,0.7997,0.858,,19,19,,OFF
1790600821.100211,5,538,1,state-aware,21,2,,0.016,0.9932,,0.2599,0.7168,,18,19,,OFF
1790600825.9322698,8,531,1,state-aware,21,2,,0.9925,0.9942,,0.8461,0.8952,,18,19,,OFF
1790600828.2019098,1,534,1,state-aware,21,1,,0.9938,0.9938,,0.7455,0.6886,,18,19,,OFF
1790600830.1784441,2,470,1,state-aware,21,2,,0.8804,0.9924,,0.6943,0.8733,,17,20,,OFF
1790600832.0930324,9,544,1,state-aware,21,1,,0.9932,0.9932,,0.8225,0.7768,,17,20,,OFF
1790600832.7527156,4,544,1,state-aware,21,1,,0.9938,0.9938,,0.7921,0.7771,,16,20,,OFF
1790600833.04442,6,538,1,state-aware,21,2,,0.9915,0.9938,,0.7698,0.7889,,16,21,,OFF
1790600833.643899,10,533,1,state-aware,21,2,,0.9925,0.9942,,0.8004,0.8523,,16,22,,OFF
1790600836.0203083,7,542,1,state-aware,21,2,,0.0004,0.9937,,0.2513,0.6431,,16,22,,ON
1790600836.1835806,3,535,0,state-aware,21,1,,0.9937,0.9933,,0.7651,0.7648,,17,22,,ON
1790600840.074472,8,532,1,state-aware,21,2,,0.0,0.8548,,0.1371,0.7591,,16,22,,ON
1790600841.4178836,1,535,1,state-aware,21,1,,0.7925,0.0302,,0.6703,0.1533,,17,22,,ON
1790600844.1003082,2,471,1,state-aware,21,2,,0.0,0.0,,0.144,0.4382,,16,23,,ON
1790600845.947685,9,545,1,state-aware,21,1,,0.9936,0.9932,,0.8452,0.7768,,17,23,,ON
1790600847.5950506,3,536,1,state-aware,21,2,,0.0,0.0,,0.1365,0.144,,16,23,,ON
1790600851.0806544,6,539,1,state-aware,21,1,,0.9494,0.9938,,0.7465,0.71,,15,21,,OFF
1790600851.1151416,5,540,1,state-aware,21,1,,0.972,0.9932,,0.791,0.7168,,16,21,,OFF
1790600851.1328163,7,543,1,state-aware,21,1,,0.9465,0.0723,,0.7769,0.1181,,17,21,,OFF
1790600853.1897044,4,545,0,state-aware,21,1,,0.9465,0.9606,,0.7769,0.7564,,18,21,,OFF
1790600853.190424,10,534,0,state-aware,21,2,,0.0,0.0,,0.0914,0.3079,,18,22,,OFF
1790600854.4236784,8,533,1,state-aware,21,2,,0.993,0.9941,,0.8465,0.8523,,17,23,,OFF
1790600857.2696464,1,536,1,state-aware,21,1,,0.9925,0.9914,,0.6903,0.6873,,17,23,,OFF
1790600859.8053463,9,546,1,state-aware,21,1,,0.9915,0.9925,,0.8665,0.7763,,18,21,,OFF
1790600859.8549278,2,472,1,state-aware,21,2,,0.9943,0.9924,,0.7655,0.7884,,18,22,,OFF
1790600861.6019528,4,546,1,state-aware,21,2,,0.6371,0.984,,0.5445,0.771,,18,22,,OFF
1790600862.5356934,10,535,1,state-aware,21,1,,0.9933,0.9924,,0.8009,0.7733,,19,21,,OFF
1790600864.070942,6,540,1,state-aware,21,1,,0.9925,0.9943,,0.7934,0.7103,,20,20,,OFF
1790600864.8464134,5,541,1,state-aware,21,1,,0.9914,0.9901,,0.8216,0.7148,,20,20,,OFF
1790600864.9989235,7,544,1,state-aware,21,1,,0.9913,0.9928,,0.8216,0.5783,,21,20,,OFF
1790600867.1985667,3,537,0,state-aware,21,2,,0.9853,0.9891,,0.6839,0.686,,20,21,,OFF
1790600867.6305106,8,534,1,state-aware,21,2,,0.9933,0.9942,,0.8466,0.8602,,20,22,,OFF
1790600871.5067418,1,537,1,state-aware,21,1,,0.9925,0.9933,,0.7348,0.6884,,19,22,,OFF
1790600872.9654117,9,547,1,state-aware,21,1,,0.9937,0.9914,,0.8879,0.7756,,19,22,,OFF
1790600873.2654727,2,473,1,state-aware,21,2,,0.9933,0.9932,,0.7648,0.8215,,19,23,,OFF
1790600885.360019,3,538,1,state-aware,21,1,,0.0,0.0,,0.1365,0.1229,,19,15,,OFF
1790600885.3870242,4,547,1,state-aware,21,1,,0.9926,0.99,,0.7222,0.6979,,20,15,,OFF
1790600885.4038317,6,541,1,state-aware,21,2,,0.0082,0.9942,,0.3721,0.7102,,20,16,,OFF
1790600885.425931,7,545,1,state-aware,21,1,,0.9888,0.9881,,0.843,0.576,,21,16,,OFF
1790600885.444396,8,535,1,state-aware,21,2,,0.9901,0.9939,,0.8444,0.874,,21,17,,OFF
1790600887.877244,1,538,1,state-aware,21,1,,0.9883,0.8073,,0.6513,0.585,,22,16,,OFF
1790600888.7305596,2,474,1,state-aware,21,1,,0.9926,0.9902,,0.7644,0.7209,,22,16,,OFF
1790600892.51087,10,537,1,state-aware,21,1,,0.9924,0.9925,,0.7912,0.7734,,22,15,,OFF
1790600893.0415695,4,548,1,state-aware,21,2,,0.9916,0.9901,,0.6479,0.698,,21,16,,OFF
1790600893.208383,10,536,0,state-aware,21,1,,0.9924,0.9925,,0.7912,0.7734,,22,15,,OFF
1790600893.2093177,5,542,0,state-aware,21,1,,0.9915,0.9931,,0.8442,0.7167,,23,15,,OFF
1790600893.2103212,9,548,0,state-aware,21,1,,0.9916,0.9914,,0.7767,0.7756,,24,15,,OFF
1790600894.3656058,7,546,1,state-aware,21,1,,0.9943,0.9925,,0.751,0.5782,,25,14,,OFF
1790600895.3441088,6,542,1,state-aware,21,2,,0.0008,0.9942,,0.3688,0.6379,,25,15,,OFF
1790600896.4934971,8,536,1,state-aware,21,1,,0.9938,0.9925,,0.847,0.7803,,25,14,,OFF
1790600901.2156446,3,539,0,state-aware,21,1,,0.0,0.0,,0.1229,0.1229,,26,13,,OFF
1790600901.2165859,5,543,0,state-aware,21,1,,0.9915,0.9931,,0.8442,0.7167,,27,13,,OFF
1790600902.5424657,9,549,1,state-aware,21,2,,0.9901,0.9926,,0.6807,0.7764,,26,14,,OFF
1790600902.8440585,2,475,1,state-aware,21,1,,0.9938,0.9942,,0.7776,0.7224,,27,14,,OFF
1790600903.8961554,1,539,1,state-aware,21,2,,0.9924,0.9923,,0.5811,0.6878,,27,15,,OFF
1790600906.0663354,10,538,1,state-aware,21,1,,0.9925,0.9933,,0.8024,0.7737,,27,14,,OFF
1790600908.6820846,7,547,1,state-aware,21,1,,0.9839,0.9259,,0.7856,0.5449,,28,13,,ON
1790600909.7181687,4,549,1,state-aware,21,1,,0.9735,0.6297,,0.6397,0.448,,29,13,,ON
1790600912.3920438,5,544,1,state-aware,21,1,,0.4675,0.0,,0.5315,0.096,,27,13,,ON
1790600914.2255232,3,540,0,state-aware,21,2,,0.8689,0.8804,,0.5022,0.5631,,26,13,,ON
1790600915.2275515,6,543,0,state-aware,21,1,,0.985,0.9926,,0.8161,0.5727,,27,12,,ON
1790600915.8526778,2,476,1,state-aware,21,2,,0.0,0.0,,0.3029,0.3673,,27,13,,ON
1790600917.0463247,1,540,1,state-aware,21,1,,0.0,0.0,,0.2266,0.2229,,28,13,,ON
1790600918.2302444,8,537,0,state-aware,21,1,,0.9938,0.9938,,0.8401,0.7808,,28,13,,ON
1790600918.6340768,9,550,1,state-aware,21,1,,0.9876,0.0,,0.6798,0.1479,,29,13,,ON
1790600922.9220936,4,550,1,state-aware,21,1,,0.9942,0.9924,,0.6996,0.6293,,28,11,,OFF
1790600923.4724557,7,548,1,state-aware,21,1,,0.9942,0.9942,,0.824,0.579,,29,11,,OFF
1790600924.6537256,3,541,1,state-aware,21,1,,0.9925,0.99,,0.5584,0.5573,,29,11,,OFF
1790600926.6360462,6,544,1,state-aware,21,2,,0.0054,0.9926,,0.3174,0.5727,,27,12,,OFF
1790600927.2381506,10,539,0,state-aware,21,2,,0.8783,0.9942,,0.6651,0.7742,,27,12,,OFF
1790600927.3170516,5,545,1,state-aware,21,1,,0.0515,0.0,,0.304,0.096,,28,12,,OFF
1790600931.1014247,2,477,1,state-aware,21,1,,0.9938,0.9914,,0.7998,0.6352,,29,11,,OFF
1790600932.7478266,1,541,1,state-aware,21,2,,0.9925,0.9901,,0.5188,0.7179,,28,12,,OFF
1790600933.7078738,9,551,1,state-aware,21,2,,0.9925,0.9915,,0.5994,0.6987,,27,12,,OFF
1790600936.8723412,10,540,1,state-aware,21,1,,0.9909,0.9931,,0.7214,0.6933,,28,12,,OFF
1790600937.1919856,4,551,1,state-aware,21,1,,0.9938,0.9897,,0.7461,0.628,,29,12,,OFF
1790600937.8844745,7,549,1,state-aware,21,1,,0.9944,0.9933,,0.8538,0.5785,,30,12,,OFF
1790600938.7208147,3,542,1,state-aware,21,1,,0.9938,0.9914,,0.6225,0.5579,,31,12,,OFF
1790600959.166178,6,546,1,snr-greedy,21,2,,0.9839,0.9942,,12.0,13.25,,0,1,,OFF
1790600960.8435125,2,479,1,snr-greedy,21,1,,0.9942,0.9925,,13.25,12.5,,1,1,,OFF
1790600963.3636374,1,543,1,snr-greedy,21,2,,0.9925,0.9924,,12.5,12.5,,1,2,,OFF
1790600964.9015322,9,553,1,snr-greedy,21,2,,0.9,0.9932,,-999.0,12.75,,1,3,,OFF
1790600966.1579554,10,542,1,snr-greedy,21,2,,0.9,0.9434,,-999.0,10.5,,1,4,,OFF
1790600967.1579666,4,553,1,snr-greedy,21,2,,0.9,0.9756,,-999.0,11.0,,1,5,,OFF
1790600967.6761308,3,544,1,snr-greedy,21,2,,0.9,0.9914,,-999.0,12.25,,1,6,,OFF
1790600971.8224983,7,551,0,snr-greedy,21,1,,0.9924,0.9899,,12.5,12.0,,2,6,,OFF
1790600971.8747566,5,548,1,snr-greedy,21,2,,0.9915,0.9925,,12.25,12.5,,2,7,,OFF
1790600972.6983035,6,547,1,snr-greedy,21,1,,0.9915,0.8863,,12.25,10.0,,3,7,,OFF
1790600975.0659683,2,480,1,snr-greedy,21,2,,0.9938,0.9943,,13.0,13.5,,3,8,,ON
1790600978.3822284,9,554,1,snr-greedy,21,1,,0.9813,0.8964,,11.25,9.75,,4,8,,ON
1790600979.0533977,10,543,1,snr-greedy,21,2,,0.0,0.0,,0.5,3.25,,4,9,,ON
1790600981.8259087,8,541,0,snr-greedy,21,1,,0.9942,0.9936,,13.5,13.0,,5,9,,ON
1790600982.0232823,1,544,1,snr-greedy,21,1,,0.0,0.0,,4.0,3.25,,6,9,,ON
1790600982.0705175,3,545,1,snr-greedy,21,2,,0.0,0.0,,-1.25,1.75,,6,10,,ON
1790600987.6732028,6,548,1,snr-greedy,21,1,,0.7944,0.0,,9.25,4.5,,7,10,,OFF
1790600987.8272545,4,554,0,snr-greedy,21,1,,0.9141,0.0008,,10.0,5.75,,8,10,,OFF
1790600987.8276598,7,552,0,snr-greedy,21,2,,0.0054,0.9899,,7.5,12.0,,8,11,,OFF
1790600989.0650265,2,481,1,snr-greedy,21,2,,0.0,0.9933,,3.5,12.75,,8,12,,OFF
1790600991.3086605,8,542,1,snr-greedy,21,2,,0.9941,0.9943,,13.25,13.5,,8,13,,OFF
1790600992.653076,9,555,1,snr-greedy,21,2,,0.9901,0.9925,,12.0,12.5,,8,14,,OFF
1790600992.8303173,5,549,0,snr-greedy,21,1,,0.0,0.0,,4.25,2.75,,9,14,,OFF
1790600995.0053072,1,545,1,snr-greedy,21,2,,0.9915,0.9915,,12.25,12.25,,9,15,,OFF
1790600995.4643393,10,544,1,snr-greedy,21,1,,0.9914,0.9914,,12.25,12.25,,10,15,,OFF
1790600997.376123,7,553,1,snr-greedy,21,1,,0.9941,0.9914,,13.25,12.25,,11,15,,OFF
1790601001.805421,5,550,1,snr-greedy,21,2,,0.9076,0.9855,,10.0,11.5,,11,16,,OFF
1790601003.2953768,2,482,1,snr-greedy,21,2,,0.9925,0.9942,,12.5,13.25,,11,17,,OFF
1790601004.4370782,8,543,1,snr-greedy,21,2,,0.9915,0.9926,,12.25,12.5,,11,18,,OFF
1790601005.8342566,3,546,0,snr-greedy,21,1,,0.9881,0.9853,,12.75,12.5,,12,18,,OFF
1790601005.8351898,4,555,0,snr-greedy,21,2,,0.9911,0.9841,,12.25,12.5,,12,19,,OFF
1790601006.102846,9,556,1,snr-greedy,21,2,,0.9915,0.9916,,12.25,12.25,,12,20,,OFF
1790601008.168437,1,546,1,snr-greedy,21,2,,0.9915,0.9938,,12.25,13.0,,12,21,,OFF
1790601010.6106184,10,545,1,snr-greedy,21,1,,0.99,0.9849,,12.0,11.5,,13,21,,OFF
1790601012.6521814,3,547,1,snr-greedy,21,1,,0.9925,0.9821,,12.5,11.25,,14,21,,OFF
1790601012.948323,4,556,1,snr-greedy,21,1,,0.9933,0.9925,,12.75,12.5,,15,21,,OFF
1790601014.707491,5,551,1,snr-greedy,21,2,,0.9926,0.9938,,12.5,13.0,,15,22,,OFF
1790601015.9027698,2,483,1,snr-greedy,21,2,,0.9932,0.9942,,12.75,13.25,,15,23,,OFF
1790601016.8434403,7,554,0,snr-greedy,21,1,,0.9926,0.9901,,12.5,12.0,,16,23,,OFF
1790601017.2410977,6,550,1,snr-greedy,21,2,,0.9901,0.9925,,12.0,12.5,,16,24,,OFF
1790601020.9219522,1,547,1,snr-greedy,21,2,,0.9925,0.9938,,12.5,13.0,,15,24,,OFF
1790601025.0513875,10,546,1,snr-greedy,21,2,,0.99,0.9915,,12.0,12.25,,15,23,,OFF
1790601025.3601012,3,548,1,snr-greedy,21,1,,0.9925,0.9901,,12.5,12.0,,16,23,,OFF
1790601025.9643207,4,557,1,snr-greedy,21,1,,0.9933,0.9914,,12.75,12.25,,17,23,,OFF
1790601026.8466823,9,557,0,snr-greedy,21,1,,0.9925,0.9914,,12.5,12.25,,18,22,,OFF
1790601026.8482096,8,544,0,snr-greedy,21,1,,0.8903,0.8804,,13.0,12.75,,19,22,,OFF
1790601027.2742267,7,555,1,snr-greedy,21,1,,0.9933,0.9915,,12.75,12.25,,20,21,,OFF
1790601027.676385,5,552,1,snr-greedy,21,2,,0.9901,0.9916,,12.0,12.25,,20,21,,OFF
1790601029.0053034,2,484,1,snr-greedy,21,1,,0.9915,0.9915,,12.25,12.25,,21,21,,OFF
1790601031.3588946,6,551,1,snr-greedy,21,1,,0.9925,0.9805,,12.5,12.0,,22,21,,OFF
1790601035.972175,9,558,1,snr-greedy,21,2,,0.9925,0.9942,,12.5,13.25,,20,20,,OFF
1790601036.3859036,8,545,1,snr-greedy,21,2,,0.9933,0.9937,,12.75,13.0,,20,21,,OFF
1790601036.723017,1,548,1,snr-greedy,21,1,,0.9937,0.9925,,13.0,12.5,,21,21,,OFF
1790601038.7475712,10,547,1,snr-greedy,21,1,,0.9942,0.9937,,13.25,13.0,,21,21,,OFF
1790601040.8961382,4,558,1,snr-greedy,21,2,,0.9942,0.9941,,13.25,13.25,,21,21,,OFF
1790601042.3306684,2,485,1,snr-greedy,21,2,,0.9942,0.9942,,13.25,13.25,,19,21,,OFF
1790601042.981182,7,556,1,snr-greedy,21,2,,0.9914,0.9932,,12.25,12.75,,19,22,,OFF
1790601043.7574444,5,553,1,snr-greedy,21,1,,0.9938,0.9933,,13.0,12.75,,20,22,,ON
1790601045.492512,6,552,1,snr-greedy,21,2,,0.9932,0.9937,,12.75,13.0,,20,23,,ON
1790601045.8550353,3,549,0,snr-greedy,21,2,,0.9902,0.9899,,12.0,12.0,,20,24,,ON
1790601053.9187763,4,559,1,snr-greedy,21,1,,0.1573,0.0,,9.0,-0.5,,18,20,,ON
1790601054.86002,1,549,0,snr-greedy,21,2,,0.0816,0.9925,,8.75,12.5,,18,21,,ON
1790601055.8614318,9,559,0,snr-greedy,21,2,,0.9772,0.9942,,11.0,13.25,,17,21,,ON
1790601055.943652,2,486,1,snr-greedy,21,1,,0.9942,0.0,,13.25,-0.5,,18,21,,ON
1790601056.0812569,7,557,1,snr-greedy,21,2,,0.9873,0.9932,,11.75,12.75,,18,22,,ON
1790601057.8636553,10,548,0,snr-greedy,21,1,,0.8506,0.7948,,9.5,9.25,,18,22,,ON
1790601061.5070548,6,553,1,snr-greedy,21,1,,0.0002,0.0,,6.25,2.75,,19,22,,ON
1790601065.8673768,5,554,0,snr-greedy,21,2,,0.9925,0.9933,,12.5,12.75,,18,19,,ON
1790601066.1205506,9,560,1,snr-greedy,21,1,,0.0002,0.0,,6.25,1.0,,19,18,,ON
1790601066.388797,1,550,1,snr-greedy,21,2,,0.9892,0.9925,,12.0,12.5,,19,19,,ON
1790601068.3822954,4,560,1,snr-greedy,21,1,,0.0,0.0,,5.75,1.75,,20,18,,OFF
1790601070.09019,3,551,1,snr-greedy,21,2,,0.9937,0.994,,13.0,13.25,,20,19,,OFF
1790601071.2311811,2,487,1,snr-greedy,21,1,,0.9932,0.9925,,12.75,12.5,,20,19,,OFF
1790601071.8334148,7,558,1,snr-greedy,21,1,,0.9931,0.9912,,12.75,12.25,,21,19,,OFF
1790601074.6747825,5,555,1,snr-greedy,21,1,,0.9933,0.9925,,12.75,12.5,,20,19,,OFF
1790601076.8485816,6,554,1,snr-greedy,21,2,,0.9915,0.9914,,12.25,12.25,,19,18,,OFF
1790601080.4228559,9,561,1,snr-greedy,21,2,,0.9925,0.9941,,12.5,13.25,,19,18,,OFF
1790601081.579433,4,561,1,snr-greedy,21,1,,0.9943,0.9943,,13.5,13.5,,20,17,,OFF
1790601082.2621906,1,551,1,snr-greedy,21,1,,0.9938,0.9933,,13.0,12.75,,21,17,,OFF
1790601083.083112,3,552,1,snr-greedy,21,2,,0.0,0.0004,,0.0,6.5,,21,18,,OFF
1790601083.9298997,10,550,1,snr-greedy,21,1,,0.8689,0.9806,,12.5,11.25,,22,18,,OFF
1790601085.8553467,2,488,1,snr-greedy,21,1,,0.9924,0.9915,,12.5,12.25,,22,17,,OFF
1790601087.0727572,7,559,1,snr-greedy,21,1,,0.9933,0.9914,,12.75,12.25,,20,17,,OFF
1790601089.8371735,5,556,1,snr-greedy,21,2,,0.9924,0.9943,,12.5,13.5,,18,17,,OFF
1790601091.6784077,6,555,1,snr-greedy,21,2,,0.9924,0.9938,,12.5,13.0,,17,18,,OFF
1790601094.3403177,4,562,1,snr-greedy,21,1,,0.9942,0.994,,13.25,13.25,,18,18,,OFF
1790601095.4753895,1,552,1,snr-greedy,21,2,,0.0,0.0008,,1.75,6.75,,18,19,,OFF
1790601096.532507,3,553,1,snr-greedy,21,1,,0.9932,0.983,,12.75,11.5,,19,17,,OFF
1790601097.2047372,10,551,1,snr-greedy,21,2,,0.9914,0.9925,,12.25,12.5,,18,18,,OFF
1790601099.7999904,8,549,1,snr-greedy,21,2,,0.9901,0.9932,,12.0,12.75,,17,19,,OFF
1790601100.7919288,2,489,1,snr-greedy,21,2,,0.9914,0.9925,,12.25,12.5,,17,20,,OFF
1790601101.917152,7,560,1,snr-greedy,21,2,,0.9925,0.9926,,12.5,12.5,,17,20,,OFF
1790601102.8859892,9,562,0,snr-greedy,21,1,,0.9924,0.9915,,12.5,12.25,,18,19,,OFF
1790601103.3760056,5,557,1,snr-greedy,21,2,,0.9915,0.9939,,12.25,13.0,,18,19,,OFF
1790601105.217239,6,556,1,snr-greedy,21,1,,0.9944,0.9925,,13.5,12.5,,18,19,,OFF
1790601107.370641,4,563,1,snr-greedy,21,1,,0.9937,0.9914,,13.0,12.25,,19,17,,OFF
1790601108.9054537,1,553,1,snr-greedy,21,1,,0.9938,0.9901,,13.0,12.0,,20,17,,ON
1790601110.8762321,9,563,1,snr-greedy,21,2,,0.9901,0.9944,,12.0,13.5,,20,18,,ON
1790601111.1790426,3,554,1,snr-greedy,21,1,,0.9933,0.9666,,12.75,10.75,,21,18,,ON
1790601113.9081602,2,490,1,snr-greedy,21,2,,0.0,0.0,,1.25,4.5,,21,19,,ON
1790601116.210421,10,552,1,snr-greedy,21,2,,0.0,0.0,,0.0,3.75,,19,17,,ON
1790601117.2809815,5,558,1,snr-greedy,21,2,,0.0,0.0082,,1.5,6.5,,19,18,,ON
1790601118.1176224,7,561,1,snr-greedy,21,1,,0.9937,0.9926,,13.0,12.5,,19,18,,ON
1790601119.8469145,6,557,1,snr-greedy,21,1,,0.9938,0.9925,,13.0,12.5,,20,18,,ON
1790601121.805218,4,564,1,snr-greedy,21,1,,0.9597,0.0731,,10.5,8.75,,20,18,,ON
1790601122.520541,1,554,1,snr-greedy,21,1,,0.9916,0.0157,,12.25,6.75,,21,18,,ON
1790601126.0950382,9,564,1,snr-greedy,21,1,,0.9749,0.0,,11.0,0.75,,22,17,,ON
1790601132.3517141,5,559,1,snr-greedy,21,1,,0.9922,0.9913,,12.5,12.25,,19,15,,OFF
1790601132.8980918,3,555,0,snr-greedy,21,2,,0.0,0.9666,,-2.0,10.75,,19,16,,OFF
1790601133.5045474,7,562,1,snr-greedy,21,2,,0.9773,0.9926,,11.0,12.5,,19,17,,OFF
1790601133.5254574,8,551,1,snr-greedy,21,1,,0.9923,0.977,,12.5,12.0,,20,17,,OFF
1790601133.6521113,6,558,1,snr-greedy,21,1,,0.9925,0.9925,,12.5,12.5,,21,17,,OFF
1790601135.9003465,10,553,0,snr-greedy,21,2,,0.0,0.0,,-1.5,2.5,,20,18,,OFF
1790601136.354454,4,565,1,snr-greedy,21,1,,0.9942,0.9925,,13.25,12.5,,21,18,,OFF
1790601139.3003047,1,555,1,snr-greedy,21,2,,0.9931,0.9941,,12.75,13.25,,21,18,,OFF
1790601140.3128035,9,565,1,snr-greedy,21,1,,0.9941,0.9938,,13.25,13.0,,22,18,,OFF
1790601142.0591333,3,556,1,snr-greedy,21,1,,0.9933,0.9812,,12.75,11.25,,22,17,,OFF
1790601143.4000676,10,554,1,snr-greedy,21,2,,0.9925,0.9938,,12.5,13.0,,21,17,,OFF
1790601144.9677174,2,492,1,snr-greedy,21,2,,0.9914,0.9925,,12.25,12.5,,20,18,,OFF
1790601145.6863894,5,560,1,snr-greedy,21,2,,0.9914,0.9932,,12.25,12.75,,20,19,,OFF
1790601146.2128456,7,563,1,snr-greedy,21,1,,0.9915,0.9807,,12.25,11.25,,20,19,,OFF
1790601146.8798397,6,559,1,snr-greedy,21,1,,0.9925,0.9916,,12.5,12.25,,21,19,,OFF
1790601147.7276506,8,552,1,snr-greedy,21,2,,0.9901,0.9933,,12.0,12.75,,20,20,,OFF
1790601150.573893,4,566,1,snr-greedy,21,2,,0.9938,0.9938,,13.0,13.0,,20,20,,OFF
1790601152.9425623,1,556,1,snr-greedy,21,1,,0.9932,0.9925,,12.75,12.5,,21,19,,OFF
1790601153.2291768,9,566,1,snr-greedy,21,2,,0.9932,0.9932,,12.75,12.75,,21,20,,OFF
1790601158.9880152,2,493,1,snr-greedy,21,2,,0.9925,0.9938,,12.5,13.0,,19,19,,OFF
1790601159.9824393,5,561,1,snr-greedy,21,1,,0.9933,0.9925,,12.75,12.5,,20,18,,OFF
1790601160.345441,6,560,1,snr-greedy,21,1,,0.9925,0.9854,,12.5,11.5,,21,18,,OFF
1790601160.896374,7,564,1,snr-greedy,21,1,,0.993,0.968,,12.75,10.75,,22,17,,OFF
1790601161.761797,8,553,1,snr-greedy,21,1,,0.9915,0.9697,,12.25,10.75,,23,17,,OFF
1790601161.911591,3,557,0,snr-greedy,21,1,,0.9926,0.8531,,12.5,9.75,,24,17,,OFF
1790601164.9977005,4,567,1,snr-greedy,21,2,,0.9938,0.9942,,13.0,13.25,,23,16,,OFF
1790601166.1541524,1,557,1,snr-greedy,21,1,,0.9942,0.9925,,13.25,12.5,,23,16,,OFF
1790601169.633194,9,567,1,snr-greedy,21,2,,0.9925,0.9938,,12.5,13.0,,21,17,,OFF
1790601171.556417,2,494,1,snr-greedy,21,2,,0.9915,0.9938,,12.25,13.0,,20,17,,OFF
1790601172.0613482,3,558,1,snr-greedy,21,1,,0.9937,0.2423,,13.0,9.25,,21,17,,OFF
1790601173.430644,5,562,1,snr-greedy,21,1,,0.9925,0.9915,,12.5,12.25,,22,17,,OFF
1790601174.9435177,10,556,1,snr-greedy,21,2,,0.9942,0.9942,,13.25,13.25,,22,17,,OFF
1790601175.8534405,6,561,1,snr-greedy,21,1,,0.9914,0.99,,12.25,12.0,,23,17,,OFF
1790601176.2607782,7,565,1,snr-greedy,21,1,,0.9913,0.9912,,12.25,12.25,,24,16,,OFF
1790601177.1797314,8,554,1,snr-greedy,21,1,,0.9925,0.9925,,12.5,12.5,,25,16,,OFF
1790601179.994595,1,558,1,snr-greedy,21,1,,0.9938,0.9933,,13.0,12.75,,24,15,,ON
1790601181.1278956,4,568,1,snr-greedy,21,2,,0.9846,0.9898,,11.5,12.0,,24,16,,UNKNOWN
1790601189.423558,2,495,1,snr-greedy,21,2,,0.0,0.0016,,-2.0,7.0,,21,17,,ON
1790601190.3392773,9,568,1,snr-greedy,21,1,,0.9847,0.0,,11.5,5.75,,22,17,,ON
1790601190.372372,5,563,1,snr-greedy,21,1,,0.9802,0.9915,,12.25,12.25,,23,17,,ON
1790601190.394376,6,562,1,snr-greedy,21,1,,0.9933,0.99,,12.75,12.0,,24,17,,ON
1790601190.5969787,7,566,1,snr-greedy,21,1,,0.9938,0.9912,,13.0,12.25,,25,17,,ON
1790601212.1225688,1,560,1,round-robin,21,1,,0.9,0.8345,,nan,nan,,1,0,,OFF
1790601216.0894063,9,570,1,round-robin,21,1,,0.9923,0.9862,,nan,nan,,2,0,,OFF
1790601216.9385543,3,561,1,round-robin,21,1,,0.9933,0.0,,nan,nan,,3,0,,OFF
1790601218.5565739,5,565,1,round-robin,21,1,,0.9914,0.9932,,nan,nan,,4,0,,OFF
1790601218.8640056,6,564,1,round-robin,21,1,,0.9921,0.9933,,nan,nan,,5,0,,OFF
1790601219.440863,4,570,0,round-robin,21,1,,0.9878,0.9,,nan,nan,,6,0,,OFF
1790601220.4421659,2,497,0,round-robin,21,1,,0.9,0.9862,,nan,nan,,7,0,,OFF
1790601221.323719,10,559,1,round-robin,21,1,,0.9925,0.9932,,nan,nan,,8,0,,OFF
1790601222.5574644,7,568,1,round-robin,21,1,,0.9914,0.9933,,nan,nan,,9,0,,OFF
1790601226.4400074,1,561,1,round-robin,21,2,,0.9914,0.9933,,nan,nan,,9,1,,OFF
1790601226.4436152,8,557,0,round-robin,21,1,,0.9,0.9899,,nan,nan,,10,1,,OFF
1790601227.055874,4,571,1,round-robin,21,2,,0.9925,0.9938,,nan,nan,,10,2,,OFF
1790601229.3034096,9,571,1,round-robin,21,2,,0.9926,0.9926,,nan,nan,,10,3,,OFF
1790601230.66188,2,498,1,round-robin,21,2,,0.9943,0.9937,,nan,nan,,10,4,,OFF
1790601231.5621583,3,562,1,round-robin,21,2,,0.9902,0.9938,,nan,nan,,10,5,,OFF
1790601232.895644,5,566,1,round-robin,21,2,,0.9941,0.9933,,nan,nan,,10,6,,OFF
1790601234.0225189,6,565,1,round-robin,21,2,,0.9915,0.9901,,nan,nan,,10,7,,OFF
1790601237.3437269,7,569,1,round-robin,21,2,,0.9741,0.0426,,nan,nan,,10,8,,OFF
1790601237.4111845,8,558,1,round-robin,21,2,,0.9925,0.9926,,nan,nan,,10,9,,OFF
1790601239.0698905,1,562,1,round-robin,21,1,,0.9926,0.9933,,nan,nan,,11,9,,OFF
1790601241.4528859,10,560,0,round-robin,21,2,,0.9925,0.9915,,nan,nan,,11,10,,OFF
1790601241.5216968,4,572,1,round-robin,21,1,,0.9915,0.9902,,nan,nan,,12,10,,OFF
1790601243.775529,9,572,1,round-robin,21,1,,0.9915,0.9937,,nan,nan,,13,10,,OFF
1790601244.4984586,2,499,1,round-robin,21,1,,0.9881,0.9925,,nan,nan,,14,10,,OFF
1790601248.0886664,6,566,1,round-robin,21,1,,0.1078,0.0,,nan,nan,,15,10,,ON
1790601248.564558,5,567,1,round-robin,21,1,,0.6809,0.9925,,nan,nan,,16,10,,ON
1790601250.258119,7,570,1,round-robin,21,1,,0.9712,0.0,,nan,nan,,17,10,,ON
1790601251.4567068,3,563,0,round-robin,21,1,,0.9885,0.9726,,nan,nan,,18,10,,ON
1790601254.2193108,1,563,1,round-robin,21,2,,0.0,0.0,,nan,nan,,18,11,,ON
1790601257.0120063,9,573,1,round-robin,21,2,,0.0,0.9937,,nan,nan,,18,12,,ON
1790601263.4612043,4,573,0,round-robin,21,2,,0.0082,0.0,,nan,nan,,18,13,,OFF
1790601265.313678,6,567,1,round-robin,21,2,,0.0,0.0,,nan,nan,,18,14,,OFF
1790601266.4627674,2,500,0,round-robin,21,2,,0.9881,0.681,,nan,nan,,18,15,,OFF
1790601266.899201,8,560,1,round-robin,21,1,,0.9923,0.9924,,nan,nan,,19,15,,OFF
1790601267.500776,10,562,1,round-robin,21,1,,0.9941,0.9943,,nan,nan,,20,15,,OFF
1790601268.4635596,5,568,0,round-robin,21,2,,0.0,0.9925,,nan,nan,,20,16,,OFF
1790601270.46387,1,564,1,round-robin,21,1,,0.9938,0.9924,,nan,nan,,21,16,,OFF
1790601270.46459,7,571,0,round-robin,21,2,,0.228,0.0723,,nan,nan,,21,17,,OFF
1790601272.839974,9,574,1,round-robin,21,1,,0.0,0.0,,nan,nan,,21,17,,OFF
1790601275.7508855,3,565,1,round-robin,21,2,,0.9933,0.9942,,nan,nan,,21,18,,OFF
1790601277.2659993,2,501,1,round-robin,21,1,,0.9925,0.9821,,nan,nan,,20,18,,OFF
1790601277.76896,5,569,1,round-robin,21,1,,0.9932,0.9932,,nan,nan,,21,18,,OFF
1790601278.4680274,4,574,0,round-robin,21,1,,0.9821,0.9841,,nan,nan,,22,18,,OFF
1790601278.7926152,6,568,1,round-robin,21,1,,0.8689,0.9941,,nan,nan,,22,18,,OFF
1790601281.2305336,10,563,1,round-robin,21,2,,0.9933,0.9939,,nan,nan,,19,19,,OFF
1790601281.9387498,8,561,1,round-robin,21,2,,0.9925,0.9915,,nan,nan,,18,20,,OFF
1790601284.471047,7,572,0,round-robin,21,1,,0.9302,0.8999,,nan,nan,,18,20,,OFF
1790601285.267241,1,565,1,round-robin,21,2,,0.9925,0.9915,,nan,nan,,18,21,,OFF
1790601287.9358385,9,575,1,round-robin,21,2,,0.9926,0.9914,,nan,nan,,17,20,,OFF
1790601288.4243946,4,575,1,round-robin,21,2,,0.9924,0.9938,,nan,nan,,17,21,,OFF
1790601290.3620794,3,566,1,round-robin,21,1,,0.9933,0.9933,,nan,nan,,18,20,,OFF
1790601291.257246,2,502,1,round-robin,21,2,,0.9924,0.9925,,nan,nan,,18,20,,OFF
1790601291.9769924,5,570,1,round-robin,21,2,,0.9941,0.9944,,nan,nan,,18,20,,OFF
1790601292.7286992,6,569,1,round-robin,21,2,,0.9932,0.9942,,nan,nan,,18,21,,OFF
1790601294.853524,7,573,1,round-robin,21,2,,0.9938,0.9932,,nan,nan,,18,20,,OFF
1790601295.1515543,10,564,1,round-robin,21,1,,0.9933,0.9926,,nan,nan,,19,20,,OFF
1790601297.3117278,8,562,1,round-robin,21,1,,0.9933,0.9925,,nan,nan,,20,20,,OFF
1790601301.5601768,1,566,1,round-robin,21,1,,0.9933,0.9933,,nan,nan,,19,17,,OFF
1790601304.8894224,2,503,1,round-robin,21,1,,0.9942,0.9925,,nan,nan,,18,17,,OFF
1790601306.1357114,6,570,1,round-robin,21,1,,0.9901,0.9933,,nan,nan,,19,17,,OFF
1790601307.553718,7,574,1,round-robin,21,1,,0.9926,0.9913,,nan,nan,,20,17,,OFF
1790601308.4805462,5,571,1,round-robin,21,1,,0.9933,0.9915,,nan,nan,,20,17,,OFF
1790601310.618548,8,563,1,round-robin,21,2,,0.9915,0.9933,,nan,nan,,18,18,,OFF
1790601311.4829934,4,576,0,round-robin,21,1,,0.9915,0.9902,,nan,nan,,18,18,,OFF
1790601316.454701,1,567,1,round-robin,21,2,,0.9938,0.9938,,nan,nan,,18,18,,OFF
1790601316.4850247,10,565,0,round-robin,21,2,,0.9926,0.9925,,nan,nan,,18,19,,OFF
1790601317.9124465,2,504,1,round-robin,21,2,,0.9925,0.9925,,nan,nan,,18,19,,OFF
1790601318.9453847,3,568,1,round-robin,21,2,,0.9933,0.9932,,nan,nan,,18,20,,ON
1790601319.9668922,9,577,1,round-robin,21,1,,0.0,0.0,,nan,nan,,19,20,,ON
1790601320.3518403,6,571,1,round-robin,21,2,,0.9915,0.9938,,nan,nan,,19,21,,ON
1790601321.8850026,7,575,1,round-robin,21,2,,0.9902,0.0,,nan,nan,,19,22,,ON
1790601324.5975966,5,572,1,round-robin,21,2,,0.8077,0.9915,,nan,nan,,19,22,,ON
1790601331.3347208,2,505,1,round-robin,21,1,,0.9925,0.9002,,nan,nan,,17,18,,ON
1790601331.4911566,10,566,0,round-robin,21,1,,0.0,0.0,,nan,nan,,18,18,,ON
1790601332.0664427,1,568,1,round-robin,21,1,,0.0,0.0,,nan,nan,,19,18,,ON
1790601333.8018572,9,578,1,round-robin,21,2,,0.8606,0.0,,nan,nan,,18,19,,ON
1790601335.3364635,4,578,1,round-robin,21,2,,0.1112,0.9902,,nan,nan,,18,20,,ON
1790601337.0813487,6,572,1,round-robin,21,1,,0.0,0.0,,nan,nan,,19,19,,ON
1790601337.2337396,7,576,1,round-robin,21,1,,0.979,0.0,,nan,nan,,20,19,,ON
1790601340.0166771,5,573,1,round-robin,21,1,,0.0,0.9915,,nan,nan,,17,19,,ON
1790601340.495725,3,569,0,round-robin,21,1,,0.0,0.0,,nan,nan,,18,19,,ON
1790601346.4994893,10,567,0,round-robin,21,2,,0.0,0.0,,nan,nan,,17,17,,OFF
1790601347.369292,2,506,1,round-robin,21,2,,0.0004,0.9879,,nan,nan,,17,18,,OFF
1790601349.5395892,9,579,1,round-robin,21,1,,0.9915,0.9915,,nan,nan,,18,16,,OFF
1790601350.2519069,7,577,1,round-robin,21,2,,0.1079,0.9908,,nan,nan,,18,17,,OFF
1790601350.7938187,3,570,1,round-robin,21,2,,0.9939,0.9937,,nan,nan,,17,18,,OFF
1790601351.4664106,4,579,1,round-robin,21,1,,0.99,0.99,,nan,nan,,18,17,,OFF
1790601352.1886802,6,573,1,round-robin,21,2,,0.9915,0.9938,,nan,nan,,18,17,,OFF
1790601355.3992243,5,574,1,round-robin,21,2,,0.9921,0.9915,,nan,nan,,17,16,,OFF
1790601355.7251015,10,568,1,round-robin,21,1,,0.9925,0.9942,,nan,nan,,18,16,,OFF
1790601357.1098535,8,566,1,round-robin,21,1,,0.9926,0.9926,,nan,nan,,19,16,,OFF
1790601359.9731548,2,507,1,round-robin,21,1,,0.9933,0.9925,,nan,nan,,19,16,,OFF
1790601363.3755844,9,580,1,round-robin,21,2,,0.9938,0.9932,,nan,nan,,18,17,,OFF
1790601363.6699214,1,570,1,round-robin,21,2,,0.9931,0.9924,,nan,nan,,18,18,,OFF
1790601364.0797303,7,578,1,round-robin,21,1,,0.9134,0.8535,,nan,nan,,19,18,,OFF
1790601364.5831196,4,580,1,round-robin,21,2,,0.9925,0.99,,nan,nan,,19,19,,OFF
1790601367.3479493,6,574,1,round-robin,21,1,,0.9915,0.9933,,nan,nan,,18,19,,OFF
1790601368.994322,5,575,1,round-robin,21,1,,0.0,0.0,,nan,nan,,17,19,,OFF
1790601370.9340146,8,567,1,round-robin,21,2,,0.9925,0.9933,,nan,nan,,17,19,,OFF
1790601372.8784385,2,508,1,round-robin,21,2,,0.9915,0.9925,,nan,nan,,16,20,,OFF
1790601374.5140696,10,569,0,round-robin,21,2,,0.9901,0.9942,,nan,nan,,16,21,,ON
1790601376.6973941,9,581,1,round-robin,21,1,,0.9839,0.0,,nan,nan,,17,19,,ON
1790601377.9577112,4,581,1,round-robin,21,1,,0.0321,0.0,,nan,nan,,18,18,,ON
1790601379.7356055,1,571,1,round-robin,21,1,,0.9914,0.9924,,nan,nan,,19,17,,ON
1790601381.0980997,6,575,1,round-robin,21,2,,0.0016,0.0,,nan,nan,,18,17,,ON
1790601383.5180538,7,579,0,round-robin,21,2,,0.0086,0.0,,nan,nan,,18,17,,ON
1790601384.163094,5,576,1,round-robin,21,2,,0.0,0.0,,nan,nan,,18,18,,ON
1790601386.6003044,2,509,1,round-robin,21,1,,0.9925,0.9925,,nan,nan,,19,17,,ON
1790601389.5224285,10,570,0,round-robin,21,1,,0.0,0.0,,nan,nan,,20,17,,ON
1790601389.9731486,9,582,1,round-robin,21,2,,0.9931,0.8535,,nan,nan,,20,18,,OFF
1790601390.5243125,8,568,0,round-robin,21,1,,0.0078,0.9605,,nan,nan,,21,18,,OFF
1790601391.0980892,4,582,1,round-robin,21,2,,0.9793,0.0,,nan,nan,,21,19,,OFF
1790601393.6653852,7,580,1,round-robin,21,1,,0.9926,0.99,,nan,nan,,19,19,,OFF
1790601395.6193416,6,576,1,round-robin,21,1,,0.0004,0.9923,,nan,nan,,20,17,,OFF
1790601396.4504757,3,573,1,round-robin,21,1,,0.9939,0.9929,,nan,nan,,21,17,,OFF
1790601398.7219005,10,571,1,round-robin,21,2,,0.9915,0.9938,,nan,nan,,19,18,,OFF
1790601399.230633,5,577,1,round-robin,21,1,,0.9922,0.9913,,nan,nan,,20,18,,OFF
1790601400.9710197,8,569,1,round-robin,21,2,,0.0,0.848,,nan,nan,,18,19,,OFF
1790601401.5498614,2,510,1,round-robin,21,2,,0.9914,0.9924,,nan,nan,,18,20,,OFF
1790601402.533025,1,572,0,round-robin,21,2,,0.9938,0.9933,,nan,nan,,18,21,,OFF
1790601403.4927294,9,583,1,round-robin,21,1,,0.9925,0.9924,,nan,nan,,19,21,,OFF
1790601404.7644954,4,583,1,round-robin,21,1,,0.99,0.9915,,nan,nan,,20,21,,OFF
1790601407.817246,7,581,1,round-robin,21,2,,0.9937,0.9913,,nan,nan,,20,20,,OFF
1790601408.4539266,6,577,1,round-robin,21,2,,0.9915,0.9942,,nan,nan,,20,21,,OFF
1790601411.0232713,1,573,1,round-robin,21,1,,0.9853,0.9915,,nan,nan,,20,19,,OFF
1790601411.5223222,10,572,1,round-robin,21,1,,0.9901,0.9938,,nan,nan,,20,19,,OFF
1790601413.4249556,5,578,1,round-robin,21,2,,0.9942,0.9944,,nan,nan,,20,19,,OFF
1790601414.2449713,2,511,1,round-robin,21,1,,0.9933,0.9933,,nan,nan,,21,19,,OFF
1790601415.219529,8,570,1,round-robin,21,1,,0.9943,0.9933,,nan,nan,,22,19,,OFF
1790601416.5407593,3,574,0,round-robin,21,2,,0.9942,0.9924,,nan,nan,,21,19,,OFF
1790601417.015148,9,584,1,round-robin,21,2,,0.9925,0.9933,,nan,nan,,21,20,,OFF
1790601420.0810301,4,584,1,round-robin,21,2,,0.9882,0.9915,,nan,nan,,19,21,,OFF
1790601423.171697,6,578,1,round-robin,21,1,,0.994,0.9937,,nan,nan,,20,21,,OFF
1790601423.687504,1,574,1,round-robin,21,2,,0.9931,0.9933,,nan,nan,,20,20,,OFF
1790601425.2111669,10,573,1,round-robin,21,2,,0.9902,0.9933,,nan,nan,,19,20,,OFF
1790601426.159345,3,575,1,round-robin,21,1,,0.9933,0.9925,,nan,nan,,20,20,,OFF
1790601426.976973,5,579,1,round-robin,21,1,,0.9942,0.9944,,nan,nan,,21,20,,ON
1790601427.881161,2,512,1,round-robin,21,2,,0.9925,0.9915,,nan,nan,,20,21,,ON
1790601428.6797366,8,571,1,round-robin,21,2,,0.9942,0.9925,,nan,nan,,20,22,,ON
1790601431.547694,7,582,0,round-robin,21,1,,0.9933,0.9855,,nan,nan,,20,21,,ON
1790601433.8778987,9,585,1,round-robin,21,1,,0.982,0.0001,,nan,nan,,21,20,,ON
1790601436.094309,6,579,1,round-robin,21,2,,0.0056,0.0,,nan,nan,,21,20,,OFF
1790601438.2174711,7,583,1,round-robin,21,2,,0.9852,0.9855,,nan,nan,,19,21,,OFF
1790601439.024312,1,575,1,round-robin,21,1,,0.9931,0.9942,,nan,nan,,20,21,,OFF
1790601439.781659,3,576,1,round-robin,21,2,,0.9933,0.9915,,nan,nan,,19,22,,OFF
1790601459.7048993,5,581,1,ewma,21,1,,0.9899,0.9932,,0.5,0.5,,1,0,,OFF
1790601460.5622063,2,514,1,ewma,21,2,,0.9942,0.9932,,0.5,0.5,,1,1,,OFF
1790601463.5057204,9,587,1,ewma,21,2,,0.9933,0.9932,,0.5,0.5,,1,2,,OFF
1790601465.3429868,6,581,1,ewma,21,2,,0.9925,0.9933,,0.5,0.5,,1,3,,OFF
1790601466.0603094,4,587,1,ewma,21,2,,0.9924,0.9912,,0.5,0.5,,1,4,,OFF
1790601468.7511554,7,585,1,ewma,21,1,,0.9941,0.9937,,0.5,0.5,,2,4,,OFF
1790601469.1335726,10,576,1,ewma,21,2,,0.0099,0.9938,,0.5,0.5,,2,5,,OFF
1790601469.6420977,3,578,1,ewma,21,1,,0.9941,0.9937,,0.5,0.5,,3,5,,OFF
1790601470.0672538,1,577,1,ewma,21,1,,0.9933,0.9926,,0.5,0.5,,4,5,,OFF
1790601473.33567,5,582,1,ewma,21,1,,0.9942,0.9942,,0.6,0.5,,5,5,,OFF
1790601474.4085116,2,515,1,ewma,21,2,,0.8887,0.9925,,0.5,0.6,,5,6,,OFF
1790601477.2274098,9,588,1,ewma,21,2,,0.9937,0.9931,,0.5,0.6,,5,7,,OFF
1790601479.8210342,6,582,1,ewma,21,1,,0.9932,0.9942,,0.5,0.4,,6,7,,OFF
1790601480.1363842,8,574,0,ewma,21,1,,0.9878,0.9908,,0.5,0.5,,7,7,,OFF
1790601480.8341904,4,588,1,ewma,21,1,,0.9932,0.9932,,0.5,0.4,,8,7,,OFF
1790601481.6232102,7,586,1,ewma,21,1,,0.9938,0.9924,,0.6,0.5,,9,7,,OFF
1790601483.086888,3,579,1,ewma,21,1,,0.9926,0.9901,,0.6,0.5,,10,7,,ON
1790601486.9934733,1,578,1,ewma,21,1,,0.0461,0.0,,0.6,0.5,,11,7,,ON
1790601488.5118313,5,583,1,ewma,21,1,,0.0,0.0,,0.68,0.5,,12,7,,ON
1790601488.7978656,2,516,1,ewma,21,2,,0.9831,0.9903,,0.5,0.68,,12,8,,ON
1790601490.0382264,9,589,1,ewma,21,2,,0.9933,0.0,,0.5,0.68,,12,9,,ON
1790601490.139158,10,577,0,ewma,21,1,,0.0,0.0,,0.5,0.4,,13,9,,ON
1790601495.0406892,6,583,1,ewma,21,1,,0.0293,0.0,,0.6,0.4,,14,9,,ON
1790601495.8873363,4,589,1,ewma,21,1,,0.03,0.0002,,0.6,0.4,,15,9,,ON
1790601498.0608697,7,587,1,ewma,21,2,,0.0002,0.0,,0.48,0.5,,15,10,,ON
1790601503.3892257,1,579,1,ewma,21,2,,0.0,0.0,,0.48,0.5,,15,11,,OFF
1790601503.4307332,5,584,1,ewma,21,1,,0.0,0.0,,0.544,0.5,,16,11,,OFF
1790601506.196606,9,590,1,ewma,21,2,,0.9925,0.9915,,0.5,0.544,,16,12,,OFF
1790601507.1429713,10,578,0,ewma,21,1,,0.0,0.0,,0.4,0.4,,17,12,,OFF
1790601510.00863,4,590,1,ewma,21,1,,0.9901,0.9882,,0.68,0.4,,18,12,,OFF
1790601511.0665689,6,584,1,ewma,21,1,,0.9915,0.9938,,0.48,0.4,,19,12,,OFF
1790601512.7490318,7,588,1,ewma,21,1,,0.9926,0.9814,,0.48,0.4,,20,12,,OFF
1790601513.4881558,3,581,1,ewma,21,1,,0.993,0.9896,,0.6,0.5,,21,12,,OFF
1790601516.551597,1,580,1,ewma,21,1,,0.9923,0.9923,,0.48,0.4,,22,12,,OFF
1790601516.7781126,10,579,1,ewma,21,2,,0.9937,0.9938,,0.32,0.4,,22,13,,OFF
1790601517.8263443,2,518,1,ewma,21,2,,0.9924,0.9701,,0.5,0.68,,22,14,,OFF
1790601518.289619,5,585,1,ewma,21,1,,0.9933,0.9901,,0.6352,0.5,,23,14,,OFF
1790601519.9454238,9,591,1,ewma,21,2,,0.9932,0.9923,,0.5,0.6352,,22,15,,OFF
1790601520.5465384,8,577,1,ewma,21,1,,0.9901,0.9914,,0.5,0.5,,23,15,,OFF
1790601524.22914,4,591,1,ewma,21,1,,0.9933,0.9913,,0.744,0.4,,24,13,,OFF
1790601525.0516677,6,585,1,ewma,21,1,,0.9937,0.9944,,0.584,0.4,,25,13,,OFF
1790601527.4111788,3,582,1,ewma,21,1,,0.993,0.0019,,0.68,0.5,,26,11,,OFF
1790601529.3661387,1,581,1,ewma,21,1,,0.9941,0.9938,,0.584,0.4,,26,10,,OFF
1790601531.1032841,2,519,1,ewma,21,2,,0.9943,0.9925,,0.5,0.744,,24,11,,OFF
1790601532.1135848,5,586,1,ewma,21,1,,0.0,0.0,,0.7082,0.5,,25,11,,OFF
1790601533.1395292,9,592,1,ewma,21,2,,0.9932,0.99,,0.5,0.7082,,25,12,,OFF
1790601533.1542196,7,589,0,ewma,21,2,,0.9925,0.9814,,0.384,0.4,,25,13,,OFF
1790601538.1574702,10,580,0,ewma,21,2,,0.9933,0.9926,,0.32,0.32,,24,12,,OFF
1790601539.4892008,6,586,1,ewma,21,1,,0.9925,0.0,,0.6672,0.4,,25,12,,OFF
1790601539.7906039,4,592,1,ewma,21,1,,0.979,0.9898,,0.5952,0.4,,26,12,,OFF
1790601541.0405312,3,583,1,ewma,21,1,,0.9938,0.9932,,0.744,0.5,,24,12,,OFF
1790601541.159343,8,578,0,ewma,21,1,,0.9937,0.9937,,0.6,0.5,,25,12,,OFF
1790601543.3918571,7,590,1,ewma,21,1,,0.0,0.9814,,0.384,0.32,,24,12,,OFF
1790601543.4063656,1,582,1,ewma,21,1,,0.9942,0.9942,,0.6672,0.4,,25,12,,OFF
1790601544.2047522,2,520,1,ewma,21,2,,0.988,0.9914,,0.5,0.7952,,25,13,,OFF
1790601546.4491036,5,587,1,ewma,21,1,,0.9916,0.9915,,0.7665,0.5,,26,13,,OFF
1790601547.5204163,9,593,1,ewma,21,2,,0.9937,0.9924,,0.5,0.7665,,25,14,,OFF
1790601552.81583,6,587,1,ewma,21,1,,0.9915,0.9939,,0.7338,0.4,,24,12,,OFF
1790601553.1643941,8,579,0,ewma,21,2,,0.0,0.0,,0.48,0.5,,24,13,,OFF
1790601554.1663482,10,581,0,ewma,21,1,,0.9942,0.9943,,0.32,0.256,,25,13,,OFF
1790601554.3772066,3,584,1,ewma,21,1,,0.9916,0.9915,,0.7952,0.5,,26,13,,OFF
1790601555.7787108,4,593,1,ewma,21,1,,0.9915,0.99,,0.4762,0.4,,26,13,,OFF
1790601556.7315128,1,583,1,ewma,21,1,,0.9942,0.9938,,0.7338,0.4,,26,13,,OFF
1790601557.3027637,2,521,1,ewma,21,2,,0.9932,0.9932,,0.5,0.8362,,26,14,,OFF
1790601558.0339768,7,591,1,ewma,21,1,,0.9933,0.9856,,0.5072,0.32,,27,14,,OFF
1790601560.692092,5,588,1,ewma,21,1,,0.9942,0.9944,,0.8132,0.5,,28,13,,OFF
1790601563.5855522,9,594,1,ewma,21,2,,0.9933,0.9932,,0.5,0.6132,,27,13,,ON
1790601564.0773864,8,580,1,ewma,21,1,,0.9944,0.9941,,0.48,0.4,,28,13,,ON
1790601564.5895972,10,582,1,ewma,21,2,,0.0,0.9933,,0.256,0.256,,28,14,,ON
1790601567.352805,6,588,1,ewma,21,1,,0.9299,0.0,,0.787,0.4,,28,13,,ON
1790601570.1036713,2,522,1,ewma,21,2,,0.9932,0.9918,,0.5,0.8689,,27,14,,ON
1790601570.6112907,4,594,1,ewma,21,1,,0.0002,0.0,,0.5809,0.4,,28,14,,ON
1790601571.1819456,1,584,1,ewma,21,1,,0.99,0.9926,,0.787,0.4,,28,14,,ON
1790601572.3150795,7,592,1,ewma,21,1,,0.0039,0.0,,0.6058,0.32,,29,14,,ON
1790601574.1735947,3,585,0,ewma,21,1,,0.8689,0.9915,,0.8362,0.5,,28,14,,ON
1790601576.0992043,5,589,1,ewma,21,1,,0.6116,0.7148,,0.6506,0.5,,29,14,,ON
1790601579.795136,9,595,1,ewma,21,1,,0.8953,0.0,,0.5,0.4906,,28,12,,ON
1790601582.4223588,6,589,1,ewma,21,1,,0.8828,0.0,,0.6296,0.4,,28,11,,ON
1790601583.0094187,2,523,1,ewma,21,2,,0.9925,0.9937,,0.5,0.8951,,28,12,,ON
1790601583.541088,4,595,1,ewma,21,1,,0.9608,0.0,,0.6647,0.4,,29,12,,ON
1790601586.1781096,8,581,0,ewma,21,2,,0.8971,0.9941,,0.384,0.4,,27,13,,OFF
1790601587.0138414,1,585,1,ewma,21,1,,0.0,0.0,,0.6296,0.4,,28,13,,OFF
1790601590.198999,5,590,1,ewma,21,1,,0.9901,0.9926,,0.5205,0.5,,27,13,,OFF
1790601591.1836264,7,593,0,ewma,21,1,,0.9843,0.0,,0.6846,0.32,,28,12,,OFF
1790601593.5735533,9,596,1,ewma,21,1,,0.9932,0.9942,,0.6,0.4906,,28,10,,OFF
1790601595.0193055,8,582,1,ewma,21,1,,0.9941,0.9937,,0.384,0.32,,29,10,,OFF
1790601595.5511427,10,584,1,ewma,21,2,,0.9913,0.9942,,0.256,0.256,,29,11,,OFF
1790601597.0419145,2,524,1,ewma,21,2,,0.9942,0.9925,,0.5,0.9161,,29,12,,OFF
1790601597.4623523,4,596,1,ewma,21,1,,0.9932,0.9925,,0.7318,0.4,,30,12,,OFF
1790601598.91046,6,590,1,ewma,21,1,,0.9915,0.9928,,0.5037,0.4,,31,11,,OFF
1790601599.3344424,3,587,1,ewma,21,1,,0.9932,0.9942,,0.8362,0.5,,32,11,,OFF
1790601600.1648397,1,586,1,ewma,21,1,,0.9925,0.9901,,0.7037,0.4,,31,11,,OFF
1790601601.2389078,7,594,1,ewma,21,1,,0.9933,0.9915,,0.5477,0.32,,30,11,,OFF
1790601604.5082312,5,591,1,ewma,21,1,,0.9925,0.9932,,0.6164,0.5,,29,10,,OFF
1790601606.6575646,9,597,1,ewma,21,1,,0.9901,0.9925,,0.68,0.4906,,29,10,,OFF
1790601608.1955009,8,583,1,ewma,21,1,,0.9942,0.9943,,0.5072,0.32,,30,9,,OFF
1790601611.7993221,10,585,1,ewma,21,1,,0.0,0.9938,,0.256,0.2048,,31,9,,OFF
1790601615.4919236,4,597,1,ewma,21,1,,0.9147,0.8844,,0.5854,0.4,,29,8,,OFF
1790601615.799068,7,595,1,ewma,21,1,,0.9916,0.9933,,0.6381,0.32,,29,8,,OFF
1790601617.200681,2,525,0,ewma,21,2,,0.9942,0.9925,,0.5,0.9329,,28,9,,OFF
1790601619.2034113,3,588,0,ewma,21,1,,0.0,0.0016,,0.8689,0.5,,28,8,,OFF
1790601619.2657804,5,592,1,ewma,21,1,,0.9933,0.9925,,0.6931,0.5,,29,8,,OFF
1790601620.9197898,9,598,1,ewma,21,1,,0.9915,0.9933,,0.744,0.4906,,29,8,,OFF
1790601622.655498,8,584,1,ewma,21,1,,0.9933,0.9926,,0.6058,0.32,,30,8,,OFF
1790601625.1270118,10,586,1,ewma,21,1,,0.9901,0.9944,,0.2048,0.2048,,30,6,,OFF
1790601625.540316,2,526,1,ewma,21,2,,0.9915,0.9914,,0.5,0.7463,,30,7,,OFF
1790601628.2986083,3,589,1,ewma,21,1,,0.9922,0.9913,,0.6951,0.5,,30,7,,ON
1790601628.5735517,6,592,1,ewma,21,1,,0.9914,0.9901,,0.5037,0.4,,31,7,,ON
1790601630.1446722,4,598,1,ewma,21,1,,0.2396,0.5599,,0.4683,0.4,,32,6,,ON
1790601630.793734,7,596,1,ewma,21,1,,0.7095,0.0,,0.7105,0.32,,32,6,,ON
1790601634.4517362,5,593,1,ewma,21,1,,0.0,0.0,,0.7545,0.5,,30,6,,ON
1790601635.2161598,1,588,0,ewma,21,1,,0.9925,0.0,,0.7037,0.4,,31,6,,ON
1790601635.4942677,9,599,1,ewma,21,1,,0.9938,0.9938,,0.7952,0.4906,,32,6,,ON
1790601638.409902,2,527,1,ewma,21,2,,0.0,0.3011,,0.5,0.7971,,31,7,,OFF
1790601641.3129244,10,587,1,ewma,21,2,,0.993,0.9937,,0.1638,0.2048,,30,8,,OFF
1790601642.0883214,6,593,1,ewma,21,1,,0.9915,0.9933,,0.6029,0.4,,31,8,,OFF
1790601642.8051896,3,590,1,ewma,21,1,,0.9915,0.9942,,0.7561,0.5,,31,8,,OFF
1790601643.5640554,4,599,1,ewma,21,1,,0.9926,0.9937,,0.5747,0.4,,31,7,,OFF
1790601644.153396,7,597,1,ewma,21,1,,0.9933,0.9923,,0.7684,0.32,,32,7,,OFF
1790601645.1744752,1,589,1,ewma,21,1,,0.9926,0.9926,,0.5629,0.4,,33,7,,OFF
1790601649.1621754,9,600,1,ewma,21,1,,0.9938,0.9933,,0.8362,0.4906,,33,6,,OFF
1790601650.2809448,5,594,1,ewma,21,1,,0.9938,0.9933,,0.6036,0.5,,33,6,,OFF
1790601651.853014,2,528,1,ewma,21,2,,0.9915,0.9915,,0.5,0.8376,,32,7,,OFF
1790601652.3362489,8,586,1,ewma,21,1,,0.9939,0.9938,,0.6058,0.32,,33,7,,OFF
1790601654.5827465,10,588,1,ewma,21,2,,0.9933,0.9925,,0.1638,0.3638,,32,8,,OFF
1790601656.3480074,3,591,1,ewma,21,1,,0.9932,0.9943,,0.8049,0.5,,32,7,,OFF
1790601657.7059393,7,598,1,ewma,21,1,,0.9932,0.9915,,0.8147,0.32,,32,6,,OFF
1790601658.0954812,4,600,1,ewma,21,1,,0.9877,0.9925,,0.6597,0.4,,33,6,,OFF
1790601658.988984,1,590,1,ewma,21,1,,0.9938,0.9938,,0.6504,0.4,,33,6,,OFF
1790601661.2286031,6,594,0,ewma,21,1,,0.9914,0.9938,,0.6824,0.4,,32,6,,OFF
1790601663.0818944,9,601,1,ewma,21,1,,0.9925,0.9938,,0.8689,0.4906,,32,6,,OFF
1790601665.147141,5,595,1,ewma,21,1,,0.9933,0.9925,,0.6829,0.5,,32,6,,OFF
1790601666.2555263,2,529,1,ewma,21,2,,0.9937,0.9933,,0.5,0.8701,,32,7,,OFF
1790601667.3004403,8,587,1,ewma,21,1,,0.9938,0.9938,,0.6846,0.32,,32,7,,OFF
1790601670.3786628,10,589,1,ewma,21,2,,0.8804,0.9941,,0.1638,0.2911,,31,8,,ON
1790601670.7615356,7,599,1,ewma,21,1,,0.9933,0.9914,,0.8518,0.32,,32,8,,ON
1790601674.357065,4,601,1,ewma,21,1,,0.5818,0.0,,0.7278,0.4,,32,8,,ON
1790601675.1658504,1,591,1,ewma,21,1,,0.7123,0.0004,,0.5203,0.4,,33,8,,ON
1790601677.2373736,6,595,0,ewma,21,1,,0.9914,0.97,,0.5459,0.4,,32,7,,ON
1790601677.748714,9,602,1,ewma,21,1,,0.9813,0.0,,0.8951,0.4906,,33,7,,ON
1790601679.2998674,5,596,1,ewma,21,1,,0.8495,0.9925,,0.7463,0.5,,32,7,,ON
1790601682.5772643,2,530,1,ewma,21,2,,0.0,0.0,,0.5,0.6961,,31,8,,ON
1790601685.05645,7,600,1,ewma,21,1,,0.3837,0.0,,0.8814,0.32,,31,8,,ON
1790601689.244632,8,588,0,ewma,21,1,,0.0005,0.4848,,0.5477,0.32,,29,7,,ON
1790601689.2455864,10,590,0,ewma,21,2,,0.9868,0.9942,,0.1638,0.4329,,29,8,,ON
1790601691.3382215,1,592,1,ewma,21,1,,0.0,0.0,,0.4162,0.4,,28,8,,OFF
1790601710.8225744,2,532,1,snr-greedy,22,2,,0.0,0.9745,,2.0,11.0,,0,1,,OFF
1790601714.3210857,8,590,1,snr-greedy,22,1,,0.9941,0.9938,,13.25,13.0,,1,1,,OFF
1790601716.2285252,10,592,1,snr-greedy,22,1,,0.9938,0.9933,,13.0,12.75,,2,1,,OFF
1790601716.6903641,7,602,1,snr-greedy,22,1,,0.3356,0.0,,9.25,2.0,,3,1,,OFF
1790601716.7942445,5,598,0,snr-greedy,22,2,,0.9,0.9878,,-999.0,12.5,,3,2,,OFF
1790601718.9932735,4,604,1,snr-greedy,22,2,,0.9901,0.9915,,12.0,12.25,,3,3,,OFF
1790601720.1454835,6,598,1,snr-greedy,22,2,,0.9925,0.9932,,12.5,12.75,,3,4,,OFF
1790601721.7965739,3,595,0,snr-greedy,22,2,,0.9,0.9862,,-999.0,12.25,,3,5,,OFF
1790601722.4002197,1,594,1,snr-greedy,22,1,,0.9941,0.9942,,13.25,13.25,,4,5,,OFF
1790601723.1471515,9,605,1,snr-greedy,22,1,,0.9924,0.9914,,12.5,12.25,,5,5,,OFF
1790601725.8592126,2,533,1,snr-greedy,22,2,,0.9923,0.9932,,12.5,12.75,,5,6,,OFF
1790601726.711178,5,599,1,snr-greedy,22,1,,0.9942,0.9926,,13.25,12.5,,6,6,,OFF
1790601727.191324,8,591,1,snr-greedy,22,1,,0.9942,0.9937,,13.25,13.0,,7,6,,OFF
1790601730.9738896,7,603,1,snr-greedy,22,1,,0.9933,0.9912,,12.75,12.25,,8,6,,OFF
1790601731.7944405,3,596,1,snr-greedy,22,1,,0.9938,0.9467,,13.0,10.25,,9,6,,OFF
1790601732.746456,6,599,1,snr-greedy,22,2,,0.9925,0.9942,,12.5,13.25,,9,7,,OFF
1790601734.2513332,4,605,1,snr-greedy,22,2,,0.9901,0.9933,,12.0,12.75,,9,8,,OFF
1790601735.4881942,1,595,1,snr-greedy,22,2,,0.9933,0.9933,,12.75,12.75,,9,9,,OFF
1790601738.581818,2,534,1,snr-greedy,22,2,,0.9881,0.9915,,11.75,12.25,,9,10,,OFF
1790601738.800207,10,593,0,snr-greedy,22,1,,0.9938,0.9933,,13.0,12.75,,10,10,,OFF
1790601738.9815145,9,606,1,snr-greedy,22,1,,0.9925,0.9925,,12.5,12.5,,11,10,,OFF
1790601742.7626922,5,600,1,snr-greedy,22,1,,0.9938,0.9926,,13.0,12.5,,12,10,,OFF
1790601743.2715683,8,592,1,snr-greedy,22,1,,0.9939,0.9926,,13.0,12.5,,13,10,,OFF
1790601744.513739,7,604,1,snr-greedy,22,1,,0.9933,0.9851,,12.75,11.5,,14,10,,OFF
1790601745.6209056,3,597,1,snr-greedy,22,2,,0.9932,0.9941,,12.75,13.25,,14,11,,OFF
1790601746.5752432,6,600,1,snr-greedy,22,2,,0.988,0.9933,,11.75,12.75,,14,12,,OFF
1790601747.1521974,4,606,1,snr-greedy,22,2,,0.9914,0.9925,,12.25,12.5,,14,13,,OFF
1790601747.791465,10,594,1,snr-greedy,22,2,,0.9932,0.9942,,12.75,13.25,,14,14,,OFF
1790601750.0416756,1,596,1,snr-greedy,22,2,,0.9889,0.9933,,12.75,12.75,,14,15,,ON
1790601753.1148398,2,535,1,snr-greedy,22,2,,0.0,0.0,,1.0,4.5,,14,16,,ON
1790601753.6770513,9,607,1,snr-greedy,22,2,,0.9926,0.9933,,12.5,12.75,,14,17,,ON
1790601759.971222,5,601,1,snr-greedy,22,1,,0.9209,0.9926,,13.0,12.5,,15,17,,ON
1790601760.0268538,7,605,1,snr-greedy,22,2,,0.4678,0.9851,,10.25,11.5,,15,18,,ON
1790601760.0500212,4,607,1,snr-greedy,22,2,,0.9891,0.9925,,12.25,12.5,,15,19,,ON
1790601763.48654,6,601,1,snr-greedy,22,1,,0.0032,0.0,,7.25,0.5,,16,19,,ON
1790601765.7961266,2,536,1,snr-greedy,22,1,,0.0,0.0,,1.0,-1.0,,17,19,,OFF
1790601766.1453264,1,597,1,snr-greedy,22,2,,0.0,0.9933,,0.75,12.75,,17,20,,OFF
1790601768.65605,9,608,1,snr-greedy,22,2,,0.9925,0.9942,,12.5,13.25,,17,21,,OFF
1790601773.1895523,8,594,1,snr-greedy,22,2,,0.0,0.9943,,0.25,13.5,,17,21,,OFF
1790601773.5905309,5,602,1,snr-greedy,22,1,,0.9209,0.9925,,13.0,12.5,,18,21,,OFF
1790601774.4033785,3,599,1,snr-greedy,22,2,,0.9925,0.9923,,12.5,12.5,,17,22,,OFF
1790601775.3441381,7,606,1,snr-greedy,22,2,,0.9933,0.9933,,12.75,12.75,,17,23,,OFF
1790601777.086845,10,596,1,snr-greedy,22,2,,0.9938,0.9942,,13.0,13.25,,15,23,,OFF
1790601778.07199,6,602,1,snr-greedy,22,2,,0.0032,0.9916,,7.25,12.25,,15,24,,OFF
1790601779.1049376,1,598,1,snr-greedy,22,1,,0.9938,0.9914,,13.0,12.25,,16,23,,OFF
1790601779.5371737,2,537,1,snr-greedy,22,2,,0.9924,0.9932,,12.5,12.75,,16,24,,OFF
1790601781.8659968,9,609,1,snr-greedy,22,1,,0.9925,0.9916,,12.5,12.25,,17,22,,OFF
1790601782.8100266,4,608,0,snr-greedy,22,2,,0.9923,0.9925,,12.5,12.5,,16,23,,OFF
1790601787.3424044,8,595,1,snr-greedy,22,1,,0.9903,0.9912,,13.25,13.0,,14,22,,OFF
1790601788.6184464,7,607,1,snr-greedy,22,2,,0.9925,0.9938,,12.5,13.0,,14,23,,OFF
1790601789.5951886,5,603,1,snr-greedy,22,1,,0.9933,0.9914,,12.75,12.25,,15,23,,OFF
1790601790.2657013,4,609,1,snr-greedy,22,2,,0.9914,0.9933,,12.25,12.75,,15,24,,OFF
1790601790.9166932,6,603,1,snr-greedy,22,2,,0.9306,0.9942,,10.25,13.25,,15,25,,OFF
1790601791.540571,10,597,1,snr-greedy,22,2,,0.9926,0.9942,,12.5,13.25,,14,26,,OFF
1790601792.8144433,3,600,0,snr-greedy,22,1,,0.9915,0.9916,,12.25,12.25,,14,25,,OFF
1790601793.165793,1,599,1,snr-greedy,22,1,,0.9933,0.9913,,12.75,12.25,,15,25,,OFF
1790601796.9259784,9,610,1,snr-greedy,22,2,,0.9932,0.9932,,12.75,12.75,,15,24,,OFF
1790601799.8181233,2,538,0,snr-greedy,22,2,,0.9916,0.9926,,12.25,12.5,,13,24,,OFF
1790601803.174294,5,604,1,snr-greedy,22,1,,0.9933,0.9901,,12.75,12.0,,13,24,,OFF
1790601803.7172556,3,601,1,snr-greedy,22,2,,0.9915,0.9925,,12.25,12.5,,12,25,,OFF
1790601804.2125142,6,604,1,snr-greedy,22,2,,0.9924,0.9943,,12.5,13.5,,12,26,,OFF
1790601806.0396295,10,598,1,snr-greedy,22,2,,0.9933,0.9938,,12.75,13.0,,11,26,,OFF
1790601806.5864956,4,610,1,snr-greedy,22,2,,0.9923,0.9931,,12.5,12.75,,11,26,,OFF
1790601807.0213258,7,608,1,snr-greedy,22,1,,0.9712,0.006,,11.0,7.5,,12,26,,OFF
1790601807.3941586,1,600,1,snr-greedy,22,1,,0.9933,0.99,,12.75,12.0,,13,25,,OFF
1790601808.5147147,2,539,1,snr-greedy,22,1,,0.9931,0.9932,,12.75,12.75,,14,24,,OFF
1790601811.3745303,9,611,1,snr-greedy,22,2,,0.9915,0.9938,,12.25,13.0,,14,24,,OFF
1790601812.8260784,8,596,0,snr-greedy,22,2,,0.9926,0.9938,,12.5,13.0,,14,25,,OFF
1790601816.7950873,7,609,1,snr-greedy,22,2,,0.9933,0.9931,,12.75,12.75,,14,24,,OFF
1790601817.5456026,5,605,1,snr-greedy,22,1,,0.9938,0.9937,,13.0,13.0,,15,24,,OFF
1790601818.3386853,6,605,1,snr-greedy,22,1,,0.9313,0.0,,10.25,4.5,,16,24,,OFF
1790601819.3504825,4,611,1,snr-greedy,22,1,,0.9932,0.9925,,12.75,12.5,,17,24,,OFF
1790601820.3143742,3,602,1,snr-greedy,22,1,,0.9925,0.9925,,12.5,12.5,,17,22,,ON
1790601823.646347,1,601,1,snr-greedy,22,1,,0.9858,0.99,,12.75,12.0,,17,22,,ON
1790601824.0584056,2,540,1,snr-greedy,22,2,,0.5589,0.9807,,10.5,12.0,,17,23,,ON
1790601824.8313448,10,599,0,snr-greedy,22,2,,0.0,0.9902,,-0.75,12.0,,17,24,,ON
1790601826.2370734,9,612,1,snr-greedy,22,1,,0.9883,0.6111,,11.75,8.75,,17,23,,ON
1790601832.1595826,7,610,1,snr-greedy,22,2,,0.0016,0.9931,,7.0,12.75,,17,23,,OFF
1790601835.8495092,4,612,1,snr-greedy,22,1,,0.0,0.0,,2.0,-1.5,,17,20,,OFF
1790601838.4175909,1,602,1,snr-greedy,22,1,,0.9944,0.9942,,13.5,13.25,,18,18,,OFF
1790601839.779305,9,613,1,snr-greedy,22,2,,0.9911,0.9717,,12.25,12.75,,17,18,,OFF
1790601841.8399904,8,598,0,snr-greedy,22,1,,0.9895,0.9891,,13.5,13.25,,18,18,,OFF
1790601841.840798,3,603,0,snr-greedy,22,1,,0.9641,0.7459,,10.75,9.5,,19,18,,OFF
1790601844.8438988,2,541,0,snr-greedy,22,1,,0.9701,0.9927,,13.0,12.75,,19,17,,OFF
1790601845.4702413,7,611,1,snr-greedy,22,1,,0.9941,0.6556,,13.25,9.25,,20,17,,OFF
1790601848.3466861,5,607,1,snr-greedy,22,1,,0.9931,0.9921,,12.75,12.5,,20,17,,OFF
1790601849.6782503,3,604,1,snr-greedy,22,2,,0.0,0.9941,,2.25,13.25,,19,17,,OFF
1790601853.6924498,9,614,1,snr-greedy,22,2,,0.4875,0.9933,,8.5,12.75,,17,15,,OFF
1790601854.2617788,1,603,1,snr-greedy,22,1,,0.9933,0.9925,,12.75,12.5,,18,15,,OFF
1790601854.848781,10,601,0,snr-greedy,22,2,,0.9881,0.9933,,12.75,12.75,,18,16,,OFF
1790601855.6327722,2,542,1,snr-greedy,22,2,,0.9932,0.9932,,12.75,12.75,,18,17,,OFF
1790601855.8508995,6,607,0,snr-greedy,22,1,,0.9942,0.9867,,13.5,12.75,,19,17,,OFF
1790601855.8519049,8,599,0,snr-greedy,22,1,,0.0156,0.0,,6.75,2.5,,20,17,,OFF
1790601857.8547187,4,613,0,snr-greedy,22,2,,0.9842,0.9842,,12.25,12.25,,20,17,,OFF
1790601860.3570957,7,612,1,snr-greedy,22,1,,0.9933,0.985,,12.75,11.5,,21,16,,OFF
1790601862.968281,5,608,1,snr-greedy,22,2,,0.9925,0.9933,,12.5,12.75,,21,17,,ON
1790601863.7904105,10,602,1,snr-greedy,22,2,,0.9915,0.9943,,12.25,13.5,,20,17,,ON
1790601865.9643145,4,614,1,snr-greedy,22,1,,0.9923,0.9842,,12.5,12.25,,21,16,,ON
1790601867.016138,9,615,1,snr-greedy,22,1,,0.9822,0.0,,11.5,0.5,,22,14,,ON
1790601868.197387,2,543,1,snr-greedy,22,1,,0.9932,0.0,,12.75,1.0,,21,14,,ON
1790601869.7639906,1,604,1,snr-greedy,22,2,,0.0,0.9925,,3.0,12.5,,20,15,,ON
1790601871.8650136,3,605,0,snr-greedy,22,2,,0.8804,0.9933,,12.75,12.75,,20,15,,ON
1790601871.8657017,6,608,0,snr-greedy,22,1,,0.9264,0.0,,10.0,3.5,,21,15,,ON
1790601871.8669055,8,600,0,snr-greedy,22,2,,0.9877,0.9875,,12.5,12.75,,21,16,,ON
1790601879.1751125,10,603,1,snr-greedy,22,1,,0.9915,0.0,,12.25,-0.25,,20,14,,OFF
1790601879.7993445,6,609,1,snr-greedy,22,2,,0.9264,0.9892,,10.0,12.0,,19,15,,OFF
1790601880.6904597,8,601,1,snr-greedy,22,1,,0.9941,0.0,,13.25,2.0,,19,15,,OFF
1790601881.401867,9,616,1,snr-greedy,22,2,,0.9915,0.9933,,12.25,12.75,,19,16,,OFF
1790601882.9036014,7,613,1,snr-greedy,22,1,,0.9815,0.9223,,11.25,10.0,,20,16,,OFF
1790601882.9294543,5,609,1,snr-greedy,22,1,,0.0279,0.0556,,8.25,7.25,,21,16,,OFF
1790601882.9828546,2,544,1,snr-greedy,22,2,,0.99,0.9925,,12.0,12.5,,21,17,,OFF
1790601882.983826,4,615,1,snr-greedy,22,1,,0.0,0.0,,2.0,2.0,,22,17,,OFF
1790601884.081521,1,605,1,snr-greedy,22,1,,0.9937,0.9925,,13.0,12.5,,22,16,,OFF
1790601888.8784816,3,606,0,snr-greedy,22,2,,0.9881,0.9938,,12.75,13.0,,21,16,,OFF
1790601891.159528,7,614,1,snr-greedy,22,1,,0.9933,0.9914,,12.75,12.25,,22,16,,OFF
1790601894.9190502,3,607,1,snr-greedy,22,1,,0.9915,0.9915,,12.25,12.25,,23,15,,OFF
1790601895.534986,9,617,1,snr-greedy,22,2,,0.9925,0.9942,,12.5,13.25,,23,16,,OFF
1790601895.8776124,6,610,1,snr-greedy,22,2,,0.0,0.0,,-0.5,5.75,,22,17,,OFF
1790601896.8903654,2,545,1,snr-greedy,22,2,,0.9901,0.9915,,12.0,12.25,,22,18,,OFF
1790601898.209666,1,606,1,snr-greedy,22,1,,0.9943,0.9942,,13.5,13.25,,23,18,,OFF
1790601899.8826144,10,604,0,snr-greedy,22,1,,0.9926,0.8333,,12.5,12.0,,23,17,,OFF
1790601901.8848937,5,610,0,snr-greedy,22,1,,0.0,0.0,,4.25,-0.25,,22,17,,OFF
1790601901.8855417,8,602,0,snr-greedy,22,1,,0.9944,0.8689,,13.75,12.5,,23,17,,OFF
1790601901.8867838,4,616,0,snr-greedy,22,2,,0.9819,0.985,,12.25,12.25,,23,18,,OFF
1790601904.0413947,7,615,1,snr-greedy,22,2,,0.9933,0.9938,,12.75,13.0,,23,19,,OFF
1790601910.905045,5,611,1,snr-greedy,22,2,,0.3328,0.7886,,9.0,9.75,,20,19,,OFF
1790601911.2232473,4,617,1,snr-greedy,22,1,,0.9915,0.9883,,12.25,11.75,,21,19,,OFF
1790601912.2752602,9,618,1,snr-greedy,22,2,,0.9925,0.9942,,12.5,13.25,,21,20,,OFF
1790601914.7154388,1,607,1,snr-greedy,22,1,,0.9933,0.99,,12.75,12.0,,21,19,,OFF
1790601914.8968673,8,603,0,snr-greedy,22,1,,0.9944,0.0,,13.75,5.75,,22,18,,OFF
1790601914.89764,3,608,0,snr-greedy,22,2,,0.0,0.9915,,3.0,12.25,,22,19,,OFF
1790601915.8993373,6,611,0,snr-greedy,22,1,,0.8535,0.8535,,12.25,12.25,,21,18,,OFF
1790601917.9020689,2,546,0,snr-greedy,22,2,,0.9914,0.9914,,12.25,12.25,,21,18,,OFF
1790601917.9027238,10,605,0,snr-greedy,22,2,,0.0,0.8333,,-0.25,12.0,,21,19,,OFF
1790601918.8214862,7,616,1,snr-greedy,22,1,,0.9925,0.9914,,12.5,12.25,,22,19,,OFF
1790601925.765472,2,547,1,snr-greedy,22,2,,0.9931,0.9932,,12.75,12.75,,21,18,,ON
1790601927.247367,9,619,1,snr-greedy,22,2,,0.0,0.9942,,4.75,13.25,,19,19,,ON
1790601927.3056798,4,618,1,snr-greedy,22,1,,0.99,0.9883,,12.0,11.75,,20,19,,ON
1790601930.96605,1,608,1,snr-greedy,22,2,,0.0,0.99,,3.25,12.0,,19,19,,ON
1790601932.620685,7,617,1,snr-greedy,22,1,,0.7333,0.0,,11.25,-0.25,,19,17,,ON
1790601932.9105458,8,604,0,snr-greedy,22,2,,0.0,0.0,,-0.5,0.75,,19,18,,ON
1790601932.9112573,6,612,0,snr-greedy,22,2,,0.0001,0.8535,,5.25,12.25,,19,19,,ON
1790601932.9118092,5,612,0,snr-greedy,22,2,,0.0,0.7886,,2.0,9.75,,19,20,,ON
1790601932.9124768,10,606,0,snr-greedy,22,2,,0.7741,0.8333,,11.5,12.0,,19,21,,ON
1790601942.1766624,9,620,1,snr-greedy,22,2,,0.0,0.897,,3.5,9.75,,17,20,,OFF
1790601942.2469254,4,619,1,snr-greedy,22,2,,0.9925,0.9924,,12.5,12.5,,17,21,,OFF
1790601942.371952,10,607,1,snr-greedy,22,2,,0.8804,0.9875,,12.75,13.25,,17,22,,OFF
1790601961.587708,7,619,1,state-aware,22,2,,0.989,0.9925,,0.989,0.9925,,0,1,,OFF
1790601966.4118533,1,610,0,state-aware,22,2,,0.9,0.9899,,0.9,0.9899,,0,2,,OFF
1790601970.7126293,8,607,1,state-aware,22,2,,0.9932,0.9941,,0.9932,0.9941,,0,3,,OFF
1790601971.3426392,9,622,1,state-aware,22,2,,0.9925,0.9938,,0.9925,0.9938,,0,4,,OFF
1790601972.7782366,4,621,1,state-aware,22,2,,0.9924,0.9938,,0.9924,0.9938,,0,5,,OFF
1790601973.3620744,5,615,1,state-aware,22,1,,0.9943,0.9937,,0.9943,0.9937,,1,5,,OFF
1790601974.1139793,2,550,1,state-aware,22,1,,0.9942,0.9914,,0.9942,0.9914,,2,5,,OFF
1790601976.4141836,3,612,0,state-aware,22,2,,0.0,0.9,,0.0,0.9,,2,6,,OFF
1790601976.7682269,1,611,1,state-aware,22,1,,0.9941,0.9923,,0.9941,0.8936,,3,6,,OFF
1790601977.908709,7,620,1,state-aware,22,1,,0.9943,0.9914,,0.9943,0.8929,,4,6,,OFF
1790601980.4161713,10,609,0,state-aware,22,2,,0.9899,0.9937,,0.9899,0.9937,,4,7,,OFF
1790601986.6784816,5,616,1,state-aware,22,1,,0.9901,0.2649,,0.9251,0.2649,,5,7,,OFF
1790601987.338481,4,622,1,state-aware,22,1,,0.9911,0.9916,,0.9911,0.9263,,6,7,,OFF
1790601987.3390286,8,608,1,state-aware,22,1,,0.9925,0.9922,,0.9925,0.8935,,7,7,,OFF
1790601989.3821368,2,551,1,state-aware,22,2,,0.9901,0.9925,,0.8918,0.9925,,7,8,,OFF
1790601990.1655395,10,610,1,state-aware,22,1,,0.9942,0.9942,,0.9942,0.8951,,8,8,,ON
1790601990.881097,7,621,1,state-aware,22,1,,0.9933,0.9915,,0.9278,0.8929,,9,8,,ON
1790601991.4190185,3,613,0,state-aware,22,2,,0.8535,0.9878,,0.8535,0.8899,,9,9,,ON
1790601991.4196465,9,623,0,state-aware,22,2,,0.0,0.9938,,0.0,0.9282,,9,10,,ON
1790601992.4216547,6,616,0,state-aware,22,2,,0.9879,0.9932,,0.9879,0.9932,,9,11,,ON
1790601997.4242039,1,612,0,state-aware,22,1,,0.9926,0.9915,,0.9272,0.8929,,10,11,,ON
1790602003.4101286,2,552,1,state-aware,22,2,,0.0,0.0,,0.0667,0.1,,10,12,,ON
1790602006.42627,6,617,0,state-aware,22,1,,0.9932,0.9932,,0.9932,0.8943,,11,12,,OFF
1790602009.2021093,4,623,1,state-aware,22,1,,0.0726,0.0,,0.1272,0.1,,12,12,,OFF
1790602009.2461174,7,622,1,state-aware,22,1,,0.0001,0.0,,0.1944,0.0667,,13,12,,OFF
1790602009.2689888,1,613,1,state-aware,22,1,,0.0,0.0,,0.1371,0.0667,,14,12,,OFF
1790602014.4292145,9,624,0,state-aware,22,1,,0.9843,0.0,,0.9843,0.1371,,15,12,,OFF
1790602016.6723664,2,553,1,state-aware,22,2,,0.9819,0.9938,,0.8849,0.9042,,15,13,,OFF
1790602017.1044583,6,618,1,state-aware,22,2,,0.0,0.0,,0.0667,0.0667,,15,14,,OFF
1790602017.6124697,5,618,1,state-aware,22,2,,0.9938,0.9915,,0.9282,0.9915,,15,15,,OFF
1790602017.9434388,4,624,1,state-aware,22,2,,0.9925,0.9913,,0.8003,0.9261,,15,16,,OFF
1790602018.6619272,8,610,1,state-aware,22,1,,0.9943,0.9926,,0.9943,0.8938,,16,16,,OFF
1790602020.569665,10,612,1,state-aware,22,1,,0.9926,0.9942,,0.9926,0.8951,,17,16,,OFF
1790602021.4259534,1,614,1,state-aware,22,2,,0.9938,0.9933,,0.7652,0.8944,,17,17,,OFF
1790602022.2114418,7,623,1,state-aware,22,2,,0.9926,0.9915,,0.8244,0.8929,,17,17,,OFF
1790602023.4313073,3,615,0,state-aware,22,2,,0.0,0.9878,,0.0,0.8899,,17,18,,OFF
1790602023.43221,9,625,0,state-aware,22,1,,0.9434,0.0,,0.8528,0.1371,,18,18,,OFF
1790602030.4083397,2,554,1,state-aware,22,2,,0.9915,0.9915,,0.8929,0.8987,,18,18,,OFF
1790602032.2509882,3,616,1,state-aware,22,1,,0.8782,0.862,,0.8782,0.7072,,19,16,,OFF
1790602032.991391,9,626,1,state-aware,22,2,,0.9915,0.9913,,0.7997,0.8452,,19,16,,OFF
1790602033.1527228,4,625,1,state-aware,22,2,,0.9925,0.9915,,0.8003,0.8454,,19,17,,OFF
1790602033.9110012,10,613,1,state-aware,22,1,,0.99,0.9942,,0.925,0.8952,,19,17,,OFF
1790602035.3377728,1,615,1,state-aware,22,2,,0.9943,0.9942,,0.7655,0.8587,,18,18,,OFF
1790602036.6670291,7,624,1,state-aware,22,2,,0.9915,0.9899,,0.8237,0.8557,,18,18,,OFF
1790602038.439715,8,611,0,state-aware,22,1,,0.0,0.0,,0.1,0.0667,,17,18,,OFF
1790602038.4404361,5,619,0,state-aware,22,2,,0.1625,0.99,,0.2354,0.925,,17,19,,OFF
1790602038.4415755,6,619,0,state-aware,22,1,,0.9835,0.9881,,0.8863,0.7972,,18,19,,OFF
1790602044.5474124,2,555,1,state-aware,22,2,,0.9915,0.9915,,0.8929,0.9042,,18,19,,OFF
1790602045.5691442,3,617,1,state-aware,22,1,,0.9916,0.9901,,0.9263,0.7986,,19,19,,OFF
1790602046.2939684,8,612,1,state-aware,22,2,,0.9932,0.9942,,0.8466,0.8951,,19,20,,OFF
1790602048.3364809,5,620,1,state-aware,22,1,,0.9898,0.9898,,0.9248,0.8441,,17,20,,OFF
1790602049.4867582,9,627,1,state-aware,22,2,,0.0,0.0095,,0.0914,0.15,,17,20,,OFF
1790602050.2771332,7,625,1,state-aware,22,2,,0.9933,0.99,,0.8248,0.8498,,16,21,,OFF
1790602051.2000573,1,616,1,state-aware,22,2,,0.9933,0.9933,,0.7648,0.7768,,15,22,,OFF
1790602055.4544291,6,620,0,state-aware,22,2,,0.8689,0.8948,,0.7121,0.7306,,15,20,,OFF
1790602059.0964935,2,556,1,state-aware,22,2,,0.9915,0.9915,,0.8929,0.9138,,14,21,,OFF
1790602060.71361,3,618,1,state-aware,22,1,,0.9933,0.9938,,0.9038,0.8013,,15,21,,OFF
1790602061.5288997,8,613,1,state-aware,22,1,,0.9915,0.9926,,0.8454,0.8004,,16,21,,OFF
1790602062.4924676,5,621,1,state-aware,22,1,,0.9942,0.9942,,0.9044,0.8473,,17,21,,OFF
1790602063.3802402,7,626,1,state-aware,22,2,,0.6991,0.9912,,0.6409,0.8586,,17,22,,OFF
1790602063.6760538,10,615,1,state-aware,22,1,,0.9931,0.0082,,0.9276,0.0735,,18,21,,OFF
1790602064.1296012,6,621,1,state-aware,22,1,,0.9923,0.9936,,0.8002,0.717,,19,21,,OFF
1790602065.2033043,1,617,1,state-aware,22,2,,0.9938,0.9898,,0.7652,0.7867,,19,22,,ON
1790602070.4594913,4,627,0,state-aware,22,2,,0.99,0.988,,0.7986,0.8429,,15,23,,ON
1790602072.8201556,2,557,1,state-aware,22,2,,0.0,0.0,,0.0667,0.474,,15,24,,ON
1790602076.9472783,5,622,1,state-aware,22,1,,0.9902,0.9774,,0.8979,0.8353,,15,23,,OFF
1790602078.5359282,6,622,1,state-aware,22,1,,0.0,0.0,,0.171,0.096,,16,20,,OFF
1790602079.0354407,9,629,1,state-aware,22,1,,0.9909,0.9933,,0.7992,0.7648,,16,20,,OFF
1790602079.5687404,4,628,1,state-aware,22,1,,0.9914,0.9938,,0.7996,0.7651,,17,20,,OFF
1790602080.1643279,1,618,1,state-aware,22,1,,0.9938,0.9933,,0.7651,0.7097,,18,20,,OFF
1790602081.467405,8,614,0,state-aware,22,1,,0.7111,0.0004,,0.6634,0.0917,,18,19,,OFF
1790602084.4690678,10,616,0,state-aware,22,1,,0.9817,0.9897,,0.8955,0.8914,,18,17,,OFF
1790602084.4698853,7,627,0,state-aware,22,1,,0.9778,0.99,,0.8151,0.7721,,19,17,,OFF
1790602086.5570073,2,558,1,state-aware,22,2,,0.9901,0.9915,,0.8917,0.9353,,19,18,,OFF
1790602089.379504,3,620,1,state-aware,22,1,,0.9925,0.9915,,0.9032,0.7996,,20,18,,OFF
1790602090.34761,8,615,1,state-aware,22,2,,0.9942,0.9932,,0.76,0.8009,,20,19,,OFF
1790602091.2247734,5,623,1,state-aware,22,1,,0.9932,0.9924,,0.9052,0.846,,21,18,,OFF
1790602092.2464323,6,623,1,state-aware,22,1,,0.0002,0.0,,0.2511,0.096,,22,18,,OFF
1790602092.7726653,9,630,1,state-aware,22,1,,0.9925,0.9938,,0.7913,0.7651,,22,18,,OFF
1790602093.8437266,4,629,1,state-aware,22,2,,0.0,0.9883,,0.171,0.7617,,22,17,,OFF
1790602095.144962,7,628,1,state-aware,22,2,,0.8039,0.99,,0.64,0.7721,,21,18,,OFF
1790602099.4765017,1,619,0,state-aware,22,2,,0.0009,0.9925,,0.2259,0.7094,,19,16,,OFF
1790602100.0299287,2,559,1,state-aware,22,2,,0.9914,0.9914,,0.8929,0.9451,,19,17,,OFF
1790602100.4781854,10,617,0,state-aware,22,2,,0.9933,0.9931,,0.8248,0.8943,,19,18,,OFF
1790602103.8232338,3,621,1,state-aware,22,1,,0.9925,0.9941,,0.8993,0.8015,,20,18,,OFF
1790602104.6747553,8,616,1,state-aware,22,2,,0.9933,0.9938,,0.7595,0.7922,,20,18,,OFF
1790602105.7673805,6,624,1,state-aware,22,1,,0.9924,0.0,,0.8221,0.096,,20,18,,OFF
1790602106.3085725,9,631,1,state-aware,22,1,,0.9458,0.9914,,0.7765,0.7636,,21,17,,OFF
1790602106.7227678,5,624,1,state-aware,22,1,,0.9938,0.9925,,0.915,0.846,,22,17,,OFF
1790602109.4944913,1,620,1,state-aware,22,2,,0.5172,0.9743,,0.5128,0.6289,,21,17,,OFF
1790602110.4843822,10,618,1,state-aware,22,1,,0.9938,0.9942,,0.8252,0.8016,,22,16,,OFF
1790602112.8574445,2,560,1,state-aware,22,2,,0.9933,0.9915,,0.8944,0.9538,,22,16,,OFF
1790602115.4936776,7,629,0,state-aware,22,2,,0.9861,0.9914,,0.7413,0.8016,,22,16,,OFF
1790602116.8495286,3,622,1,state-aware,22,1,,0.9933,0.9938,,0.9052,0.8013,,23,16,,OFF
1790602118.4995701,8,617,1,state-aware,22,2,,0.9944,0.9937,,0.7601,0.8031,,23,17,,OFF
1790602120.5522707,9,632,1,state-aware,22,1,,0.9901,0.9915,,0.821,0.7637,,24,16,,OFF
1790602121.2345765,5,625,1,state-aware,22,1,,0.9926,0.9883,,0.9251,0.843,,24,16,,OFF
1790602122.352969,6,625,1,state-aware,22,1,,0.9899,0.9938,,0.7344,0.7171,,24,16,,OFF
1790602124.2043962,1,621,1,state-aware,22,1,,0.9941,0.9942,,0.7777,0.5734,,22,15,,OFF
1790602124.911195,10,619,1,state-aware,22,1,,0.9942,0.9944,,0.8346,0.8017,,23,15,,OFF
1790602125.4698107,7,630,1,state-aware,22,2,,0.0,0.0553,,0.1934,0.3233,,23,15,,OFF
1790602126.148382,4,631,1,state-aware,22,1,,0.9897,0.9856,,0.7896,0.76,,24,15,,OFF
1790602128.290715,2,561,1,state-aware,22,1,,0.9915,0.9915,,0.8929,0.828,,25,15,,OFF
1790602130.8821297,3,623,1,state-aware,22,1,,0.9703,0.8954,,0.9032,0.731,,26,14,,ON
1790602131.4905336,8,618,1,state-aware,22,2,,0.9943,0.9944,,0.76,0.8231,,26,15,,ON
1790602134.8627126,9,633,1,state-aware,22,1,,0.9902,0.9458,,0.8436,0.7351,,27,14,,ON
1790602136.039444,5,626,1,state-aware,22,1,,0.0,0.0,,0.4055,0.1371,,28,14,,ON
1790602136.525655,6,626,1,state-aware,22,1,,0.9849,0.9938,,0.7704,0.7171,,29,14,,ON
1790602139.6340196,7,631,1,state-aware,22,1,,0.9933,0.0553,,0.7452,0.3977,,26,14,,ON
1790602139.66003,4,632,1,state-aware,22,2,,0.0,0.9856,,0.251,0.76,,26,15,,ON
1790602142.944794,2,562,1,state-aware,22,2,,0.0,0.0008,,0.0914,0.4978,,24,16,,ON
1790602145.5109413,10,620,0,state-aware,22,1,,0.0,0.0008,,0.3541,0.092,,23,16,,ON
1790602149.5139632,3,624,0,state-aware,22,1,,0.9923,0.8954,,0.925,0.731,,23,15,,OFF
1790602150.5738988,9,634,1,state-aware,22,1,,0.9933,0.9458,,0.8672,0.7351,,24,14,,OFF
1790602151.8736174,5,627,1,state-aware,22,2,,0.9938,0.9925,,0.7245,0.846,,23,15,,OFF
1790602152.516789,8,619,0,state-aware,22,2,,0.0,0.0,,0.2076,0.2844,,22,16,,OFF
1790602153.1021905,6,627,1,state-aware,22,2,,0.9915,0.9938,,0.6852,0.7171,,21,17,,OFF
1790602154.2477038,7,632,1,state-aware,22,1,,0.994,0.9825,,0.7711,0.7544,,22,16,,OFF
1790602155.5420349,4,633,1,state-aware,22,1,,0.9234,0.8433,,0.764,0.605,,23,15,,OFF
1790602159.5248182,10,621,0,state-aware,22,2,,0.9868,0.9905,,0.7575,0.799,,23,15,,OFF
1790602161.0690086,3,625,1,state-aware,22,2,,0.0,0.8954,,0.4055,0.731,,23,14,,OFF
1790602161.52737,1,623,0,state-aware,22,1,,0.9933,0.9867,,0.7773,0.5703,,24,14,,OFF
1790602162.7278752,8,620,1,state-aware,22,1,,0.9941,0.993,,0.7599,0.6571,,25,14,,OFF
1790602166.42272,9,635,1,state-aware,22,2,,0.9925,0.9942,,0.7643,0.7654,,22,14,,OFF
1790602166.530519,2,563,0,state-aware,22,1,,0.8689,0.8692,,0.7121,0.6821,,23,14,,OFF
1790602166.7429776,6,628,1,state-aware,22,2,,0.9924,0.9932,,0.6855,0.7317,,22,15,,OFF
1790602167.3271177,7,633,1,state-aware,22,1,,0.9942,0.9916,,0.8002,0.7578,,23,15,,OFF
1790602168.3366187,5,628,1,state-aware,22,2,,0.9942,0.9937,,0.7246,0.7651,,23,16,,OFF
1790602169.5840142,4,634,1,state-aware,22,1,,0.9925,0.9937,,0.8222,0.6886,,24,15,,OFF
1790602170.4793127,10,622,1,state-aware,22,1,,0.9925,0.9941,,0.7602,0.7173,,25,15,,OFF
1790602170.717635,1,624,1,state-aware,22,1,,0.9931,0.9912,,0.6995,0.5721,,25,15,,ON
1790602175.1383257,2,564,1,state-aware,22,2,,0.0,0.0,,0.096,0.4105,,25,15,,ON
1790602181.1529589,7,634,1,state-aware,22,1,,0.9933,0.9916,,0.8285,0.7578,,24,13,,ON
1790602181.5414193,3,626,0,state-aware,22,2,,0.0,0.8954,,0.4055,0.7306,,23,14,,ON
1790602182.0594556,9,636,1,state-aware,22,2,,0.0,0.9942,,0.3826,0.6889,,23,15,,ON
1790602183.9540215,4,635,1,state-aware,22,1,,0.9005,0.9937,,0.8028,0.6886,,23,15,,ON
1790602185.4457805,1,625,1,state-aware,22,1,,0.9813,0.9912,,0.7322,0.5721,,22,15,,ON
1790602188.546561,5,629,0,state-aware,22,1,,0.0,0.0,,0.3422,0.2254,,21,14,,ON
1790602211.5711772,9,638,1,ewma,22,1,,0.9914,0.9933,,0.5,0.5,,1,0,,OFF
1790602213.1737254,6,631,1,ewma,22,1,,0.986,0.9868,,0.5,0.5,,2,0,,OFF
1790602214.648074,5,631,1,ewma,22,1,,0.9942,0.9925,,0.5,0.5,,3,0,,OFF
1790602215.838325,10,625,1,ewma,22,2,,0.9809,0.0,,0.5,0.5,,3,1,,OFF
1790602219.088392,4,637,0,ewma,22,1,,0.9913,0.9839,,0.5,0.5,,4,1,,OFF
1790602220.472586,3,629,1,ewma,22,1,,0.994,0.9942,,0.5,0.5,,5,1,,OFF
1790602221.5145693,2,567,1,ewma,22,2,,0.9899,0.9925,,0.5,0.5,,5,2,,OFF
1790602222.090382,1,627,0,ewma,22,1,,0.989,0.9862,,0.5,0.5,,6,2,,OFF
1790602222.7740097,8,624,1,ewma,22,1,,0.9943,0.9933,,0.5,0.5,,7,2,,OFF
1790602225.8790915,9,639,1,ewma,22,1,,0.9925,0.9914,,0.6,0.5,,8,2,,OFF
1790602227.313485,7,637,1,ewma,22,1,,0.9933,0.3366,,0.5,0.5,,9,2,,OFF
1790602227.932926,6,632,1,ewma,22,1,,0.9926,0.9933,,0.6,0.5,,10,2,,OFF
1790602228.9861963,4,638,1,ewma,22,2,,0.99,0.9899,,0.4,0.5,,10,3,,OFF
1790602229.3800561,5,632,1,ewma,22,2,,0.9933,0.9901,,0.4,0.5,,10,4,,OFF
1790602230.589642,10,626,1,ewma,22,1,,0.9933,0.9938,,0.5,0.4,,11,4,,OFF
1790602231.6368139,1,628,1,ewma,22,2,,0.9926,0.9925,,0.4,0.5,,11,5,,OFF
1790602233.7894611,3,630,1,ewma,22,1,,0.9933,0.9925,,0.6,0.5,,12,5,,OFF
1790602236.1458488,8,625,1,ewma,22,1,,0.9933,0.9938,,0.6,0.5,,13,5,,ON
1790602237.8018,2,568,1,ewma,22,1,,0.9933,0.9915,,0.5,0.4,,14,5,,ON
1790602240.1581624,9,640,1,ewma,22,1,,0.9939,0.9914,,0.68,0.5,,15,5,,ON
1790602242.5907204,6,633,1,ewma,22,1,,0.9925,0.9933,,0.68,0.5,,16,5,,ON
1790602242.6236925,7,638,1,ewma,22,1,,0.0004,0.3366,,0.6,0.5,,17,5,,ON
1790602243.3344705,4,639,1,ewma,22,2,,0.9924,0.9899,,0.4,0.6,,17,6,,ON
1790602246.615644,1,629,1,ewma,22,2,,0.0,0.0,,0.4,0.6,,17,7,,OFF
1790602248.098843,5,633,0,ewma,22,2,,0.0,0.0,,0.4,0.6,,17,8,,OFF
1790602252.3044071,8,626,1,ewma,22,2,,0.9944,0.9932,,0.48,0.5,,17,9,,OFF
1790602253.5714767,2,569,1,ewma,22,1,,0.9933,0.9932,,0.4,0.4,,18,9,,OFF
1790602254.1013067,3,631,0,ewma,22,1,,0.985,0.9894,,0.68,0.5,,19,9,,OFF
1790602254.1776392,9,641,1,ewma,22,1,,0.9933,0.9938,,0.744,0.5,,20,9,,OFF
1790602256.00587,6,634,1,ewma,22,1,,0.9925,0.9938,,0.544,0.5,,21,9,,OFF
1790602257.159908,7,639,1,ewma,22,1,,0.9938,0.9925,,0.68,0.5,,22,9,,OFF
1790602259.007999,5,634,1,ewma,22,2,,0.9935,0.9049,,0.4,0.48,,22,10,,OFF
1790602259.5060706,4,640,1,ewma,22,2,,0.9914,0.9925,,0.4,0.48,,22,11,,OFF
1790602260.3106215,1,630,1,ewma,22,2,,0.9938,0.9925,,0.4,0.68,,22,12,,OFF
1790602263.8781376,3,632,1,ewma,22,1,,0.9933,0.9925,,0.544,0.5,,23,12,,OFF
1790602265.1084168,10,628,0,ewma,22,1,,0.9877,0.9894,,0.5,0.4,,24,12,,OFF
1790602265.8646653,8,627,1,ewma,22,2,,0.9933,0.9933,,0.48,0.6,,24,13,,OFF
1790602267.4663262,2,570,1,ewma,22,1,,0.9915,0.9925,,0.52,0.4,,25,13,,OFF
1790602268.816828,9,642,1,ewma,22,1,,0.9925,0.9933,,0.7952,0.5,,26,13,,OFF
1790602270.4255905,6,635,1,ewma,22,1,,0.9925,0.9942,,0.6352,0.5,,27,13,,OFF
1790602271.361583,7,640,1,ewma,22,1,,0.9944,0.9932,,0.744,0.5,,28,13,,OFF
1790602273.1111085,1,631,1,ewma,22,2,,0.9938,0.9933,,0.4,0.744,,27,14,,OFF
1790602273.6003928,4,641,1,ewma,22,2,,0.99,0.9933,,0.4,0.584,,26,15,,OFF
1790602274.9394045,5,635,1,ewma,22,1,,0.9925,0.9924,,0.4,0.384,,26,15,,OFF
1790602276.0932589,10,629,1,ewma,22,2,,0.9924,0.9924,,0.4,0.4,,26,15,,OFF
1790602278.0073326,3,633,1,ewma,22,1,,0.9933,0.9942,,0.6352,0.5,,27,15,,OFF
1790602279.0563266,8,628,1,ewma,22,2,,0.9938,0.9916,,0.48,0.68,,27,16,,OFF
1790602281.6996315,2,571,1,ewma,22,1,,0.1409,0.9899,,0.616,0.4,,26,15,,ON
1790602285.0291522,6,636,1,ewma,22,1,,0.9925,0.9705,,0.7082,0.5,,25,15,,ON
1790602285.6345782,7,641,1,ewma,22,1,,0.9916,0.9932,,0.7952,0.5,,26,15,,ON
1790602287.2623096,1,632,1,ewma,22,2,,0.0,0.0,,0.4,0.7952,,25,16,,ON
1790602287.9678864,4,642,1,ewma,22,2,,0.9582,0.9933,,0.4,0.6672,,23,17,,ON
1790602289.1066315,5,636,1,ewma,22,1,,0.9938,0.9924,,0.52,0.384,,24,16,,ON
1790602296.7842295,9,644,1,ewma,22,1,,0.9925,0.9915,,0.7952,0.5,,22,14,,OFF
1790602297.8042192,2,572,1,ewma,22,1,,0.9925,0.9932,,0.4928,0.4,,22,14,,OFF
1790602298.6553524,7,642,1,ewma,22,1,,0.9933,0.9933,,0.8362,0.5,,23,14,,OFF
1790602299.1235714,10,630,0,ewma,22,2,,0.0,0.711,,0.4,0.52,,23,15,,OFF
1790602299.1243248,3,634,0,ewma,22,1,,0.9262,0.0,,0.7082,0.5,,24,15,,OFF
1790602300.3774443,6,637,1,ewma,22,1,,0.9901,0.9938,,0.5665,0.5,,24,15,,OFF
1790602301.2783027,4,643,1,ewma,22,2,,0.9915,0.9915,,0.4,0.7338,,24,16,,OFF
1790602301.8654256,1,633,1,ewma,22,2,,0.9942,0.9937,,0.4,0.6362,,24,17,,OFF
1790602304.4570606,5,637,1,ewma,22,1,,0.9938,0.9932,,0.616,0.384,,23,16,,OFF
1790602305.4681625,10,631,1,ewma,22,2,,0.9938,0.9939,,0.4,0.416,,23,17,,OFF
1790602307.4372604,3,635,1,ewma,22,1,,0.8535,0.8333,,0.5665,0.5,,24,16,,OFF
1790602310.167803,9,645,1,ewma,22,1,,0.9925,0.9942,,0.8362,0.5,,25,15,,OFF
1790602311.6915834,2,573,1,ewma,22,1,,0.9933,0.9915,,0.5942,0.4,,26,15,,OFF
1790602313.0340736,7,643,1,ewma,22,1,,0.9925,0.9925,,0.8689,0.5,,27,14,,OFF
1790602313.129353,8,630,0,ewma,22,2,,0.8535,0.8333,,0.48,0.68,,27,15,,OFF
1790602313.75708,6,638,1,ewma,22,1,,0.9915,0.9899,,0.6532,0.5,,27,15,,OFF
1790602314.6818852,1,634,1,ewma,22,2,,0.9933,0.9932,,0.4,0.7089,,25,16,,OFF
1790602317.5733807,4,644,1,ewma,22,2,,0.9924,0.9938,,0.4,0.587,,23,17,,OFF
1790602317.997896,5,638,1,ewma,22,1,,0.9933,0.9942,,0.6928,0.384,,24,17,,OFF
1790602318.8915124,10,632,1,ewma,22,2,,0.9933,0.9937,,0.4,0.5328,,24,18,,OFF
1790602321.0157628,3,636,1,ewma,22,1,,0.9941,0.9942,,0.6532,0.5,,25,15,,OFF
1790602322.7978716,8,631,1,ewma,22,2,,0.9933,0.9933,,0.48,0.544,,25,16,,OFF
1790602324.7381878,2,574,1,ewma,22,1,,0.9914,0.9925,,0.6754,0.4,,25,16,,OFF
1790602326.2789013,9,646,1,ewma,22,1,,0.9933,0.9933,,0.8689,0.5,,25,15,,OFF
1790602327.168287,7,644,1,ewma,22,1,,0.9933,0.9901,,0.8951,0.5,,26,15,,OFF
1790602328.650225,6,639,1,ewma,22,1,,0.9899,0.9933,,0.5226,0.5,,26,15,,OFF
1790602330.9505563,4,645,1,ewma,22,2,,0.9805,0.9925,,0.4,0.6696,,24,16,,OFF
1790602332.8174028,10,633,1,ewma,22,2,,0.9907,0.9888,,0.4,0.6262,,23,17,,OFF
1790602336.1384332,1,635,0,ewma,22,2,,0.9942,0.9938,,0.4,0.5671,,22,15,,ON
1790602336.4063072,3,637,1,ewma,22,1,,0.9938,0.9933,,0.7226,0.5,,23,15,,ON
1790602338.140867,5,639,0,ewma,22,1,,0.9938,0.9933,,0.7542,0.384,,23,15,,ON
1790602338.2271442,2,575,1,ewma,22,1,,0.0,0.0,,0.7403,0.4,,24,15,,ON
1790602341.2009873,9,647,1,ewma,22,1,,0.9856,0.8527,,0.8951,0.5,,25,14,,ON
1790602342.7702885,6,640,1,ewma,22,1,,0.9901,0.9933,,0.6181,0.5,,25,14,,ON
1790602345.29115,4,646,1,ewma,22,2,,0.0484,0.0,,0.4,0.7357,,24,15,,ON
1790602345.7860937,1,636,1,ewma,22,2,,0.9912,0.9938,,0.4,0.4537,,23,16,,ON
1790602348.1455045,7,645,0,ewma,22,1,,0.089,0.0,,0.7161,0.5,,24,14,,ON
1790602348.9749596,5,640,1,ewma,22,1,,0.0,0.3659,,0.6034,0.384,,25,14,,ON
1790602353.1801348,2,576,1,ewma,22,1,,0.0,0.0152,,0.5923,0.4,,25,14,,OFF
1790602355.83891,9,648,1,ewma,22,1,,0.9933,0.9943,,0.9161,0.5,,26,14,,OFF
1790602357.5023248,7,646,1,ewma,22,1,,0.9938,0.9897,,0.5729,0.5,,26,14,,OFF
1790602358.6988575,6,641,1,ewma,22,2,,0.9932,0.9942,,0.4944,0.5,,24,15,,OFF
1790602360.5756555,4,647,1,ewma,22,2,,0.9924,0.9938,,0.4,0.5885,,22,15,,OFF
1790602361.3770692,1,637,1,ewma,22,1,,0.9933,0.9899,,0.4,0.363,,23,14,,OFF
1790602362.7924104,10,635,1,ewma,22,2,,0.9938,0.9938,,0.4,0.6262,,23,14,,OFF
1790602364.263892,5,641,1,ewma,22,1,,0.9933,0.9939,,0.4827,0.384,,24,14,,OFF
1790602366.7053733,2,577,1,ewma,22,1,,0.9938,0.9924,,0.6738,0.4,,24,13,,OFF
1790602367.062149,3,639,1,ewma,22,1,,0.9938,0.9942,,0.7226,0.5,,25,13,,OFF
1790602368.9412386,8,634,1,ewma,22,2,,0.9942,0.9915,,0.48,0.544,,24,14,,OFF
1790602370.2933547,9,649,1,ewma,22,1,,0.9933,0.9941,,0.9329,0.5,,24,14,,OFF
1790602370.8329787,7,647,1,ewma,22,1,,0.9926,0.9901,,0.6583,0.5,,25,14,,OFF
1790602372.5428944,6,642,1,ewma,22,2,,0.9901,0.9925,,0.4944,0.6,,24,15,,OFF
1790602373.0364995,4,648,1,ewma,22,2,,0.9924,0.9913,,0.4,0.6708,,23,16,,OFF
1790602375.7002192,1,638,1,ewma,22,1,,0.9916,0.9883,,0.52,0.363,,23,14,,OFF
1790602376.6128,10,636,1,ewma,22,2,,0.9942,0.9942,,0.4,0.701,,23,15,,OFF
1790602378.2649567,5,642,1,ewma,22,1,,0.9938,0.9939,,0.5862,0.384,,23,14,,OFF
1790602382.2737296,2,578,1,ewma,22,1,,0.9938,0.9916,,0.739,0.4,,23,13,,OFF
1790602383.5148623,3,640,1,ewma,22,1,,0.9926,0.9926,,0.5781,0.5,,24,12,,OFF
1790602385.8006241,7,648,1,ewma,22,1,,0.9912,0.987,,0.7267,0.5,,24,12,,OFF
1790602386.150523,4,649,1,ewma,22,2,,0.9941,0.9931,,0.4,0.7367,,24,13,,OFF
1790602388.1088066,6,643,1,ewma,22,1,,0.9932,0.9932,,0.4944,0.48,,23,13,,OFF
1790602388.9114804,1,639,1,ewma,22,1,,0.9933,0.9933,,0.616,0.363,,23,13,,OFF
1790602391.1672006,8,635,0,ewma,22,1,,0.9704,0.0,,0.48,0.4352,,24,12,,OFF
1790602392.3914163,10,637,1,ewma,22,2,,0.994,0.9944,,0.4,0.5608,,24,13,,OFF
1790602393.106259,5,643,1,ewma,22,1,,0.9933,0.9916,,0.6689,0.384,,25,12,,OFF
1790602397.0561383,3,641,1,ewma,22,1,,0.0187,0.4891,,0.6624,0.5,,25,11,,OFF
1790602398.8538113,4,650,1,ewma,22,2,,0.9933,0.9924,,0.4,0.7893,,23,12,,OFF
1790602399.86086,9,651,1,ewma,22,1,,0.0,0.9881,,0.9329,0.5,,24,12,,OFF
1790602400.0861824,8,636,1,ewma,22,2,,0.9915,0.9944,,0.384,0.4352,,24,13,,OFF
1790602402.0133889,1,640,1,ewma,22,1,,0.9925,0.8535,,0.6928,0.363,,24,13,,OFF
1790602403.1812267,2,579,0,ewma,22,1,,0.9932,0.9941,,0.7912,0.4,,24,13,,OFF
1790602406.1834476,7,649,0,ewma,22,1,,0.9924,0.993,,0.7813,0.5,,25,11,,OFF
1790602407.0576007,5,644,1,ewma,22,1,,0.9937,0.9915,,0.7351,0.384,,26,11,,OFF
1790602407.184899,6,644,0,ewma,22,1,,0.9932,0.9933,,0.5956,0.48,,27,11,,OFF
1790602408.7978501,10,638,1,ewma,22,2,,0.9932,0.9933,,0.4,0.4486,,26,12,,ON
1790602412.0471077,3,642,1,ewma,22,1,,0.9294,0.4891,,0.73,0.5,,26,12,,ON
1790602412.355875,2,580,1,ewma,22,1,,0.991,0.9915,,0.633,0.4,,27,12,,ON
1790602414.8440223,9,652,1,ewma,22,1,,0.8804,0.9881,,0.9463,0.5,,27,12,,ON
1790602417.4814508,6,645,1,ewma,22,2,,0.9598,0.9933,,0.4764,0.48,,26,13,,ON
1790602420.197597,4,651,0,ewma,22,2,,0.9772,0.9924,,0.4,0.6315,,25,13,,ON
1790602421.199097,7,650,0,ewma,22,1,,0.8654,0.993,,0.6251,0.5,,26,12,,ON
1790602422.2009304,1,641,0,ewma,22,1,,0.0,0.0,,0.5542,0.363,,26,12,,ON
1790602424.1730702,5,645,1,ewma,22,1,,0.0,0.0,,0.7881,0.384,,27,11,,ON
1790602428.330719,2,581,1,ewma,22,1,,0.991,0.9827,,0.5064,0.4,,25,11,,OFF
1790602428.78621,9,653,1,ewma,22,1,,0.7601,0.0,,0.9571,0.5,,26,11,,OFF
1790602430.9252944,4,652,1,ewma,22,2,,0.0008,0.0,,0.4,0.5052,,24,11,,OFF
1790602430.951025,7,651,1,ewma,22,1,,0.966,0.993,,0.5,0.5,,25,11,,OFF
1790602432.4373617,1,642,1,ewma,22,1,,0.9941,0.9938,,0.4434,0.363,,26,11,,OFF
1790602433.6431568,6,646,1,ewma,22,1,,0.9915,0.9914,,0.4764,0.384,,27,9,,OFF
1790602437.0398824,5,646,1,ewma,22,1,,0.9938,0.9931,,0.6305,0.384,,27,8,,OFF
1790602439.6943462,10,640,1,ewma,22,2,,0.9923,0.9942,,0.4,0.4486,,26,9,,OFF
1790602441.3540647,2,582,1,ewma,22,1,,0.9925,0.9932,,0.6051,0.4,,27,9,,OFF
1790602441.8851893,9,654,1,ewma,22,1,,0.9931,0.994,,0.9656,0.5,,28,9,,OFF
1790602442.562208,3,644,1,ewma,22,1,,0.9925,0.9938,,0.73,0.5,,28,9,,OFF
1790602462.8599246,1,644,1,round-robin,22,1,,0.9933,0.9925,,nan,nan,,1,0,,OFF
1790602466.350652,6,648,1,round-robin,22,1,,0.9925,0.9915,,nan,nan,,2,0,,OFF
1790602469.1084175,10,642,1,round-robin,22,1,,0.9933,0.9915,,nan,nan,,3,0,,OFF
1790602469.8486853,5,648,1,round-robin,22,1,,0.9933,0.9915,,nan,nan,,4,0,,OFF
1790602471.947382,9,656,1,round-robin,22,1,,0.9931,0.9925,,nan,nan,,5,0,,OFF
1790602472.977211,2,584,1,round-robin,22,1,,0.0,0.9925,,nan,nan,,6,0,,OFF
1790602474.7292185,8,641,1,round-robin,22,1,,0.9939,0.9915,,nan,nan,,7,0,,OFF
1790602475.6826954,4,655,1,round-robin,22,1,,0.9901,0.9933,,nan,nan,,8,0,,OFF
1790602476.4693456,1,645,1,round-robin,22,2,,0.9939,0.9925,,nan,nan,,8,1,,ON
1790602477.2175732,7,654,1,round-robin,22,1,,0.9916,0.9856,,nan,nan,,9,1,,ON
1790602478.7434168,3,646,0,round-robin,22,1,,0.9839,0.9,,nan,nan,,10,1,,ON
1790602480.7748563,6,649,1,round-robin,22,2,,0.8302,0.0,,nan,nan,,10,2,,ON
1790602484.0866785,5,649,1,round-robin,22,2,,0.0,0.0,,nan,nan,,10,3,,ON
1790602487.212091,2,585,1,round-robin,22,2,,0.0,0.3836,,nan,nan,,10,4,,OFF
1790602488.7577074,10,643,0,round-robin,22,2,,0.9933,0.0964,,nan,nan,,10,5,,OFF
1790602489.1641703,3,647,1,round-robin,22,2,,0.9933,0.9933,,nan,nan,,10,6,,OFF
1790602489.93261,9,657,1,round-robin,22,2,,0.9911,0.9925,,nan,nan,,10,7,,OFF
1790602490.0755694,4,656,1,round-robin,22,2,,0.9914,0.9923,,nan,nan,,10,8,,OFF
1790602490.7295344,7,655,1,round-robin,22,2,,0.9938,0.9937,,nan,nan,,10,9,,OFF
1790602492.9505997,1,646,1,round-robin,22,1,,0.9938,0.9925,,nan,nan,,11,9,,OFF
1790602494.5767431,6,650,1,round-robin,22,1,,0.9901,0.9925,,nan,nan,,12,9,,OFF
1790602498.5288558,10,644,1,round-robin,22,1,,0.994,0.9941,,nan,nan,,13,9,,OFF
1790602499.8477113,5,650,1,round-robin,22,1,,0.9943,0.9925,,nan,nan,,14,9,,OFF
1790602500.732069,2,586,1,round-robin,22,1,,0.9943,0.9932,,nan,nan,,15,9,,OFF
1790602502.177559,3,648,1,round-robin,22,1,,0.9938,0.9933,,nan,nan,,16,9,,OFF
1790602503.2312212,9,658,1,round-robin,22,1,,0.9854,0.0,,nan,nan,,17,9,,OFF
1790602503.6946862,8,643,1,round-robin,22,2,,0.9942,0.9926,,nan,nan,,17,10,,OFF
1790602504.0182216,4,657,1,round-robin,22,1,,0.9924,0.9925,,nan,nan,,18,10,,OFF
1790602504.5471063,7,656,1,round-robin,22,1,,0.9926,0.9933,,nan,nan,,19,10,,OFF
1790602508.9287934,1,647,1,round-robin,22,2,,0.9938,0.9933,,nan,nan,,19,11,,ON
1790602510.6956286,6,651,1,round-robin,22,2,,0.2754,0.0,,nan,nan,,19,12,,ON
1790602512.612053,5,651,1,round-robin,22,2,,0.0,0.0914,,nan,nan,,19,13,,ON
1790602516.0949998,2,587,1,round-robin,22,2,,0.9943,0.9851,,nan,nan,,19,14,,OFF
1790602516.5213864,9,659,1,round-robin,22,2,,0.9925,0.0004,,nan,nan,,19,15,,OFF
1790602518.7662127,7,657,1,round-robin,22,2,,0.9942,0.9924,,nan,nan,,19,16,,OFF
1790602519.4147213,4,658,1,round-robin,22,2,,0.0833,0.0,,nan,nan,,19,17,,OFF
1790602521.7687364,8,644,0,round-robin,22,1,,0.0,0.0,,nan,nan,,20,17,,OFF
1790602524.1276093,1,648,1,round-robin,22,1,,0.9941,0.9933,,nan,nan,,20,17,,OFF
1790602525.336524,6,652,1,round-robin,22,1,,0.9915,0.9933,,nan,nan,,21,17,,OFF
1790602528.523021,5,652,1,round-robin,22,1,,0.9933,0.9912,,nan,nan,,21,17,,OFF
1790602529.0144174,10,646,1,round-robin,22,2,,0.9938,0.9938,,nan,nan,,21,18,,OFF
1790602529.5266626,2,588,1,round-robin,22,1,,0.9939,0.9901,,nan,nan,,21,18,,OFF
1790602530.4665048,9,660,1,round-robin,22,1,,0.9925,0.9914,,nan,nan,,21,18,,OFF
1790602531.3965564,4,659,1,round-robin,22,1,,0.8333,0.9907,,nan,nan,,22,18,,OFF
1790602532.2112293,3,650,1,round-robin,22,2,,0.9925,0.9932,,nan,nan,,21,19,,OFF
1790602533.1077516,8,645,1,round-robin,22,2,,0.9942,0.9936,,nan,nan,,20,20,,OFF
1790602536.7760458,7,658,0,round-robin,22,1,,0.9933,0.9932,,nan,nan,,19,19,,OFF
1790602540.0950644,6,653,1,round-robin,22,2,,0.9925,0.9926,,nan,nan,,17,20,,OFF
1790602540.673684,1,649,1,round-robin,22,2,,0.9933,0.9933,,nan,nan,,17,21,,OFF
1790602541.7396033,5,653,1,round-robin,22,2,,0.9894,0.9841,,nan,nan,,17,21,,OFF
1790602543.4378972,2,589,1,round-robin,22,2,,0.9915,0.9915,,nan,nan,,17,22,,OFF
1790602544.363054,9,661,1,round-robin,22,2,,0.9915,0.9901,,nan,nan,,17,22,,OFF
1790602545.9964318,8,646,1,round-robin,22,1,,0.9943,0.9942,,nan,nan,,18,22,,OFF
1790602546.7799573,10,647,0,round-robin,22,1,,0.9916,0.9933,,nan,nan,,19,22,,OFF
1790602546.9474902,3,651,1,round-robin,22,1,,0.9938,0.9938,,nan,nan,,20,22,,OFF
1790602547.3641694,7,659,1,round-robin,22,2,,0.9944,0.9915,,nan,nan,,20,22,,OFF
1790602554.5431478,6,654,1,round-robin,22,1,,0.9902,0.9933,,nan,nan,,20,17,,OFF
1790602555.241094,1,650,1,round-robin,22,1,,0.9933,0.9926,,nan,nan,,20,17,,OFF
1790602557.3595057,10,648,1,round-robin,22,2,,0.9925,0.9943,,nan,nan,,20,18,,OFF
1790602558.1183136,5,654,1,round-robin,22,1,,0.0,0.0,,nan,nan,,21,18,,OFF
1790602560.3392706,8,647,1,round-robin,22,2,,0.0,0.9309,,nan,nan,,19,19,,OFF
1790602561.6439393,3,652,1,round-robin,22,2,,0.9915,0.9926,,nan,nan,,18,20,,OFF
1790602562.4967725,7,660,1,round-robin,22,1,,0.9944,0.9932,,nan,nan,,18,20,,OFF
1790602563.7863176,2,590,0,round-robin,22,1,,0.9937,0.9915,,nan,nan,,18,19,,ON
1790602566.7887352,9,662,0,round-robin,22,1,,0.9933,0.9941,,nan,nan,,17,19,,ON
1790602566.7904143,4,661,0,round-robin,22,2,,0.9825,0.9817,,nan,nan,,17,20,,ON
1790602567.8704593,6,655,1,round-robin,22,2,,0.9931,0.9933,,nan,nan,,17,21,,ON
1790602568.4799664,1,651,1,round-robin,22,2,,0.6004,0.7925,,nan,nan,,17,22,,ON
1790602571.4376013,2,591,1,round-robin,22,2,,0.9938,0.0,,nan,nan,,17,21,,ON
1790602571.7438862,5,655,1,round-robin,22,2,,0.0,0.0,,nan,nan,,17,22,,ON
1790602576.480705,4,662,1,round-robin,22,1,,0.8921,0.9817,,nan,nan,,18,20,,OFF
1790602576.5060694,9,663,1,round-robin,22,2,,0.9915,0.9941,,nan,nan,,18,21,,OFF
1790602576.8659294,7,661,1,round-robin,22,2,,0.9938,0.9901,,nan,nan,,18,21,,OFF
1790602577.7966235,10,649,0,round-robin,22,1,,0.6116,0.9606,,nan,nan,,19,21,,OFF
1790602581.7989912,3,653,0,round-robin,22,1,,0.0,0.9926,,nan,nan,,19,19,,OFF
1790602582.56992,6,656,1,round-robin,22,1,,0.0062,0.0,,nan,nan,,20,19,,OFF
1790602583.1689267,1,652,1,round-robin,22,1,,0.9933,0.9925,,nan,nan,,21,19,,OFF
1790602584.0138257,2,592,1,round-robin,22,1,,0.9902,0.9915,,nan,nan,,22,19,,OFF
1790602586.8611774,5,656,1,round-robin,22,1,,0.9941,0.9924,,nan,nan,,21,19,,OFF
1790602587.7808695,10,650,1,round-robin,22,2,,0.99,0.9916,,nan,nan,,21,20,,OFF
1790602589.4269006,8,649,1,round-robin,22,1,,0.9938,0.9938,,nan,nan,,21,19,,OFF
1790602591.1716413,7,662,1,round-robin,22,1,,0.9933,0.9914,,nan,nan,,20,19,,OFF
1790602595.8079617,9,664,0,round-robin,22,1,,0.9925,0.9926,,nan,nan,,20,17,,OFF
1790602595.8087988,4,663,0,round-robin,22,2,,0.9874,0.9894,,nan,nan,,20,18,,OFF
1790602596.8126447,3,654,0,round-robin,22,2,,0.8689,0.8333,,nan,nan,,19,19,,ON
1790602597.1721382,6,657,1,round-robin,22,2,,0.9914,0.9942,,nan,nan,,19,20,,ON
1790602599.6038172,1,653,1,round-robin,22,2,,0.0,0.9938,,nan,nan,,19,21,,ON
1790602602.8158736,2,593,0,round-robin,22,2,,0.9932,0.9915,,nan,nan,,19,19,,ON
1790602603.3875363,5,657,1,round-robin,22,2,,0.0,0.0,,nan,nan,,19,20,,ON
1790602604.2710824,7,663,1,round-robin,22,2,,0.9929,0.9914,,nan,nan,,19,20,,ON
1790602604.729803,9,665,1,round-robin,22,2,,0.9924,0.9926,,nan,nan,,19,20,,ON
1790602606.7404366,4,664,1,round-robin,22,1,,0.4411,0.0,,nan,nan,,19,20,,ON
1790602611.8196003,3,655,0,round-robin,22,1,,0.9885,0.8333,,nan,nan,,18,19,,ON
1790602612.7766614,2,594,1,round-robin,22,1,,0.0,0.0,,nan,nan,,19,19,,ON
1790602614.3780844,6,658,1,round-robin,22,1,,0.0096,0.0,,nan,nan,,20,19,,ON
1790602614.6762109,1,654,1,round-robin,22,1,,0.0,0.0,,nan,nan,,20,19,,OFF
1790602619.2625787,7,664,1,round-robin,22,1,,0.9933,0.988,,nan,nan,,19,18,,OFF
1790602619.8785956,10,652,1,round-robin,22,1,,0.9938,0.9925,,nan,nan,,20,18,,OFF
1790602620.282302,5,658,1,round-robin,22,1,,0.9936,0.9868,,nan,nan,,21,18,,OFF
1790602621.0954661,9,666,1,round-robin,22,1,,0.9925,0.9932,,nan,nan,,22,17,,OFF
1790602622.105316,4,665,1,round-robin,22,2,,0.99,0.9925,,nan,nan,,22,17,,OFF
1790602623.8263092,8,651,0,round-robin,22,2,,0.0,0.0,,nan,nan,,20,18,,OFF
1790602627.631281,2,595,1,round-robin,22,2,,0.9856,0.9925,,nan,nan,,19,18,,OFF
1790602627.8294754,3,656,0,round-robin,22,2,,0.9932,0.9921,,nan,nan,,19,19,,OFF
1790602628.1675386,6,659,1,round-robin,22,2,,0.9915,0.9933,,nan,nan,,19,19,,OFF
1790602629.9778855,1,655,1,round-robin,22,2,,0.9938,0.9926,,nan,nan,,19,19,,OFF
1790602633.1891568,10,653,1,round-robin,22,2,,0.9913,0.9933,,nan,nan,,19,18,,OFF
1790602635.4371827,9,667,1,round-robin,22,2,,0.9925,0.9937,,nan,nan,,19,19,,OFF
1790602636.849182,3,657,1,round-robin,22,1,,0.9942,0.9944,,nan,nan,,19,18,,OFF
1790602638.3870394,4,666,1,round-robin,22,1,,0.9899,0.988,,nan,nan,,19,17,,OFF
1790602638.8380933,7,665,0,round-robin,22,2,,0.9933,0.9901,,nan,nan,,19,18,,OFF
1790602638.8388567,5,659,0,round-robin,22,2,,0.4909,0.9851,,nan,nan,,19,19,,OFF
1790602639.8417141,8,652,0,round-robin,22,1,,0.8974,0.8535,,nan,nan,,20,19,,OFF
1790602640.5602005,2,596,1,round-robin,22,1,,0.9933,0.9915,,nan,nan,,21,19,,OFF
1790602641.9675305,6,660,1,round-robin,22,1,,0.9933,0.9938,,nan,nan,,21,19,,OFF
1790602644.6270604,1,656,1,round-robin,22,1,,0.9933,0.9933,,nan,nan,,19,19,,OFF
1790602647.43351,10,654,1,round-robin,22,1,,0.9943,0.9926,,nan,nan,,19,19,,OFF
1790602648.431922,8,653,1,round-robin,22,2,,0.9943,0.9943,,nan,nan,,19,19,,OFF
1790602649.5595608,9,668,1,round-robin,22,1,,0.9629,0.9883,,nan,nan,,19,19,,OFF
1790602649.6351829,5,660,1,round-robin,22,1,,0.9666,0.8807,,nan,nan,,20,19,,OFF
1790602651.0759504,3,658,1,round-robin,22,2,,0.9942,0.9937,,nan,nan,,20,20,,OFF
1790602653.338142,2,597,1,round-robin,22,2,,0.9942,0.9925,,nan,nan,,19,21,,OFF
1790602654.8518505,7,666,0,round-robin,22,1,,0.9941,0.9913,,nan,nan,,20,21,,OFF
1790602655.300145,6,661,1,round-robin,22,2,,0.9915,0.9926,,nan,nan,,20,22,,OFF
1790602659.8560681,4,667,0,round-robin,22,2,,0.9901,0.9915,,nan,nan,,19,19,,OFF
1790602660.2007,10,655,1,round-robin,22,2,,0.9943,0.9943,,nan,nan,,19,20,,OFF
1790602660.6986823,1,657,1,round-robin,22,2,,0.9942,0.9941,,nan,nan,,19,21,,OFF
1790602661.6431706,8,654,1,round-robin,22,1,,0.9933,0.9925,,nan,nan,,20,21,,OFF
1790602664.1177156,9,669,1,round-robin,22,2,,0.9915,0.9901,,nan,nan,,20,20,,OFF
1790602664.7136338,7,667,1,round-robin,22,2,,0.9942,0.9931,,nan,nan,,20,20,,OFF
1790602665.456552,3,659,1,round-robin,22,1,,0.9933,0.9938,,nan,nan,,21,19,,OFF
1790602666.3419893,5,661,1,round-robin,22,2,,0.9938,0.9942,,nan,nan,,21,20,,OFF
1790602666.7418227,2,598,1,round-robin,22,1,,0.9933,0.9915,,nan,nan,,21,20,,OFF
1790602669.505736,4,668,1,round-robin,22,1,,0.99,0.99,,nan,nan,,22,20,,ON
1790602671.5133004,6,662,1,round-robin,22,1,,0.99,0.9926,,nan,nan,,23,20,,ON
1790602673.6738734,1,658,1,round-robin,22,1,,0.0004,0.9941,,nan,nan,,22,20,,ON
1790602676.9346135,9,670,1,round-robin,22,1,,0.9938,0.9901,,nan,nan,,21,20,,OFF
1790602677.8436544,7,668,1,round-robin,22,1,,0.9598,0.9931,,nan,nan,,22,20,,OFF
1790602678.8661718,10,656,0,round-robin,22,1,,0.9943,0.8549,,nan,nan,,23,20,,OFF
1790602681.2164083,2,599,1,round-robin,22,2,,0.9925,0.9915,,nan,nan,,19,21,,OFF
1790602681.6367571,5,662,1,round-robin,22,1,,0.9941,0.9924,,nan,nan,,20,21,,OFF
1790602683.7638557,4,669,1,round-robin,22,2,,0.9932,0.9925,,nan,nan,,20,21,,OFF
1790602684.498768,6,663,1,round-robin,22,2,,0.9914,0.9932,,nan,nan,,20,21,,OFF
1790602684.8723195,3,660,0,round-robin,22,2,,0.9933,0.9916,,nan,nan,,20,22,,OFF
1790602689.3785257,1,659,1,round-robin,22,2,,0.9938,0.9938,,nan,nan,,20,20,,OFF
1790602690.429149,10,657,1,round-robin,22,2,,0.9914,0.0893,,nan,nan,,20,20,,OFF
1790602690.5964515,8,656,1,round-robin,22,2,,0.994,0.9933,,nan,nan,,20,21,,OFF
1790602691.1165266,7,669,1,round-robin,22,2,,0.9942,0.9571,,nan,nan,,20,22,,OFF
1790602693.372214,9,671,1,round-robin,22,2,,0.9925,0.9915,,nan,nan,,20,22,,OFF
1790602693.990365,2,600,1,round-robin,22,1,,0.9941,0.9925,,nan,nan,,21,22,,OFF
