quota,policy,seed,reject_rate,delivery_rate
10000,random,0,0.0,0.605
10000,random,1,0.0,0.6235
10000,random,2,0.0,0.6535
10000,random,3,0.0,0.622
10000,random,4,0.0,0.6235
10000,random,5,0.0,0.628
10000,random,6,0.0,0.6375
10000,random,7,0.0,0.6285
10000,random,8,0.0,0.622
10000,random,9,0.0,0.6415
10000,random,10,0.0,0.631
10000,random,11,0.0,0.65
10000,random,12,0.0,0.612
10000,random,13,0.0,0.6355
10000,random,14,0.0,0.626
10000,random,15,0.0,0.6365
10000,random,16,0.0,0.6245
10000,random,17,0.0,0.6225
10000,random,18,0.0,0.6425
10000,random,19,0.0,0.619
10000,random,20,0.0,0.62
10000,random,21,0.0,0.623
10000,random,22,0.0,0.6365
10000,random,23,0.0,0.638
10000,random,24,0.0,0.621
10000,random,25,0.0,0.6085
10000,random,26,0.0,0.6305
10000,random,27,0.0,0.603
10000,random,28,0.0,0.62
10000,random,29,0.0,0.6285
10000,random,30,0.0,0.6245
10000,random,31,0.0,0.6105
10000,random,32,0.0,0.6135
10000,random,33,0.0,0.6155
10000,random,34,0.0,0.6365
10000,random,35,0.0,0.6145
10000,random,36,0.0,0.6365
10000,random,37,0.0,0.621
10000,random,38,0.0,0.615
10000,random,39,0.0,0.6255
10000,random,40,0.0,0.621
10000,random,41,0.0,0.6355
10000,random,42,0.0,0.622
10000,random,43,0.0,0.6135
10000,random,44,0.0,0.6345
10000,random,45,0.0,0.63
10000,random,46,0.0,0.613
10000,random,47,0.0,0.6215
10000,random,48,0.0,0.614
10000,random,49,0.0,0.6225
10000,round-robin,0,0.0,0.6155
10000,round-robin,1,0.0,0.621
10000,round-robin,2,0.0,0.631
10000,round-robin,3,0.0,0.628
10000,round-robin,4,0.0,0.634
10000,round-robin,5,0.0,0.626
10000,round-robin,6,0.0,0.644
10000,round-robin,7,0.0,0.622
10000,round-robin,8,0.0,0.6135
10000,round-robin,9,0.0,0.643
10000,round-robin,10,0.0,0.622
10000,round-robin,11,0.0,0.626
10000,round-robin,12,0.0,0.62
10000,round-robin,13,0.0,0.631
10000,round-robin,14,0.0,0.6285
10000,round-robin,15,0.0,0.633
10000,round-robin,16,0.0,0.6225
10000,round-robin,17,0.0,0.6295
10000,round-robin,18,0.0,0.636
10000,round-robin,19,0.0,0.6285
10000,round-robin,20,0.0,0.6265
10000,round-robin,21,0.0,0.6325
10000,round-robin,22,0.0,0.6355
10000,round-robin,23,0.0,0.6325
10000,round-robin,24,0.0,0.624
10000,round-robin,25,0.0,0.599
10000,round-robin,26,0.0,0.6235
10000,round-robin,27,0.0,0.6025
10000,round-robin,28,0.0,0.617
10000,round-robin,29,0.0,0.626
10000,round-robin,30,0.0,0.623
10000,round-robin,31,0.0,0.623
10000,round-robin,32,0.0,0.618
10000,round-robin,33,0.0,0.6205
10000,round-robin,34,0.0,0.6365
10000,round-robin,35,0.0,0.6265
10000,round-robin,36,0.0,0.6365
10000,round-robin,37,0.0,0.6275
10000,round-robin,38,0.0,0.6325
10000,round-robin,39,0.0,0.6405
10000,round-robin,40,0.0,0.6315
10000,round-robin,41,0.0,0.631
10000,round-robin,42,0.0,0.6215
10000,round-robin,43,0.0,0.6325
10000,round-robin,44,0.0,0.632
10000,round-robin,45,0.0,0.614
10000,round-robin,46,0.0,0.6255
10000,round-robin,47,0.0,0.619
10000,round-robin,48,0.0,0.601
10000,round-robin,49,0.0,0.636
10000,ewma,0,0.0,0.6385
10000,ewma,1,0.0,0.666
10000,ewma,2,0.0,0.676
10000,ewma,3,0.0,0.6475
10000,ewma,4,0.0,0.6455
10000,ewma,5,0.0,0.6725
10000,ewma,6,0.0,0.671
10000,ewma,7,0.0,0.6655
10000,ewma,8,0.0,0.647
10000,ewma,9,0.0,0.657
10000,ewma,10,0.0,0.638
10000,ewma,11,0.0,0.664
10000,ewma,12,0.0,0.6545
10000,ewma,13,0.0,0.674
10000,ewma,14,0.0,0.6615
10000,ewma,15,0.0,0.665
10000,ewma,16,0.0,0.639
10000,ewma,17,0.0,0.665
10000,ewma,18,0.0,0.648
10000,ewma,19,0.0,0.6685
10000,ewma,20,0.0,0.662
10000,ewma,21,0.0,0.651
10000,ewma,22,0.0,0.642
10000,ewma,23,0.0,0.6595
10000,ewma,24,0.0,0.665
10000,ewma,25,0.0,0.646
10000,ewma,26,0.0,0.6535
10000,ewma,27,0.0,0.6175
10000,ewma,28,0.0,0.643
10000,ewma,29,0.0,0.662
10000,ewma,30,0.0,0.666
10000,ewma,31,0.0,0.6575
10000,ewma,32,0.0,0.6345
10000,ewma,33,0.0,0.6465
10000,ewma,34,0.0,0.6515
10000,ewma,35,0.0,0.636
10000,ewma,36,0.0,0.6365
10000,ewma,37,0.0,0.6695
10000,ewma,38,0.0,0.6095
10000,ewma,39,0.0,0.666
10000,ewma,40,0.0,0.669
10000,ewma,41,0.0,0.652
10000,ewma,42,0.0,0.661
10000,ewma,43,0.0,0.6795
10000,ewma,44,0.0,0.677
10000,ewma,45,0.0,0.638
10000,ewma,46,0.0,0.6275
10000,ewma,47,0.0,0.627
10000,ewma,48,0.0,0.628
10000,ewma,49,0.0,0.652
10000,belief-only,0,0.0,0.7095
10000,belief-only,1,0.0,0.711
10000,belief-only,2,0.0,0.7375
10000,belief-only,3,0.0,0.7105
10000,belief-only,4,0.0,0.7235
10000,belief-only,5,0.0,0.725
10000,belief-only,6,0.0,0.7165
10000,belief-only,7,0.0,0.707
10000,belief-only,8,0.0,0.7345
10000,belief-only,9,0.0,0.735
10000,belief-only,10,0.0,0.7215
10000,belief-only,11,0.0,0.7305
10000,belief-only,12,0.0,0.724
10000,belief-only,13,0.0,0.751
10000,belief-only,14,0.0,0.723
10000,belief-only,15,0.0,0.7195
10000,belief-only,16,0.0,0.7155
10000,belief-only,17,0.0,0.728
10000,belief-only,18,0.0,0.7355
10000,belief-only,19,0.0,0.7245
10000,belief-only,20,0.0,0.712
10000,belief-only,21,0.0,0.7275
10000,belief-only,22,0.0,0.7175
10000,belief-only,23,0.0,0.7255
10000,belief-only,24,0.0,0.721
10000,belief-only,25,0.0,0.711
10000,belief-only,26,0.0,0.717
10000,belief-only,27,0.0,0.701
10000,belief-only,28,0.0,0.706
10000,belief-only,29,0.0,0.714
10000,belief-only,30,0.0,0.7165
10000,belief-only,31,0.0,0.716
10000,belief-only,32,0.0,0.7065
10000,belief-only,33,0.0,0.707
10000,belief-only,34,0.0,0.738
10000,belief-only,35,0.0,0.7165
10000,belief-only,36,0.0,0.7155
10000,belief-only,37,0.0,0.733
10000,belief-only,38,0.0,0.716
10000,belief-only,39,0.0,0.7135
10000,belief-only,40,0.0,0.7345
10000,belief-only,41,0.0,0.7205
10000,belief-only,42,0.0,0.718
10000,belief-only,43,0.0,0.7485
10000,belief-only,44,0.0,0.725
10000,belief-only,45,0.0,0.7125
10000,belief-only,46,0.0,0.7035
10000,belief-only,47,0.0,0.711
10000,belief-only,48,0.0,0.6905
10000,belief-only,49,0.0,0.733
10000,state-aware,0,0.0,0.7095
10000,state-aware,1,0.0,0.711
10000,state-aware,2,0.0,0.7375
10000,state-aware,3,0.0,0.7105
10000,state-aware,4,0.0,0.7235
10000,state-aware,5,0.0,0.725
10000,state-aware,6,0.0,0.7165
10000,state-aware,7,0.0,0.707
10000,state-aware,8,0.0,0.7345
10000,state-aware,9,0.0,0.735
10000,state-aware,10,0.0,0.7215
10000,state-aware,11,0.0,0.7305
10000,state-aware,12,0.0,0.724
10000,state-aware,13,0.0,0.751
10000,state-aware,14,0.0,0.723
10000,state-aware,15,0.0,0.7195
10000,state-aware,16,0.0,0.7155
10000,state-aware,17,0.0,0.728
10000,state-aware,18,0.0,0.7355
10000,state-aware,19,0.0,0.7245
10000,state-aware,20,0.0,0.712
10000,state-aware,21,0.0,0.7275
10000,state-aware,22,0.0,0.7175
10000,state-aware,23,0.0,0.7255
10000,state-aware,24,0.0,0.721
10000,state-aware,25,0.0,0.711
10000,state-aware,26,0.0,0.717
10000,state-aware,27,0.0,0.701
10000,state-aware,28,0.0,0.706
10000,state-aware,29,0.0,0.714
10000,state-aware,30,0.0,0.7165
10000,state-aware,31,0.0,0.716
10000,state-aware,32,0.0,0.7065
10000,state-aware,33,0.0,0.707
10000,state-aware,34,0.0,0.738
10000,state-aware,35,0.0,0.7165
10000,state-aware,36,0.0,0.7155
10000,state-aware,37,0.0,0.733
10000,state-aware,38,0.0,0.716
10000,state-aware,39,0.0,0.7135
10000,state-aware,40,0.0,0.7345
10000,state-aware,41,0.0,0.7205
10000,state-aware,42,0.0,0.718
10000,state-aware,43,0.0,0.7485
10000,state-aware,44,0.0,0.725
10000,state-aware,45,0.0,0.7125
10000,state-aware,46,0.0,0.7035
10000,state-aware,47,0.0,0.711
10000,state-aware,48,0.0,0.6905
10000,state-aware,49,0.0,0.733
30,random,0,0.0,0.6095
30,random,1,0.0,0.6215
30,random,2,0.0,0.652
30,random,3,0.0,0.6265
30,random,4,0.0,0.63
30,random,5,0.0,0.6295
30,random,6,0.0,0.6375
30,random,7,0.0,0.628
30,random,8,0.0,0.6205
30,random,9,0.0,0.6395
30,random,10,0.0,0.6325
30,random,11,0.0,0.646
30,random,12,0.0,0.615
30,random,13,0.0,0.6305
30,random,14,0.0,0.63
30,random,15,0.0,0.6355
30,random,16,0.0,0.625
30,random,17,0.0,0.6235
30,random,18,0.0,0.6385
30,random,19,0.0,0.6235
30,random,20,0.0,0.62
30,random,21,0.0,0.6255
30,random,22,0.0,0.635
30,random,23,0.0,0.6355
30,random,24,0.0,0.616
30,random,25,0.0,0.6135
30,random,26,0.0,0.6395
30,random,27,0.0,0.6025
30,random,28,0.0,0.6165
30,random,29,0.0,0.6315
30,random,30,0.0,0.62
30,random,31,0.0,0.6155
30,random,32,0.0,0.6185
30,random,33,0.0,0.6125
30,random,34,0.0,0.6385
30,random,35,0.0,0.619
30,random,36,0.0,0.6345
30,random,37,0.0,0.6225
30,random,38,0.0,0.6145
30,random,39,0.0,0.627
30,random,40,0.0,0.6235
30,random,41,0.0,0.636
30,random,42,0.0,0.626
30,random,43,0.0,0.613
30,random,44,0.0,0.6365
30,random,45,0.0,0.6175
30,random,46,0.0,0.616
30,random,47,0.0,0.6265
30,random,48,0.0,0.616
30,random,49,0.0,0.6175
30,round-robin,0,0.0,0.6155
30,round-robin,1,0.0,0.621
30,round-robin,2,0.0,0.631
30,round-robin,3,0.0,0.628
30,round-robin,4,0.0,0.634
30,round-robin,5,0.0,0.626
30,round-robin,6,0.0,0.644
30,round-robin,7,0.0,0.622
30,round-robin,8,0.0,0.6135
30,round-robin,9,0.0,0.643
30,round-robin,10,0.0,0.622
30,round-robin,11,0.0,0.626
30,round-robin,12,0.0,0.62
30,round-robin,13,0.0,0.631
30,round-robin,14,0.0,0.6285
30,round-robin,15,0.0,0.633
30,round-robin,16,0.0,0.6225
30,round-robin,17,0.0,0.6295
30,round-robin,18,0.0,0.636
30,round-robin,19,0.0,0.6285
30,round-robin,20,0.0,0.6265
30,round-robin,21,0.0,0.6325
30,round-robin,22,0.0,0.6355
30,round-robin,23,0.0,0.6325
30,round-robin,24,0.0,0.624
30,round-robin,25,0.0,0.599
30,round-robin,26,0.0,0.6235
30,round-robin,27,0.0,0.6025
30,round-robin,28,0.0,0.617
30,round-robin,29,0.0,0.626
30,round-robin,30,0.0,0.623
30,round-robin,31,0.0,0.623
30,round-robin,32,0.0,0.618
30,round-robin,33,0.0,0.6205
30,round-robin,34,0.0,0.6365
30,round-robin,35,0.0,0.6265
30,round-robin,36,0.0,0.6365
30,round-robin,37,0.0,0.6275
30,round-robin,38,0.0,0.6325
30,round-robin,39,0.0,0.6405
30,round-robin,40,0.0,0.6315
30,round-robin,41,0.0,0.631
30,round-robin,42,0.0,0.6215
30,round-robin,43,0.0,0.6325
30,round-robin,44,0.0,0.632
30,round-robin,45,0.0,0.614
30,round-robin,46,0.0,0.6255
30,round-robin,47,0.0,0.619
30,round-robin,48,0.0,0.601
30,round-robin,49,0.0,0.636
30,ewma,0,0.0,0.607
30,ewma,1,0.0,0.638
30,ewma,2,0.0,0.669
30,ewma,3,0.0,0.6325
30,ewma,4,0.0,0.629
30,ewma,5,0.0,0.655
30,ewma,6,0.0,0.651
30,ewma,7,0.0,0.6255
30,ewma,8,0.0,0.653
30,ewma,9,0.0,0.6315
30,ewma,10,0.0,0.6255
30,ewma,11,0.0,0.637
30,ewma,12,0.0,0.626
30,ewma,13,0.0,0.6485
30,ewma,14,0.0,0.6405
30,ewma,15,0.0,0.642
30,ewma,16,0.0,0.625
30,ewma,17,0.0,0.6385
30,ewma,18,0.0,0.6485
30,ewma,19,0.0,0.656
30,ewma,20,0.0,0.6485
30,ewma,21,0.0,0.655
30,ewma,22,0.0,0.641
30,ewma,23,0.0,0.6235
30,ewma,24,0.0,0.6405
30,ewma,25,0.0,0.618
30,ewma,26,0.0,0.6335
30,ewma,27,0.0,0.6055
30,ewma,28,0.0,0.626
30,ewma,29,0.0,0.6465
30,ewma,30,0.0,0.632
30,ewma,31,0.0,0.62
30,ewma,32,0.0,0.633
30,ewma,33,0.0,0.6145
30,ewma,34,0.0,0.66
30,ewma,35,0.0,0.6385
30,ewma,36,0.0,0.639
30,ewma,37,0.0,0.649
30,ewma,38,0.0,0.626
30,ewma,39,0.0,0.6315
30,ewma,40,0.0,0.6465
30,ewma,41,0.0,0.6395
30,ewma,42,0.0,0.6495
30,ewma,43,0.0,0.6495
30,ewma,44,0.0,0.653
30,ewma,45,0.0,0.63
30,ewma,46,0.0,0.624
30,ewma,47,0.0,0.626
30,ewma,48,0.0,0.6265
30,ewma,49,0.0,0.641
30,belief-only,0,0.0,0.678
30,belief-only,1,0.0,0.686
30,belief-only,2,0.0,0.6975
30,belief-only,3,0.0,0.684
30,belief-only,4,0.0,0.693
30,belief-only,5,0.0,0.688
30,belief-only,6,0.0,0.692
30,belief-only,7,0.0,0.6755
30,belief-only,8,0.0,0.7105
30,belief-only,9,0.0,0.695
30,belief-only,10,0.0,0.7025
30,belief-only,11,0.0,0.695
30,belief-only,12,0.0,0.6915
30,belief-only,13,0.0,0.7125
30,belief-only,14,0.0,0.701
30,belief-only,15,0.0,0.6925
30,belief-only,16,0.0,0.687
30,belief-only,17,0.0,0.6905
30,belief-only,18,0.0,0.699
30,belief-only,19,0.0,0.693
30,belief-only,20,0.0,0.681
30,belief-only,21,0.0,0.6965
30,belief-only,22,0.0,0.6815
30,belief-only,23,0.0,0.688
30,belief-only,24,0.0,0.689
30,belief-only,25,0.0,0.6745
30,belief-only,26,0.0,0.6785
30,belief-only,27,0.0,0.665
30,belief-only,28,0.0,0.6765
30,belief-only,29,0.0,0.68
30,belief-only,30,0.0,0.6885
30,belief-only,31,0.0,0.679
30,belief-only,32,0.0,0.6795
30,belief-only,33,0.0,0.675
30,belief-only,34,0.0,0.7145
30,belief-only,35,0.0,0.6915
30,belief-only,36,0.0,0.7
30,belief-only,37,0.0,0.7005
30,belief-only,38,0.0,0.6925
30,belief-only,39,0.0,0.6905
30,belief-only,40,0.0,0.7015
30,belief-only,41,0.0,0.6995
30,belief-only,42,0.0,0.6885
30,belief-only,43,0.0,0.7065
30,belief-only,44,0.0,0.705
30,belief-only,45,0.0,0.6915
30,belief-only,46,0.0,0.6765
30,belief-only,47,0.0,0.6805
30,belief-only,48,0.0,0.6645
30,belief-only,49,0.0,0.7055
30,state-aware,0,0.0,0.678
30,state-aware,1,0.0,0.686
30,state-aware,2,0.0,0.6975
30,state-aware,3,0.0,0.684
30,state-aware,4,0.0,0.693
30,state-aware,5,0.0,0.688
30,state-aware,6,0.0,0.692
30,state-aware,7,0.0,0.6755
30,state-aware,8,0.0,0.7105
30,state-aware,9,0.0,0.695
30,state-aware,10,0.0,0.7025
30,state-aware,11,0.0,0.695
30,state-aware,12,0.0,0.6915
30,state-aware,13,0.0,0.7125
30,state-aware,14,0.0,0.701
30,state-aware,15,0.0,0.6925
30,state-aware,16,0.0,0.687
30,state-aware,17,0.0,0.6905
30,state-aware,18,0.0,0.699
30,state-aware,19,0.0,0.693
30,state-aware,20,0.0,0.681
30,state-aware,21,0.0,0.6965
30,state-aware,22,0.0,0.6815
30,state-aware,23,0.0,0.688
30,state-aware,24,0.0,0.689
30,state-aware,25,0.0,0.6745
30,state-aware,26,0.0,0.6785
30,state-aware,27,0.0,0.665
30,state-aware,28,0.0,0.6765
30,state-aware,29,0.0,0.68
30,state-aware,30,0.0,0.6885
30,state-aware,31,0.0,0.679
30,state-aware,32,0.0,0.6795
30,state-aware,33,0.0,0.675
30,state-aware,34,0.0,0.7145
30,state-aware,35,0.0,0.6915
30,state-aware,36,0.0,0.7
30,state-aware,37,0.0,0.7005
30,state-aware,38,0.0,0.6925
30,state-aware,39,0.0,0.6905
30,state-aware,40,0.0,0.7015
30,state-aware,41,0.0,0.6995
30,state-aware,42,0.0,0.6885
30,state-aware,43,0.0,0.7065
30,state-aware,44,0.0,0.705
30,state-aware,45,0.0,0.6915
30,state-aware,46,0.0,0.6765
30,state-aware,47,0.0,0.6805
30,state-aware,48,0.0,0.6645
30,state-aware,49,0.0,0.7055
15,random,0,0.495,0.6049504950495049
15,random,1,0.495,0.6267326732673267
15,random,2,0.495,0.6465346534653466
15,random,3,0.495,0.6297029702970297
15,random,4,0.495,0.6207920792079208
15,random,5,0.495,0.6465346534653466
15,random,6,0.495,0.6356435643564357
15,random,7,0.495,0.6584158415841584
15,random,8,0.495,0.6386138613861386
15,random,9,0.495,0.6465346534653466
15,random,10,0.495,0.6326732673267327
15,random,11,0.495,0.6346534653465347
15,random,12,0.495,0.6247524752475248
15,random,13,0.495,0.6564356435643565
15,random,14,0.495,0.6297029702970297
15,random,15,0.495,0.6247524752475248
15,random,16,0.495,0.6108910891089109
15,random,17,0.495,0.6227722772277228
15,random,18,0.495,0.6415841584158416
15,random,19,0.495,0.6158415841584158
15,random,20,0.495,0.6435643564356436
15,random,21,0.495,0.6485148514851485
15,random,22,0.495,0.6386138613861386
15,random,23,0.495,0.6386138613861386
15,random,24,0.495,0.6049504950495049
15,random,25,0.495,0.6069306930693069
15,random,26,0.495,0.6267326732673267
15,random,27,0.495,0.6059405940594059
15,random,28,0.495,0.6128712871287129
15,random,29,0.495,0.6188118811881188
15,random,30,0.495,0.6089108910891089
15,random,31,0.495,0.6405940594059406
15,random,32,0.495,0.6415841584158416
15,random,33,0.495,0.6069306930693069
15,random,34,0.495,0.6257425742574257
15,random,35,0.495,0.6326732673267327
15,random,36,0.495,0.6346534653465347
15,random,37,0.495,0.6376237623762376
15,random,38,0.495,0.6207920792079208
15,random,39,0.495,0.6435643564356436
15,random,40,0.495,0.6564356435643565
15,random,41,0.495,0.6475247524752475
15,random,42,0.495,0.6297029702970297
15,random,43,0.495,0.6643564356435644
15,random,44,0.495,0.6445544554455446
15,random,45,0.495,0.6138613861386139
15,random,46,0.495,0.6346534653465347
15,random,47,0.495,0.6039603960396039
15,random,48,0.495,0.6287128712871287
15,random,49,0.495,0.6415841584158416
15,round-robin,0,0.495,0.6168316831683168
15,round-robin,1,0.495,0.6178217821782178
15,round-robin,2,0.495,0.6336633663366337
15,round-robin,3,0.495,0.6069306930693069
15,round-robin,4,0.495,0.6366336633663366
15,round-robin,5,0.495,0.6504950495049505
15,round-robin,6,0.495,0.6316831683168317
15,round-robin,7,0.495,0.6514851485148515
15,round-robin,8,0.495,0.6326732673267327
15,round-robin,9,0.495,0.6465346534653466
15,round-robin,10,0.495,0.6158415841584158
15,round-robin,11,0.495,0.6297029702970297
15,round-robin,12,0.495,0.6257425742574257
15,round-robin,13,0.495,0.6297029702970297
15,round-robin,14,0.495,0.6287128712871287
15,round-robin,15,0.495,0.6138613861386139
15,round-robin,16,0.495,0.6099009900990099
15,round-robin,17,0.495,0.6247524752475248
15,round-robin,18,0.495,0.6188118811881188
15,round-robin,19,0.495,0.6475247524752475
15,round-robin,20,0.495,0.6277227722772277
15,round-robin,21,0.495,0.6247524752475248
15,round-robin,22,0.495,0.6277227722772277
15,round-robin,23,0.495,0.6376237623762376
15,round-robin,24,0.495,0.6188118811881188
15,round-robin,25,0.495,0.6188118811881188
15,round-robin,26,0.495,0.6168316831683168
15,round-robin,27,0.495,0.6237623762376238
15,round-robin,28,0.495,0.6207920792079208
15,round-robin,29,0.495,0.6287128712871287
15,round-robin,30,0.495,0.6138613861386139
15,round-robin,31,0.495,0.6346534653465347
15,round-robin,32,0.495,0.6336633663366337
15,round-robin,33,0.495,0.6237623762376238
15,round-robin,34,0.495,0.6138613861386139
15,round-robin,35,0.495,0.6366336633663366
15,round-robin,36,0.495,0.6237623762376238
15,round-robin,37,0.495,0.6297029702970297
15,round-robin,38,0.495,0.6277227722772277
15,round-robin,39,0.495,0.6504950495049505
15,round-robin,40,0.495,0.6564356435643565
15,round-robin,41,0.495,0.6356435643564357
15,round-robin,42,0.495,0.6514851485148515
15,round-robin,43,0.495,0.6386138613861386
15,round-robin,44,0.495,0.6267326732673267
15,round-robin,45,0.495,0.6227722772277228
15,round-robin,46,0.495,0.6316831683168317
15,round-robin,47,0.495,0.6267326732673267
15,round-robin,48,0.495,0.6069306930693069
15,round-robin,49,0.495,0.6415841584158416
15,ewma,0,0.495,0.600990099009901
15,ewma,1,0.495,0.6415841584158416
15,ewma,2,0.495,0.6504950495049505
15,ewma,3,0.495,0.6118811881188119
15,ewma,4,0.495,0.6346534653465347
15,ewma,5,0.495,0.6633663366336634
15,ewma,6,0.495,0.6584158415841584
15,ewma,7,0.495,0.6455445544554456
15,ewma,8,0.495,0.6485148514851485
15,ewma,9,0.495,0.6297029702970297
15,ewma,10,0.495,0.6168316831683168
15,ewma,11,0.495,0.6237623762376238
15,ewma,12,0.495,0.6405940594059406
15,ewma,13,0.495,0.6683168316831684
15,ewma,14,0.495,0.6603960396039604
15,ewma,15,0.495,0.6198019801980198
15,ewma,16,0.495,0.597029702970297
15,ewma,17,0.495,0.6386138613861386
15,ewma,18,0.495,0.6207920792079208
15,ewma,19,0.495,0.6396039603960396
15,ewma,20,0.495,0.6287128712871287
15,ewma,21,0.495,0.6386138613861386
15,ewma,22,0.495,0.6138613861386139
15,ewma,23,0.495,0.6455445544554456
15,ewma,24,0.495,0.6128712871287129
15,ewma,25,0.495,0.594059405940594
15,ewma,26,0.495,0.6227722772277228
15,ewma,27,0.495,0.6158415841584158
15,ewma,28,0.495,0.6178217821782178
15,ewma,29,0.495,0.6198019801980198
15,ewma,30,0.495,0.6168316831683168
15,ewma,31,0.495,0.6396039603960396
15,ewma,32,0.495,0.6277227722772277
15,ewma,33,0.495,0.6178217821782178
15,ewma,34,0.495,0.6207920792079208
15,ewma,35,0.495,0.6544554455445545
15,ewma,36,0.495,0.6455445544554456
15,ewma,37,0.495,0.6485148514851485
15,ewma,38,0.495,0.6168316831683168
15,ewma,39,0.495,0.6603960396039604
15,ewma,40,0.495,0.6643564356435644
15,ewma,41,0.495,0.6465346534653466
15,ewma,42,0.495,0.6297029702970297
15,ewma,43,0.495,0.6425742574257426
15,ewma,44,0.495,0.6346534653465347
15,ewma,45,0.495,0.6108910891089109
15,ewma,46,0.495,0.6158415841584158
15,ewma,47,0.495,0.6356435643564357
15,ewma,48,0.495,0.6386138613861386
15,ewma,49,0.495,0.6376237623762376
15,belief-only,0,0.495,0.6613861386138614
15,belief-only,1,0.495,0.6841584158415842
15,belief-only,2,0.495,0.7148514851485148
15,belief-only,3,0.495,0.6792079207920793
15,belief-only,4,0.495,0.699009900990099
15,belief-only,5,0.495,0.698019801980198
15,belief-only,6,0.495,0.692079207920792
15,belief-only,7,0.495,0.689108910891089
15,belief-only,8,0.495,0.7118811881188118
15,belief-only,9,0.495,0.700990099009901
15,belief-only,10,0.495,0.6821782178217822
15,belief-only,11,0.495,0.69009900990099
15,belief-only,12,0.495,0.7069306930693069
15,belief-only,13,0.495,0.7168316831683168
15,belief-only,14,0.495,0.699009900990099
15,belief-only,15,0.495,0.6653465346534654
15,belief-only,16,0.495,0.6841584158415842
15,belief-only,17,0.495,0.698019801980198
15,belief-only,18,0.495,0.6752475247524753
15,belief-only,19,0.495,0.69009900990099
15,belief-only,20,0.495,0.6722772277227723
15,belief-only,21,0.495,0.7039603960396039
15,belief-only,22,0.495,0.6811881188118812
15,belief-only,23,0.495,0.7069306930693069
15,belief-only,24,0.495,0.6821782178217822
15,belief-only,25,0.495,0.6722772277227723
15,belief-only,26,0.495,0.6851485148514852
15,belief-only,27,0.495,0.6603960396039604
15,belief-only,28,0.495,0.6683168316831684
15,belief-only,29,0.495,0.6851485148514852
15,belief-only,30,0.495,0.6762376237623763
15,belief-only,31,0.495,0.694059405940594
15,belief-only,32,0.495,0.696039603960396
15,belief-only,33,0.495,0.6801980198019802
15,belief-only,34,0.495,0.692079207920792
15,belief-only,35,0.495,0.6811881188118812
15,belief-only,36,0.495,0.7089108910891089
15,belief-only,37,0.495,0.6792079207920793
15,belief-only,38,0.495,0.6841584158415842
15,belief-only,39,0.495,0.700990099009901
15,belief-only,40,0.495,0.7267326732673267
15,belief-only,41,0.495,0.7079207920792079
15,belief-only,42,0.495,0.6871287128712872
15,belief-only,43,0.495,0.7158415841584158
15,belief-only,44,0.495,0.6851485148514852
15,belief-only,45,0.495,0.6772277227722773
15,belief-only,46,0.495,0.6702970297029703
15,belief-only,47,0.495,0.6871287128712872
15,belief-only,48,0.495,0.6792079207920793
15,belief-only,49,0.495,0.6861386138613862
15,state-aware,0,0.495,0.6613861386138614
15,state-aware,1,0.495,0.6841584158415842
15,state-aware,2,0.495,0.7148514851485148
15,state-aware,3,0.495,0.6792079207920793
15,state-aware,4,0.495,0.699009900990099
15,state-aware,5,0.495,0.698019801980198
15,state-aware,6,0.495,0.692079207920792
15,state-aware,7,0.495,0.689108910891089
15,state-aware,8,0.495,0.7118811881188118
15,state-aware,9,0.495,0.700990099009901
15,state-aware,10,0.495,0.6821782178217822
15,state-aware,11,0.495,0.69009900990099
15,state-aware,12,0.495,0.7069306930693069
15,state-aware,13,0.495,0.7168316831683168
15,state-aware,14,0.495,0.699009900990099
15,state-aware,15,0.495,0.6653465346534654
15,state-aware,16,0.495,0.6841584158415842
15,state-aware,17,0.495,0.698019801980198
15,state-aware,18,0.495,0.6752475247524753
15,state-aware,19,0.495,0.69009900990099
15,state-aware,20,0.495,0.6722772277227723
15,state-aware,21,0.495,0.7039603960396039
15,state-aware,22,0.495,0.6811881188118812
15,state-aware,23,0.495,0.7069306930693069
15,state-aware,24,0.495,0.6821782178217822
15,state-aware,25,0.495,0.6722772277227723
15,state-aware,26,0.495,0.6851485148514852
15,state-aware,27,0.495,0.6603960396039604
15,state-aware,28,0.495,0.6683168316831684
15,state-aware,29,0.495,0.6851485148514852
15,state-aware,30,0.495,0.6762376237623763
15,state-aware,31,0.495,0.694059405940594
15,state-aware,32,0.495,0.696039603960396
15,state-aware,33,0.495,0.6801980198019802
15,state-aware,34,0.495,0.692079207920792
15,state-aware,35,0.495,0.6811881188118812
15,state-aware,36,0.495,0.7089108910891089
15,state-aware,37,0.495,0.6792079207920793
15,state-aware,38,0.495,0.6841584158415842
15,state-aware,39,0.495,0.700990099009901
15,state-aware,40,0.495,0.7267326732673267
15,state-aware,41,0.495,0.7079207920792079
15,state-aware,42,0.495,0.6871287128712872
15,state-aware,43,0.495,0.7158415841584158
15,state-aware,44,0.495,0.6851485148514852
15,state-aware,45,0.495,0.6772277227722773
15,state-aware,46,0.495,0.6702970297029703
15,state-aware,47,0.495,0.6871287128712872
15,state-aware,48,0.495,0.6792079207920793
15,state-aware,49,0.495,0.6861386138613862
8,random,0,0.728,0.6231617647058824
8,random,1,0.728,0.6158088235294118
8,random,2,0.728,0.6452205882352942
8,random,3,0.728,0.6470588235294118
8,random,4,0.728,0.6470588235294118
8,random,5,0.728,0.6783088235294118
8,random,6,0.728,0.6470588235294118
8,random,7,0.728,0.6654411764705882
8,random,8,0.728,0.6544117647058824
8,random,9,0.728,0.6378676470588235
8,random,10,0.728,0.6470588235294118
8,random,11,0.728,0.6617647058823529
8,random,12,0.728,0.5974264705882353
8,random,13,0.728,0.6452205882352942
8,random,14,0.728,0.625
8,random,15,0.728,0.6341911764705882
8,random,16,0.728,0.6102941176470589
8,random,17,0.728,0.6213235294117647
8,random,18,0.728,0.6066176470588235
8,random,19,0.728,0.6305147058823529
8,random,20,0.728,0.6397058823529411
8,random,21,0.728,0.6194852941176471
8,random,22,0.728,0.6158088235294118
8,random,23,0.728,0.5955882352941176
8,random,24,0.728,0.6176470588235294
8,random,25,0.728,0.625
8,random,26,0.728,0.6470588235294118
8,random,27,0.728,0.5919117647058824
8,random,28,0.728,0.6213235294117647
8,random,29,0.728,0.6452205882352942
8,random,30,0.728,0.6029411764705882
8,random,31,0.728,0.6305147058823529
8,random,32,0.728,0.6213235294117647
8,random,33,0.728,0.5955882352941176
8,random,34,0.728,0.625
8,random,35,0.728,0.625
8,random,36,0.728,0.5974264705882353
8,random,37,0.728,0.6121323529411765
8,random,38,0.728,0.6488970588235294
8,random,39,0.728,0.6415441176470589
8,random,40,0.728,0.6838235294117647
8,random,41,0.728,0.6323529411764706
8,random,42,0.728,0.6378676470588235
8,random,43,0.728,0.6341911764705882
8,random,44,0.728,0.6341911764705882
8,random,45,0.728,0.6213235294117647
8,random,46,0.728,0.6102941176470589
8,random,47,0.728,0.6378676470588235
8,random,48,0.728,0.6470588235294118
8,random,49,0.728,0.6433823529411765
8,round-robin,0,0.728,0.6011029411764706
8,round-robin,1,0.728,0.6194852941176471
8,round-robin,2,0.728,0.6194852941176471
8,round-robin,3,0.728,0.6433823529411765
8,round-robin,4,0.728,0.6544117647058824
8,round-robin,5,0.728,0.6599264705882353
8,round-robin,6,0.728,0.65625
8,round-robin,7,0.728,0.6544117647058824
8,round-robin,8,0.728,0.6360294117647058
8,round-robin,9,0.728,0.6397058823529411
8,round-robin,10,0.728,0.6323529411764706
8,round-robin,11,0.728,0.6360294117647058
8,round-robin,12,0.728,0.6378676470588235
8,round-robin,13,0.728,0.6305147058823529
8,round-robin,14,0.728,0.6158088235294118
8,round-robin,15,0.728,0.6452205882352942
8,round-robin,16,0.728,0.6176470588235294
8,round-robin,17,0.728,0.6544117647058824
8,round-robin,18,0.728,0.6158088235294118
8,round-robin,19,0.728,0.6341911764705882
8,round-robin,20,0.728,0.6470588235294118
8,round-robin,21,0.728,0.5992647058823529
8,round-robin,22,0.728,0.6213235294117647
8,round-robin,23,0.728,0.6360294117647058
8,round-robin,24,0.728,0.6213235294117647
8,round-robin,25,0.728,0.6488970588235294
8,round-robin,26,0.728,0.625
8,round-robin,27,0.728,0.6213235294117647
8,round-robin,28,0.728,0.6268382352941176
8,round-robin,29,0.728,0.6341911764705882
8,round-robin,30,0.728,0.5992647058823529
8,round-robin,31,0.728,0.6323529411764706
8,round-robin,32,0.728,0.6286764705882353
8,round-robin,33,0.728,0.5919117647058824
8,round-robin,34,0.728,0.6470588235294118
8,round-robin,35,0.728,0.6268382352941176
8,round-robin,36,0.728,0.6415441176470589
8,round-robin,37,0.728,0.6305147058823529
8,round-robin,38,0.728,0.6341911764705882
8,round-robin,39,0.728,0.65625
8,round-robin,40,0.728,0.6893382352941176
8,round-robin,41,0.728,0.6360294117647058
8,round-robin,42,0.728,0.6397058823529411
8,round-robin,43,0.728,0.6341911764705882
8,round-robin,44,0.728,0.6194852941176471
8,round-robin,45,0.728,0.6158088235294118
8,round-robin,46,0.728,0.6158088235294118
8,round-robin,47,0.728,0.6305147058823529
8,round-robin,48,0.728,0.6084558823529411
8,round-robin,49,0.728,0.6139705882352942
8,ewma,0,0.728,0.5827205882352942
8,ewma,1,0.728,0.6121323529411765
8,ewma,2,0.728,0.6360294117647058
8,ewma,3,0.728,0.6470588235294118
8,ewma,4,0.728,0.6286764705882353
8,ewma,5,0.728,0.6286764705882353
8,ewma,6,0.728,0.6617647058823529
8,ewma,7,0.728,0.6709558823529411
8,ewma,8,0.728,0.6507352941176471
8,ewma,9,0.728,0.6507352941176471
8,ewma,10,0.728,0.625
8,ewma,11,0.728,0.6433823529411765
8,ewma,12,0.728,0.6102941176470589
8,ewma,13,0.728,0.6397058823529411
8,ewma,14,0.728,0.6323529411764706
8,ewma,15,0.728,0.5753676470588235
8,ewma,16,0.728,0.6268382352941176
8,ewma,17,0.728,0.6341911764705882
8,ewma,18,0.728,0.5955882352941176
8,ewma,19,0.728,0.6341911764705882
8,ewma,20,0.728,0.6323529411764706
8,ewma,21,0.728,0.6102941176470589
8,ewma,22,0.728,0.6286764705882353
8,ewma,23,0.728,0.6176470588235294
8,ewma,24,0.728,0.6121323529411765
8,ewma,25,0.728,0.5992647058823529
8,ewma,26,0.728,0.6286764705882353
8,ewma,27,0.728,0.6102941176470589
8,ewma,28,0.728,0.6102941176470589
8,ewma,29,0.728,0.6213235294117647
8,ewma,30,0.728,0.5955882352941176
8,ewma,31,0.728,0.6194852941176471
8,ewma,32,0.728,0.6139705882352942
8,ewma,33,0.728,0.5882352941176471
8,ewma,34,0.728,0.6415441176470589
8,ewma,35,0.728,0.6488970588235294
8,ewma,36,0.728,0.6194852941176471
8,ewma,37,0.728,0.6158088235294118
8,ewma,38,0.728,0.6323529411764706
8,ewma,39,0.728,0.6599264705882353
8,ewma,40,0.728,0.6599264705882353
8,ewma,41,0.728,0.6544117647058824
8,ewma,42,0.728,0.6470588235294118
8,ewma,43,0.728,0.6433823529411765
8,ewma,44,0.728,0.6084558823529411
8,ewma,45,0.728,0.6084558823529411
8,ewma,46,0.728,0.6084558823529411
8,ewma,47,0.728,0.6121323529411765
8,ewma,48,0.728,0.6066176470588235
8,ewma,49,0.728,0.6194852941176471
8,belief-only,0,0.728,0.6433823529411765
8,belief-only,1,0.728,0.6764705882352942
8,belief-only,2,0.728,0.6838235294117647
8,belief-only,3,0.728,0.7022058823529411
8,belief-only,4,0.728,0.7058823529411765
8,belief-only,5,0.728,0.6948529411764706
8,belief-only,6,0.728,0.7095588235294118
8,belief-only,7,0.728,0.7150735294117647
8,belief-only,8,0.728,0.7242647058823529
8,belief-only,9,0.728,0.7022058823529411
8,belief-only,10,0.728,0.6709558823529411
8,belief-only,11,0.728,0.6911764705882353
8,belief-only,12,0.728,0.6966911764705882
8,belief-only,13,0.728,0.7113970588235294
8,belief-only,14,0.728,0.7095588235294118
8,belief-only,15,0.728,0.6672794117647058
8,belief-only,16,0.728,0.7003676470588235
8,belief-only,17,0.728,0.7113970588235294
8,belief-only,18,0.728,0.6801470588235294
8,belief-only,19,0.728,0.6783088235294118
8,belief-only,20,0.728,0.6746323529411765
8,belief-only,21,0.728,0.6966911764705882
8,belief-only,22,0.728,0.6893382352941176
8,belief-only,23,0.728,0.7113970588235294
8,belief-only,24,0.728,0.6875
8,belief-only,25,0.728,0.6838235294117647
8,belief-only,26,0.728,0.6691176470588235
8,belief-only,27,0.728,0.6525735294117647
8,belief-only,28,0.728,0.6783088235294118
8,belief-only,29,0.728,0.6691176470588235
8,belief-only,30,0.728,0.65625
8,belief-only,31,0.728,0.6966911764705882
8,belief-only,32,0.728,0.6691176470588235
8,belief-only,33,0.728,0.6488970588235294
8,belief-only,34,0.728,0.7058823529411765
8,belief-only,35,0.728,0.6911764705882353
8,belief-only,36,0.728,0.6948529411764706
8,belief-only,37,0.728,0.65625
8,belief-only,38,0.728,0.7040441176470589
8,belief-only,39,0.728,0.7003676470588235
8,belief-only,40,0.728,0.7261029411764706
8,belief-only,41,0.728,0.7132352941176471
8,belief-only,42,0.728,0.6801470588235294
8,belief-only,43,0.728,0.6948529411764706
8,belief-only,44,0.728,0.6599264705882353
8,belief-only,45,0.728,0.6691176470588235
8,belief-only,46,0.728,0.6691176470588235
8,belief-only,47,0.728,0.6875
8,belief-only,48,0.728,0.6746323529411765
8,belief-only,49,0.728,0.6783088235294118
8,state-aware,0,0.728,0.6433823529411765
8,state-aware,1,0.728,0.6764705882352942
8,state-aware,2,0.728,0.6838235294117647
8,state-aware,3,0.728,0.7022058823529411
8,state-aware,4,0.728,0.7058823529411765
8,state-aware,5,0.728,0.6948529411764706
8,state-aware,6,0.728,0.7095588235294118
8,state-aware,7,0.728,0.7150735294117647
8,state-aware,8,0.728,0.7242647058823529
8,state-aware,9,0.728,0.7022058823529411
8,state-aware,10,0.728,0.6709558823529411
8,state-aware,11,0.728,0.6911764705882353
8,state-aware,12,0.728,0.6966911764705882
8,state-aware,13,0.728,0.7113970588235294
8,state-aware,14,0.728,0.7095588235294118
8,state-aware,15,0.728,0.6672794117647058
8,state-aware,16,0.728,0.7003676470588235
8,state-aware,17,0.728,0.7113970588235294
8,state-aware,18,0.728,0.6801470588235294
8,state-aware,19,0.728,0.6783088235294118
8,state-aware,20,0.728,0.6746323529411765
8,state-aware,21,0.728,0.6966911764705882
8,state-aware,22,0.728,0.6893382352941176
8,state-aware,23,0.728,0.7113970588235294
8,state-aware,24,0.728,0.6875
8,state-aware,25,0.728,0.6838235294117647
8,state-aware,26,0.728,0.6691176470588235
8,state-aware,27,0.728,0.6525735294117647
8,state-aware,28,0.728,0.6783088235294118
8,state-aware,29,0.728,0.6691176470588235
8,state-aware,30,0.728,0.65625
8,state-aware,31,0.728,0.6966911764705882
8,state-aware,32,0.728,0.6691176470588235
8,state-aware,33,0.728,0.6488970588235294
8,state-aware,34,0.728,0.7058823529411765
8,state-aware,35,0.728,0.6911764705882353
8,state-aware,36,0.728,0.6948529411764706
8,state-aware,37,0.728,0.65625
8,state-aware,38,0.728,0.7040441176470589
8,state-aware,39,0.728,0.7003676470588235
8,state-aware,40,0.728,0.7261029411764706
8,state-aware,41,0.728,0.7132352941176471
8,state-aware,42,0.728,0.6801470588235294
8,state-aware,43,0.728,0.6948529411764706
8,state-aware,44,0.728,0.6599264705882353
8,state-aware,45,0.728,0.6691176470588235
8,state-aware,46,0.728,0.6691176470588235
8,state-aware,47,0.728,0.6875
8,state-aware,48,0.728,0.6746323529411765
8,state-aware,49,0.728,0.6783088235294118
4,random,0,0.864,0.5845588235294118
4,random,1,0.864,0.6213235294117647
4,random,2,0.864,0.6286764705882353
4,random,3,0.864,0.6544117647058824
4,random,4,0.864,0.6617647058823529
4,random,5,0.864,0.6691176470588235
4,random,6,0.864,0.6654411764705882
4,random,7,0.864,0.6654411764705882
4,random,8,0.864,0.6544117647058824
4,random,9,0.864,0.6139705882352942
4,random,10,0.864,0.6102941176470589
4,random,11,0.864,0.6102941176470589
4,random,12,0.864,0.6213235294117647
4,random,13,0.864,0.6360294117647058
4,random,14,0.864,0.6360294117647058
4,random,15,0.864,0.6176470588235294
4,random,16,0.864,0.6286764705882353
4,random,17,0.864,0.6433823529411765
4,random,18,0.864,0.6102941176470589
4,random,19,0.864,0.6323529411764706
4,random,20,0.864,0.6544117647058824
4,random,21,0.864,0.6397058823529411
4,random,22,0.864,0.6323529411764706
4,random,23,0.864,0.5808823529411765
4,random,24,0.864,0.6139705882352942
4,random,25,0.864,0.5698529411764706
4,random,26,0.864,0.6213235294117647
4,random,27,0.864,0.6102941176470589
4,random,28,0.864,0.6213235294117647
4,random,29,0.864,0.6286764705882353
4,random,30,0.864,0.6323529411764706
4,random,31,0.864,0.6433823529411765
4,random,32,0.864,0.6433823529411765
4,random,33,0.864,0.5882352941176471
4,random,34,0.864,0.6544117647058824
4,random,35,0.864,0.625
4,random,36,0.864,0.6580882352941176
4,random,37,0.864,0.6764705882352942
4,random,38,0.864,0.5772058823529411
4,random,39,0.864,0.6507352941176471
4,random,40,0.864,0.6911764705882353
4,random,41,0.864,0.6176470588235294
4,random,42,0.864,0.6470588235294118
4,random,43,0.864,0.6801470588235294
4,random,44,0.864,0.6507352941176471
4,random,45,0.864,0.6507352941176471
4,random,46,0.864,0.6544117647058824
4,random,47,0.864,0.5955882352941176
4,random,48,0.864,0.6066176470588235
4,random,49,0.864,0.6286764705882353
4,round-robin,0,0.864,0.5772058823529411
4,round-robin,1,0.864,0.5808823529411765
4,round-robin,2,0.864,0.6764705882352942
4,round-robin,3,0.864,0.6580882352941176
4,round-robin,4,0.864,0.6286764705882353
4,round-robin,5,0.864,0.6691176470588235
4,round-robin,6,0.864,0.6286764705882353
4,round-robin,7,0.864,0.6360294117647058
4,round-robin,8,0.864,0.6323529411764706
4,round-robin,9,0.864,0.6176470588235294
4,round-robin,10,0.864,0.6029411764705882
4,round-robin,11,0.864,0.5992647058823529
4,round-robin,12,0.864,0.6176470588235294
4,round-robin,13,0.864,0.6433823529411765
4,round-robin,14,0.864,0.5955882352941176
4,round-robin,15,0.864,0.6286764705882353
4,round-robin,16,0.864,0.6176470588235294
4,round-robin,17,0.864,0.6397058823529411
4,round-robin,18,0.864,0.5955882352941176
4,round-robin,19,0.864,0.6691176470588235
4,round-robin,20,0.864,0.6286764705882353
4,round-robin,21,0.864,0.5808823529411765
4,round-robin,22,0.864,0.6433823529411765
4,round-robin,23,0.864,0.6470588235294118
4,round-robin,24,0.864,0.6286764705882353
4,round-robin,25,0.864,0.6029411764705882
4,round-robin,26,0.864,0.6213235294117647
4,round-robin,27,0.864,0.6139705882352942
4,round-robin,28,0.864,0.6286764705882353
4,round-robin,29,0.864,0.6213235294117647
4,round-robin,30,0.864,0.6139705882352942
4,round-robin,31,0.864,0.6580882352941176
4,round-robin,32,0.864,0.6507352941176471
4,round-robin,33,0.864,0.5625
4,round-robin,34,0.864,0.5919117647058824
4,round-robin,35,0.864,0.6286764705882353
4,round-robin,36,0.864,0.6507352941176471
4,round-robin,37,0.864,0.6507352941176471
4,round-robin,38,0.864,0.6102941176470589
4,round-robin,39,0.864,0.6360294117647058
4,round-robin,40,0.864,0.6286764705882353
4,round-robin,41,0.864,0.6654411764705882
4,round-robin,42,0.864,0.5845588235294118
4,round-robin,43,0.864,0.6985294117647058
4,round-robin,44,0.864,0.6323529411764706
4,round-robin,45,0.864,0.6397058823529411
4,round-robin,46,0.864,0.6360294117647058
4,round-robin,47,0.864,0.6323529411764706
4,round-robin,48,0.864,0.6323529411764706
4,round-robin,49,0.864,0.6433823529411765
4,ewma,0,0.864,0.625
4,ewma,1,0.864,0.5551470588235294
4,ewma,2,0.864,0.5992647058823529
4,ewma,3,0.864,0.6617647058823529
4,ewma,4,0.864,0.6360294117647058
4,ewma,5,0.864,0.6580882352941176
4,ewma,6,0.864,0.6470588235294118
4,ewma,7,0.864,0.6691176470588235
4,ewma,8,0.864,0.6617647058823529
4,ewma,9,0.864,0.6617647058823529
4,ewma,10,0.864,0.6139705882352942
4,ewma,11,0.864,0.6213235294117647
4,ewma,12,0.864,0.6323529411764706
4,ewma,13,0.864,0.6102941176470589
4,ewma,14,0.864,0.6323529411764706
4,ewma,15,0.864,0.5845588235294118
4,ewma,16,0.864,0.625
4,ewma,17,0.864,0.6691176470588235
4,ewma,18,0.864,0.5882352941176471
4,ewma,19,0.864,0.6507352941176471
4,ewma,20,0.864,0.6470588235294118
4,ewma,21,0.864,0.6029411764705882
4,ewma,22,0.864,0.5882352941176471
4,ewma,23,0.864,0.5955882352941176
4,ewma,24,0.864,0.6323529411764706
4,ewma,25,0.864,0.6029411764705882
4,ewma,26,0.864,0.6544117647058824
4,ewma,27,0.864,0.6286764705882353
4,ewma,28,0.864,0.625
4,ewma,29,0.864,0.5882352941176471
4,ewma,30,0.864,0.6066176470588235
4,ewma,31,0.864,0.6397058823529411
4,ewma,32,0.864,0.6691176470588235
4,ewma,33,0.864,0.6029411764705882
4,ewma,34,0.864,0.6360294117647058
4,ewma,35,0.864,0.6433823529411765
4,ewma,36,0.864,0.6580882352941176
4,ewma,37,0.864,0.625
4,ewma,38,0.864,0.625
4,ewma,39,0.864,0.6470588235294118
4,ewma,40,0.864,0.6911764705882353
4,ewma,41,0.864,0.6323529411764706
4,ewma,42,0.864,0.5882352941176471
4,ewma,43,0.864,0.6507352941176471
4,ewma,44,0.864,0.6507352941176471
4,ewma,45,0.864,0.6433823529411765
4,ewma,46,0.864,0.6507352941176471
4,ewma,47,0.864,0.5698529411764706
4,ewma,48,0.864,0.6176470588235294
4,ewma,49,0.864,0.6102941176470589
4,belief-only,0,0.864,0.6580882352941176
4,belief-only,1,0.864,0.6617647058823529
4,belief-only,2,0.864,0.6911764705882353
4,belief-only,3,0.864,0.6911764705882353
4,belief-only,4,0.864,0.6985294117647058
4,belief-only,5,0.864,0.6948529411764706
4,belief-only,6,0.864,0.6948529411764706
4,belief-only,7,0.864,0.6948529411764706
4,belief-only,8,0.864,0.7022058823529411
4,belief-only,9,0.864,0.7169117647058824
4,belief-only,10,0.864,0.6727941176470589
4,belief-only,11,0.864,0.6764705882352942
4,belief-only,12,0.864,0.6948529411764706
4,belief-only,13,0.864,0.6911764705882353
4,belief-only,14,0.864,0.6764705882352942
4,belief-only,15,0.864,0.6433823529411765
4,belief-only,16,0.864,0.7058823529411765
4,belief-only,17,0.864,0.6911764705882353
4,belief-only,18,0.864,0.6397058823529411
4,belief-only,19,0.864,0.7242647058823529
4,belief-only,20,0.864,0.6691176470588235
4,belief-only,21,0.864,0.7242647058823529
4,belief-only,22,0.864,0.6875
4,belief-only,23,0.864,0.6691176470588235
4,belief-only,24,0.864,0.6911764705882353
4,belief-only,25,0.864,0.6544117647058824
4,belief-only,26,0.864,0.6948529411764706
4,belief-only,27,0.864,0.6654411764705882
4,belief-only,28,0.864,0.6727941176470589
4,belief-only,29,0.864,0.6397058823529411
4,belief-only,30,0.864,0.6397058823529411
4,belief-only,31,0.864,0.6875
4,belief-only,32,0.864,0.6875
4,belief-only,33,0.864,0.6727941176470589
4,belief-only,34,0.864,0.6875
4,belief-only,35,0.864,0.6764705882352942
4,belief-only,36,0.864,0.6948529411764706
4,belief-only,37,0.864,0.7022058823529411
4,belief-only,38,0.864,0.6580882352941176
4,belief-only,39,0.864,0.6985294117647058
4,belief-only,40,0.864,0.7279411764705882
4,belief-only,41,0.864,0.7022058823529411
4,belief-only,42,0.864,0.6617647058823529
4,belief-only,43,0.864,0.7205882352941176
4,belief-only,44,0.864,0.7279411764705882
4,belief-only,45,0.864,0.6433823529411765
4,belief-only,46,0.864,0.7169117647058824
4,belief-only,47,0.864,0.6875
4,belief-only,48,0.864,0.6397058823529411
4,belief-only,49,0.864,0.6801470588235294
4,state-aware,0,0.864,0.6580882352941176
4,state-aware,1,0.864,0.6617647058823529
4,state-aware,2,0.864,0.6911764705882353
4,state-aware,3,0.864,0.6911764705882353
4,state-aware,4,0.864,0.6985294117647058
4,state-aware,5,0.864,0.6948529411764706
4,state-aware,6,0.864,0.6948529411764706
4,state-aware,7,0.864,0.6948529411764706
4,state-aware,8,0.864,0.7022058823529411
4,state-aware,9,0.864,0.7169117647058824
4,state-aware,10,0.864,0.6727941176470589
4,state-aware,11,0.864,0.6764705882352942
4,state-aware,12,0.864,0.6948529411764706
4,state-aware,13,0.864,0.6911764705882353
4,state-aware,14,0.864,0.6764705882352942
4,state-aware,15,0.864,0.6433823529411765
4,state-aware,16,0.864,0.7058823529411765
4,state-aware,17,0.864,0.6911764705882353
4,state-aware,18,0.864,0.6397058823529411
4,state-aware,19,0.864,0.7242647058823529
4,state-aware,20,0.864,0.6691176470588235
4,state-aware,21,0.864,0.7242647058823529
4,state-aware,22,0.864,0.6875
4,state-aware,23,0.864,0.6691176470588235
4,state-aware,24,0.864,0.6911764705882353
4,state-aware,25,0.864,0.6544117647058824
4,state-aware,26,0.864,0.6948529411764706
4,state-aware,27,0.864,0.6654411764705882
4,state-aware,28,0.864,0.6727941176470589
4,state-aware,29,0.864,0.6397058823529411
4,state-aware,30,0.864,0.6397058823529411
4,state-aware,31,0.864,0.6875
4,state-aware,32,0.864,0.6875
4,state-aware,33,0.864,0.6727941176470589
4,state-aware,34,0.864,0.6875
4,state-aware,35,0.864,0.6764705882352942
4,state-aware,36,0.864,0.6948529411764706
4,state-aware,37,0.864,0.7022058823529411
4,state-aware,38,0.864,0.6580882352941176
4,state-aware,39,0.864,0.6985294117647058
4,state-aware,40,0.864,0.7279411764705882
4,state-aware,41,0.864,0.7022058823529411
4,state-aware,42,0.864,0.6617647058823529
4,state-aware,43,0.864,0.7205882352941176
4,state-aware,44,0.864,0.7279411764705882
4,state-aware,45,0.864,0.6433823529411765
4,state-aware,46,0.864,0.7169117647058824
4,state-aware,47,0.864,0.6875
4,state-aware,48,0.864,0.6397058823529411
4,state-aware,49,0.864,0.6801470588235294
2,random,0,0.932,0.5808823529411765
2,random,1,0.932,0.6176470588235294
2,random,2,0.932,0.625
2,random,3,0.932,0.6985294117647058
2,random,4,0.932,0.6470588235294118
2,random,5,0.932,0.6176470588235294
2,random,6,0.932,0.6764705882352942
2,random,7,0.932,0.6838235294117647
2,random,8,0.932,0.6102941176470589
2,random,9,0.932,0.5955882352941176
2,random,10,0.932,0.6029411764705882
2,random,11,0.932,0.6029411764705882
2,random,12,0.932,0.6102941176470589
2,random,13,0.932,0.6397058823529411
2,random,14,0.932,0.6176470588235294
2,random,15,0.932,0.5808823529411765
2,random,16,0.932,0.625
2,random,17,0.932,0.5735294117647058
2,random,18,0.932,0.5955882352941176
2,random,19,0.932,0.6102941176470589
2,random,20,0.932,0.6470588235294118
2,random,21,0.932,0.625
2,random,22,0.932,0.5735294117647058
2,random,23,0.932,0.6102941176470589
2,random,24,0.932,0.6176470588235294
2,random,25,0.932,0.5955882352941176
2,random,26,0.932,0.6176470588235294
2,random,27,0.932,0.6102941176470589
2,random,28,0.932,0.6617647058823529
2,random,29,0.932,0.6029411764705882
2,random,30,0.932,0.5955882352941176
2,random,31,0.932,0.6617647058823529
2,random,32,0.932,0.6323529411764706
2,random,33,0.932,0.6176470588235294
2,random,34,0.932,0.5808823529411765
2,random,35,0.932,0.6176470588235294
2,random,36,0.932,0.6029411764705882
2,random,37,0.932,0.6617647058823529
2,random,38,0.932,0.625
2,random,39,0.932,0.5882352941176471
2,random,40,0.932,0.6323529411764706
2,random,41,0.932,0.6617647058823529
2,random,42,0.932,0.6323529411764706
2,random,43,0.932,0.6470588235294118
2,random,44,0.932,0.6764705882352942
2,random,45,0.932,0.6323529411764706
2,random,46,0.932,0.5588235294117647
2,random,47,0.932,0.6323529411764706
2,random,48,0.932,0.5514705882352942
2,random,49,0.932,0.6323529411764706
2,round-robin,0,0.932,0.6397058823529411
2,round-robin,1,0.932,0.6176470588235294
2,round-robin,2,0.932,0.6323529411764706
2,round-robin,3,0.932,0.7352941176470589
2,round-robin,4,0.932,0.5955882352941176
2,round-robin,5,0.932,0.5514705882352942
2,round-robin,6,0.932,0.6397058823529411
2,round-robin,7,0.932,0.6985294117647058
2,round-robin,8,0.932,0.6397058823529411
2,round-robin,9,0.932,0.7132352941176471
2,round-robin,10,0.932,0.5588235294117647
2,round-robin,11,0.932,0.625
2,round-robin,12,0.932,0.6176470588235294
2,round-robin,13,0.932,0.6102941176470589
2,round-robin,14,0.932,0.6691176470588235
2,round-robin,15,0.932,0.6102941176470589
2,round-robin,16,0.932,0.5882352941176471
2,round-robin,17,0.932,0.625
2,round-robin,18,0.932,0.6617647058823529
2,round-robin,19,0.932,0.6397058823529411
2,round-robin,20,0.932,0.6397058823529411
2,round-robin,21,0.932,0.6102941176470589
2,round-robin,22,0.932,0.6029411764705882
2,round-robin,23,0.932,0.625
2,round-robin,24,0.932,0.5808823529411765
2,round-robin,25,0.932,0.5882352941176471
2,round-robin,26,0.932,0.6470588235294118
2,round-robin,27,0.932,0.5735294117647058
2,round-robin,28,0.932,0.6102941176470589
2,round-robin,29,0.932,0.5661764705882353
2,round-robin,30,0.932,0.6323529411764706
2,round-robin,31,0.932,0.6470588235294118
2,round-robin,32,0.932,0.6470588235294118
2,round-robin,33,0.932,0.5955882352941176
2,round-robin,34,0.932,0.6176470588235294
2,round-robin,35,0.932,0.6617647058823529
2,round-robin,36,0.932,0.6397058823529411
2,round-robin,37,0.932,0.6544117647058824
2,round-robin,38,0.932,0.6102941176470589
2,round-robin,39,0.932,0.6764705882352942
2,round-robin,40,0.932,0.6544117647058824
2,round-robin,41,0.932,0.6397058823529411
2,round-robin,42,0.932,0.6691176470588235
2,round-robin,43,0.932,0.6691176470588235
2,round-robin,44,0.932,0.6397058823529411
2,round-robin,45,0.932,0.6617647058823529
2,round-robin,46,0.932,0.6397058823529411
2,round-robin,47,0.932,0.6323529411764706
2,round-robin,48,0.932,0.6397058823529411
2,round-robin,49,0.932,0.6323529411764706
2,ewma,0,0.932,0.6029411764705882
2,ewma,1,0.932,0.5441176470588235
2,ewma,2,0.932,0.5882352941176471
2,ewma,3,0.932,0.6838235294117647
2,ewma,4,0.932,0.6544117647058824
2,ewma,5,0.932,0.6029411764705882
2,ewma,6,0.932,0.6397058823529411
2,ewma,7,0.932,0.6691176470588235
2,ewma,8,0.932,0.6397058823529411
2,ewma,9,0.932,0.6911764705882353
2,ewma,10,0.932,0.6176470588235294
2,ewma,11,0.932,0.5955882352941176
2,ewma,12,0.932,0.6397058823529411
2,ewma,13,0.932,0.6544117647058824
2,ewma,14,0.932,0.5882352941176471
2,ewma,15,0.932,0.5661764705882353
2,ewma,16,0.932,0.6323529411764706
2,ewma,17,0.932,0.6470588235294118
2,ewma,18,0.932,0.6029411764705882
2,ewma,19,0.932,0.625
2,ewma,20,0.932,0.6176470588235294
2,ewma,21,0.932,0.6176470588235294
2,ewma,22,0.932,0.5661764705882353
2,ewma,23,0.932,0.5882352941176471
2,ewma,24,0.932,0.5808823529411765
2,ewma,25,0.932,0.5367647058823529
2,ewma,26,0.932,0.6764705882352942
2,ewma,27,0.932,0.5882352941176471
2,ewma,28,0.932,0.5882352941176471
2,ewma,29,0.932,0.6176470588235294
2,ewma,30,0.932,0.625
2,ewma,31,0.932,0.6102941176470589
2,ewma,32,0.932,0.6397058823529411
2,ewma,33,0.932,0.6323529411764706
2,ewma,34,0.932,0.625
2,ewma,35,0.932,0.6544117647058824
2,ewma,36,0.932,0.6838235294117647
2,ewma,37,0.932,0.6029411764705882
2,ewma,38,0.932,0.6029411764705882
2,ewma,39,0.932,0.5882352941176471
2,ewma,40,0.932,0.7352941176470589
2,ewma,41,0.932,0.6470588235294118
2,ewma,42,0.932,0.6176470588235294
2,ewma,43,0.932,0.6029411764705882
2,ewma,44,0.932,0.6691176470588235
2,ewma,45,0.932,0.6617647058823529
2,ewma,46,0.932,0.6176470588235294
2,ewma,47,0.932,0.6323529411764706
2,ewma,48,0.932,0.5735294117647058
2,ewma,49,0.932,0.5735294117647058
2,belief-only,0,0.932,0.6397058823529411
2,belief-only,1,0.932,0.5955882352941176
2,belief-only,2,0.932,0.6911764705882353
2,belief-only,3,0.932,0.7573529411764706
2,belief-only,4,0.932,0.7132352941176471
2,belief-only,5,0.932,0.6617647058823529
2,belief-only,6,0.932,0.7132352941176471
2,belief-only,7,0.932,0.6911764705882353
2,belief-only,8,0.932,0.7352941176470589
2,belief-only,9,0.932,0.7132352941176471
2,belief-only,10,0.932,0.6985294117647058
2,belief-only,11,0.932,0.6764705882352942
2,belief-only,12,0.932,0.6985294117647058
2,belief-only,13,0.932,0.6985294117647058
2,belief-only,14,0.932,0.6397058823529411
2,belief-only,15,0.932,0.6764705882352942
2,belief-only,16,0.932,0.7352941176470589
2,belief-only,17,0.932,0.6691176470588235
2,belief-only,18,0.932,0.6764705882352942
2,belief-only,19,0.932,0.7132352941176471
2,belief-only,20,0.932,0.7058823529411765
2,belief-only,21,0.932,0.7426470588235294
2,belief-only,22,0.932,0.7058823529411765
2,belief-only,23,0.932,0.6838235294117647
2,belief-only,24,0.932,0.6764705882352942
2,belief-only,25,0.932,0.5882352941176471
2,belief-only,26,0.932,0.6764705882352942
2,belief-only,27,0.932,0.6397058823529411
2,belief-only,28,0.932,0.6764705882352942
2,belief-only,29,0.932,0.6102941176470589
2,belief-only,30,0.932,0.625
2,belief-only,31,0.932,0.6911764705882353
2,belief-only,32,0.932,0.6544117647058824
2,belief-only,33,0.932,0.6323529411764706
2,belief-only,34,0.932,0.6397058823529411
2,belief-only,35,0.932,0.6911764705882353
2,belief-only,36,0.932,0.6911764705882353
2,belief-only,37,0.932,0.6764705882352942
2,belief-only,38,0.932,0.6397058823529411
2,belief-only,39,0.932,0.6985294117647058
2,belief-only,40,0.932,0.7058823529411765
2,belief-only,41,0.932,0.6691176470588235
2,belief-only,42,0.932,0.6838235294117647
2,belief-only,43,0.932,0.7205882352941176
2,belief-only,44,0.932,0.7205882352941176
2,belief-only,45,0.932,0.6838235294117647
2,belief-only,46,0.932,0.6544117647058824
2,belief-only,47,0.932,0.6764705882352942
2,belief-only,48,0.932,0.6397058823529411
2,belief-only,49,0.932,0.6911764705882353
2,state-aware,0,0.932,0.6397058823529411
2,state-aware,1,0.932,0.5955882352941176
2,state-aware,2,0.932,0.6911764705882353
2,state-aware,3,0.932,0.7573529411764706
2,state-aware,4,0.932,0.7132352941176471
2,state-aware,5,0.932,0.6617647058823529
2,state-aware,6,0.932,0.7132352941176471
2,state-aware,7,0.932,0.6911764705882353
2,state-aware,8,0.932,0.7352941176470589
2,state-aware,9,0.932,0.7132352941176471
2,state-aware,10,0.932,0.6985294117647058
2,state-aware,11,0.932,0.6764705882352942
2,state-aware,12,0.932,0.6985294117647058
2,state-aware,13,0.932,0.6985294117647058
2,state-aware,14,0.932,0.6397058823529411
2,state-aware,15,0.932,0.6764705882352942
2,state-aware,16,0.932,0.7352941176470589
2,state-aware,17,0.932,0.6691176470588235
2,state-aware,18,0.932,0.6764705882352942
2,state-aware,19,0.932,0.7132352941176471
2,state-aware,20,0.932,0.7058823529411765
2,state-aware,21,0.932,0.7426470588235294
2,state-aware,22,0.932,0.7058823529411765
2,state-aware,23,0.932,0.6838235294117647
2,state-aware,24,0.932,0.6764705882352942
2,state-aware,25,0.932,0.5882352941176471
2,state-aware,26,0.932,0.6764705882352942
2,state-aware,27,0.932,0.6397058823529411
2,state-aware,28,0.932,0.6764705882352942
2,state-aware,29,0.932,0.6102941176470589
2,state-aware,30,0.932,0.625
2,state-aware,31,0.932,0.6911764705882353
2,state-aware,32,0.932,0.6544117647058824
2,state-aware,33,0.932,0.6323529411764706
2,state-aware,34,0.932,0.6397058823529411
2,state-aware,35,0.932,0.6911764705882353
2,state-aware,36,0.932,0.6911764705882353
2,state-aware,37,0.932,0.6764705882352942
2,state-aware,38,0.932,0.6397058823529411
2,state-aware,39,0.932,0.6985294117647058
2,state-aware,40,0.932,0.7058823529411765
2,state-aware,41,0.932,0.6691176470588235
2,state-aware,42,0.932,0.6838235294117647
2,state-aware,43,0.932,0.7205882352941176
2,state-aware,44,0.932,0.7205882352941176
2,state-aware,45,0.932,0.6838235294117647
2,state-aware,46,0.932,0.6544117647058824
2,state-aware,47,0.932,0.6764705882352942
2,state-aware,48,0.932,0.6397058823529411
2,state-aware,49,0.932,0.6911764705882353
