severity_db,policy,seed,delivery_rate
0.0,random,0,0.677
0.0,random,1,0.666
0.0,random,2,0.696
0.0,random,3,0.6745
0.0,random,4,0.6695
0.0,random,5,0.662
0.0,random,6,0.666
0.0,random,7,0.6915
0.0,random,8,0.6855
0.0,random,9,0.697
0.0,random,10,0.667
0.0,random,11,0.6985
0.0,random,12,0.6605
0.0,random,13,0.6745
0.0,random,14,0.685
0.0,random,15,0.6675
0.0,random,16,0.668
0.0,random,17,0.672
0.0,random,18,0.6985
0.0,random,19,0.688
0.0,random,20,0.6725
0.0,random,21,0.678
0.0,random,22,0.6945
0.0,random,23,0.6955
0.0,random,24,0.6685
0.0,random,25,0.658
0.0,random,26,0.699
0.0,random,27,0.665
0.0,random,28,0.675
0.0,random,29,0.6645
0.0,random,30,0.6895
0.0,random,31,0.6705
0.0,random,32,0.6775
0.0,random,33,0.6795
0.0,random,34,0.6805
0.0,random,35,0.679
0.0,random,36,0.6735
0.0,random,37,0.673
0.0,random,38,0.683
0.0,random,39,0.673
0.0,random,40,0.689
0.0,random,41,0.68
0.0,random,42,0.6835
0.0,random,43,0.6695
0.0,random,44,0.6835
0.0,random,45,0.6845
0.0,random,46,0.6545
0.0,random,47,0.682
0.0,random,48,0.67
0.0,random,49,0.691
0.0,round-robin,0,0.6765
0.0,round-robin,1,0.682
0.0,round-robin,2,0.69
0.0,round-robin,3,0.6625
0.0,round-robin,4,0.667
0.0,round-robin,5,0.667
0.0,round-robin,6,0.662
0.0,round-robin,7,0.693
0.0,round-robin,8,0.682
0.0,round-robin,9,0.6785
0.0,round-robin,10,0.6615
0.0,round-robin,11,0.6765
0.0,round-robin,12,0.6735
0.0,round-robin,13,0.678
0.0,round-robin,14,0.697
0.0,round-robin,15,0.668
0.0,round-robin,16,0.661
0.0,round-robin,17,0.6875
0.0,round-robin,18,0.691
0.0,round-robin,19,0.706
0.0,round-robin,20,0.687
0.0,round-robin,21,0.6825
0.0,round-robin,22,0.669
0.0,round-robin,23,0.699
0.0,round-robin,24,0.685
0.0,round-robin,25,0.665
0.0,round-robin,26,0.688
0.0,round-robin,27,0.6755
0.0,round-robin,28,0.6725
0.0,round-robin,29,0.665
0.0,round-robin,30,0.7095
0.0,round-robin,31,0.679
0.0,round-robin,32,0.6865
0.0,round-robin,33,0.6705
0.0,round-robin,34,0.691
0.0,round-robin,35,0.696
0.0,round-robin,36,0.6595
0.0,round-robin,37,0.6575
0.0,round-robin,38,0.68
0.0,round-robin,39,0.675
0.0,round-robin,40,0.6815
0.0,round-robin,41,0.669
0.0,round-robin,42,0.68
0.0,round-robin,43,0.6775
0.0,round-robin,44,0.6815
0.0,round-robin,45,0.6925
0.0,round-robin,46,0.656
0.0,round-robin,47,0.6835
0.0,round-robin,48,0.6725
0.0,round-robin,49,0.696
0.0,snr-greedy,0,0.7365
0.0,snr-greedy,1,0.736
0.0,snr-greedy,2,0.7455
0.0,snr-greedy,3,0.731
0.0,snr-greedy,4,0.7355
0.0,snr-greedy,5,0.752
0.0,snr-greedy,6,0.7235
0.0,snr-greedy,7,0.726
0.0,snr-greedy,8,0.7415
0.0,snr-greedy,9,0.7485
0.0,snr-greedy,10,0.7365
0.0,snr-greedy,11,0.74
0.0,snr-greedy,12,0.721
0.0,snr-greedy,13,0.75
0.0,snr-greedy,14,0.7305
0.0,snr-greedy,15,0.7135
0.0,snr-greedy,16,0.718
0.0,snr-greedy,17,0.722
0.0,snr-greedy,18,0.752
0.0,snr-greedy,19,0.748
0.0,snr-greedy,20,0.7295
0.0,snr-greedy,21,0.737
0.0,snr-greedy,22,0.7365
0.0,snr-greedy,23,0.749
0.0,snr-greedy,24,0.7375
0.0,snr-greedy,25,0.7245
0.0,snr-greedy,26,0.7395
0.0,snr-greedy,27,0.7255
0.0,snr-greedy,28,0.733
0.0,snr-greedy,29,0.72
0.0,snr-greedy,30,0.736
0.0,snr-greedy,31,0.7235
0.0,snr-greedy,32,0.72
0.0,snr-greedy,33,0.7215
0.0,snr-greedy,34,0.732
0.0,snr-greedy,35,0.726
0.0,snr-greedy,36,0.7205
0.0,snr-greedy,37,0.729
0.0,snr-greedy,38,0.734
0.0,snr-greedy,39,0.7315
0.0,snr-greedy,40,0.7365
0.0,snr-greedy,41,0.737
0.0,snr-greedy,42,0.74
0.0,snr-greedy,43,0.734
0.0,snr-greedy,44,0.7435
0.0,snr-greedy,45,0.731
0.0,snr-greedy,46,0.718
0.0,snr-greedy,47,0.7335
0.0,snr-greedy,48,0.72
0.0,snr-greedy,49,0.7435
0.0,ewma,0,0.6815
0.0,ewma,1,0.676
0.0,ewma,2,0.6855
0.0,ewma,3,0.695
0.0,ewma,4,0.6915
0.0,ewma,5,0.688
0.0,ewma,6,0.674
0.0,ewma,7,0.697
0.0,ewma,8,0.699
0.0,ewma,9,0.703
0.0,ewma,10,0.691
0.0,ewma,11,0.6885
0.0,ewma,12,0.6785
0.0,ewma,13,0.6855
0.0,ewma,14,0.696
0.0,ewma,15,0.684
0.0,ewma,16,0.679
0.0,ewma,17,0.7065
0.0,ewma,18,0.7015
0.0,ewma,19,0.719
0.0,ewma,20,0.681
0.0,ewma,21,0.684
0.0,ewma,22,0.6845
0.0,ewma,23,0.695
0.0,ewma,24,0.689
0.0,ewma,25,0.667
0.0,ewma,26,0.71
0.0,ewma,27,0.662
0.0,ewma,28,0.652
0.0,ewma,29,0.676
0.0,ewma,30,0.7015
0.0,ewma,31,0.6735
0.0,ewma,32,0.6935
0.0,ewma,33,0.6675
0.0,ewma,34,0.691
0.0,ewma,35,0.694
0.0,ewma,36,0.6785
0.0,ewma,37,0.683
0.0,ewma,38,0.695
0.0,ewma,39,0.696
0.0,ewma,40,0.697
0.0,ewma,41,0.69
0.0,ewma,42,0.6845
0.0,ewma,43,0.6885
0.0,ewma,44,0.703
0.0,ewma,45,0.6925
0.0,ewma,46,0.6535
0.0,ewma,47,0.6755
0.0,ewma,48,0.662
0.0,ewma,49,0.713
0.0,belief-only,0,0.74
0.0,belief-only,1,0.7305
0.0,belief-only,2,0.752
0.0,belief-only,3,0.734
0.0,belief-only,4,0.746
0.0,belief-only,5,0.749
0.0,belief-only,6,0.735
0.0,belief-only,7,0.732
0.0,belief-only,8,0.749
0.0,belief-only,9,0.758
0.0,belief-only,10,0.7465
0.0,belief-only,11,0.739
0.0,belief-only,12,0.7175
0.0,belief-only,13,0.746
0.0,belief-only,14,0.733
0.0,belief-only,15,0.717
0.0,belief-only,16,0.7225
0.0,belief-only,17,0.734
0.0,belief-only,18,0.7525
0.0,belief-only,19,0.7515
0.0,belief-only,20,0.733
0.0,belief-only,21,0.7335
0.0,belief-only,22,0.745
0.0,belief-only,23,0.7515
0.0,belief-only,24,0.743
0.0,belief-only,25,0.7265
0.0,belief-only,26,0.74
0.0,belief-only,27,0.7285
0.0,belief-only,28,0.738
0.0,belief-only,29,0.7195
0.0,belief-only,30,0.7395
0.0,belief-only,31,0.724
0.0,belief-only,32,0.732
0.0,belief-only,33,0.727
0.0,belief-only,34,0.734
0.0,belief-only,35,0.736
0.0,belief-only,36,0.731
0.0,belief-only,37,0.74
0.0,belief-only,38,0.7355
0.0,belief-only,39,0.731
0.0,belief-only,40,0.75
0.0,belief-only,41,0.7335
0.0,belief-only,42,0.74
0.0,belief-only,43,0.7385
0.0,belief-only,44,0.744
0.0,belief-only,45,0.742
0.0,belief-only,46,0.725
0.0,belief-only,47,0.737
0.0,belief-only,48,0.724
0.0,belief-only,49,0.749
0.0,state-aware,0,0.74
0.0,state-aware,1,0.7305
0.0,state-aware,2,0.752
0.0,state-aware,3,0.734
0.0,state-aware,4,0.746
0.0,state-aware,5,0.749
0.0,state-aware,6,0.735
0.0,state-aware,7,0.732
0.0,state-aware,8,0.749
0.0,state-aware,9,0.758
0.0,state-aware,10,0.7465
0.0,state-aware,11,0.739
0.0,state-aware,12,0.7175
0.0,state-aware,13,0.746
0.0,state-aware,14,0.733
0.0,state-aware,15,0.717
0.0,state-aware,16,0.7225
0.0,state-aware,17,0.734
0.0,state-aware,18,0.7525
0.0,state-aware,19,0.7515
0.0,state-aware,20,0.733
0.0,state-aware,21,0.7335
0.0,state-aware,22,0.745
0.0,state-aware,23,0.7515
0.0,state-aware,24,0.743
0.0,state-aware,25,0.7265
0.0,state-aware,26,0.74
0.0,state-aware,27,0.7285
0.0,state-aware,28,0.738
0.0,state-aware,29,0.7195
0.0,state-aware,30,0.7395
0.0,state-aware,31,0.724
0.0,state-aware,32,0.732
0.0,state-aware,33,0.727
0.0,state-aware,34,0.734
0.0,state-aware,35,0.736
0.0,state-aware,36,0.731
0.0,state-aware,37,0.74
0.0,state-aware,38,0.7355
0.0,state-aware,39,0.731
0.0,state-aware,40,0.75
0.0,state-aware,41,0.7335
0.0,state-aware,42,0.74
0.0,state-aware,43,0.7385
0.0,state-aware,44,0.744
0.0,state-aware,45,0.742
0.0,state-aware,46,0.725
0.0,state-aware,47,0.737
0.0,state-aware,48,0.724
0.0,state-aware,49,0.749
0.0,oracle,0,0.7375
0.0,oracle,1,0.7285
0.0,oracle,2,0.7495
0.0,oracle,3,0.7425
0.0,oracle,4,0.737
0.0,oracle,5,0.751
0.0,oracle,6,0.7315
0.0,oracle,7,0.745
0.0,oracle,8,0.7385
0.0,oracle,9,0.746
0.0,oracle,10,0.7435
0.0,oracle,11,0.748
0.0,oracle,12,0.7175
0.0,oracle,13,0.7565
0.0,oracle,14,0.7365
0.0,oracle,15,0.7295
0.0,oracle,16,0.7325
0.0,oracle,17,0.74
0.0,oracle,18,0.7545
0.0,oracle,19,0.763
0.0,oracle,20,0.753
0.0,oracle,21,0.7345
0.0,oracle,22,0.7375
0.0,oracle,23,0.743
0.0,oracle,24,0.749
0.0,oracle,25,0.7315
0.0,oracle,26,0.7405
0.0,oracle,27,0.7155
0.0,oracle,28,0.729
0.0,oracle,29,0.729
0.0,oracle,30,0.738
0.0,oracle,31,0.7385
0.0,oracle,32,0.741
0.0,oracle,33,0.728
0.0,oracle,34,0.753
0.0,oracle,35,0.734
0.0,oracle,36,0.722
0.0,oracle,37,0.7315
0.0,oracle,38,0.732
0.0,oracle,39,0.745
0.0,oracle,40,0.752
0.0,oracle,41,0.745
0.0,oracle,42,0.744
0.0,oracle,43,0.7475
0.0,oracle,44,0.751
0.0,oracle,45,0.7365
0.0,oracle,46,0.7235
0.0,oracle,47,0.731
0.0,oracle,48,0.713
0.0,oracle,49,0.751
0.5,random,0,0.665
0.5,random,1,0.6595
0.5,random,2,0.6855
0.5,random,3,0.663
0.5,random,4,0.6555
0.5,random,5,0.645
0.5,random,6,0.6585
0.5,random,7,0.6845
0.5,random,8,0.677
0.5,random,9,0.6875
0.5,random,10,0.6595
0.5,random,11,0.685
0.5,random,12,0.6525
0.5,random,13,0.664
0.5,random,14,0.6715
0.5,random,15,0.657
0.5,random,16,0.655
0.5,random,17,0.6645
0.5,random,18,0.6905
0.5,random,19,0.6785
0.5,random,20,0.665
0.5,random,21,0.669
0.5,random,22,0.6825
0.5,random,23,0.684
0.5,random,24,0.6565
0.5,random,25,0.6495
0.5,random,26,0.688
0.5,random,27,0.6545
0.5,random,28,0.67
0.5,random,29,0.657
0.5,random,30,0.6805
0.5,random,31,0.6585
0.5,random,32,0.664
0.5,random,33,0.67
0.5,random,34,0.671
0.5,random,35,0.6705
0.5,random,36,0.666
0.5,random,37,0.6635
0.5,random,38,0.6695
0.5,random,39,0.664
0.5,random,40,0.677
0.5,random,41,0.67
0.5,random,42,0.674
0.5,random,43,0.663
0.5,random,44,0.676
0.5,random,45,0.6745
0.5,random,46,0.6465
0.5,random,47,0.6705
0.5,random,48,0.658
0.5,random,49,0.68
0.5,round-robin,0,0.6665
0.5,round-robin,1,0.6745
0.5,round-robin,2,0.6785
0.5,round-robin,3,0.6515
0.5,round-robin,4,0.6555
0.5,round-robin,5,0.6545
0.5,round-robin,6,0.6525
0.5,round-robin,7,0.682
0.5,round-robin,8,0.675
0.5,round-robin,9,0.6685
0.5,round-robin,10,0.6555
0.5,round-robin,11,0.664
0.5,round-robin,12,0.6665
0.5,round-robin,13,0.6685
0.5,round-robin,14,0.6845
0.5,round-robin,15,0.658
0.5,round-robin,16,0.6455
0.5,round-robin,17,0.6785
0.5,round-robin,18,0.6825
0.5,round-robin,19,0.6965
0.5,round-robin,20,0.6815
0.5,round-robin,21,0.6755
0.5,round-robin,22,0.6565
0.5,round-robin,23,0.688
0.5,round-robin,24,0.6765
0.5,round-robin,25,0.657
0.5,round-robin,26,0.676
0.5,round-robin,27,0.665
0.5,round-robin,28,0.665
0.5,round-robin,29,0.657
0.5,round-robin,30,0.6985
0.5,round-robin,31,0.6665
0.5,round-robin,32,0.6715
0.5,round-robin,33,0.6625
0.5,round-robin,34,0.6825
0.5,round-robin,35,0.6875
0.5,round-robin,36,0.652
0.5,round-robin,37,0.647
0.5,round-robin,38,0.671
0.5,round-robin,39,0.6655
0.5,round-robin,40,0.671
0.5,round-robin,41,0.6575
0.5,round-robin,42,0.6685
0.5,round-robin,43,0.669
0.5,round-robin,44,0.6725
0.5,round-robin,45,0.683
0.5,round-robin,46,0.6485
0.5,round-robin,47,0.671
0.5,round-robin,48,0.6635
0.5,round-robin,49,0.6845
0.5,snr-greedy,0,0.729
0.5,snr-greedy,1,0.7265
0.5,snr-greedy,2,0.7375
0.5,snr-greedy,3,0.7155
0.5,snr-greedy,4,0.7265
0.5,snr-greedy,5,0.741
0.5,snr-greedy,6,0.716
0.5,snr-greedy,7,0.711
0.5,snr-greedy,8,0.7355
0.5,snr-greedy,9,0.7325
0.5,snr-greedy,10,0.728
0.5,snr-greedy,11,0.7355
0.5,snr-greedy,12,0.714
0.5,snr-greedy,13,0.734
0.5,snr-greedy,14,0.7205
0.5,snr-greedy,15,0.7105
0.5,snr-greedy,16,0.7085
0.5,snr-greedy,17,0.718
0.5,snr-greedy,18,0.7435
0.5,snr-greedy,19,0.7305
0.5,snr-greedy,20,0.7155
0.5,snr-greedy,21,0.7295
0.5,snr-greedy,22,0.7265
0.5,snr-greedy,23,0.74
0.5,snr-greedy,24,0.728
0.5,snr-greedy,25,0.7135
0.5,snr-greedy,26,0.732
0.5,snr-greedy,27,0.7205
0.5,snr-greedy,28,0.7275
0.5,snr-greedy,29,0.7085
0.5,snr-greedy,30,0.7335
0.5,snr-greedy,31,0.7125
0.5,snr-greedy,32,0.7085
0.5,snr-greedy,33,0.7185
0.5,snr-greedy,34,0.729
0.5,snr-greedy,35,0.722
0.5,snr-greedy,36,0.7145
0.5,snr-greedy,37,0.73
0.5,snr-greedy,38,0.729
0.5,snr-greedy,39,0.729
0.5,snr-greedy,40,0.727
0.5,snr-greedy,41,0.723
0.5,snr-greedy,42,0.733
0.5,snr-greedy,43,0.724
0.5,snr-greedy,44,0.735
0.5,snr-greedy,45,0.721
0.5,snr-greedy,46,0.714
0.5,snr-greedy,47,0.733
0.5,snr-greedy,48,0.714
0.5,snr-greedy,49,0.7345
0.5,ewma,0,0.661
0.5,ewma,1,0.673
0.5,ewma,2,0.6845
0.5,ewma,3,0.6805
0.5,ewma,4,0.6755
0.5,ewma,5,0.675
0.5,ewma,6,0.67
0.5,ewma,7,0.6775
0.5,ewma,8,0.697
0.5,ewma,9,0.694
0.5,ewma,10,0.679
0.5,ewma,11,0.67
0.5,ewma,12,0.673
0.5,ewma,13,0.6795
0.5,ewma,14,0.6925
0.5,ewma,15,0.6805
0.5,ewma,16,0.668
0.5,ewma,17,0.6865
0.5,ewma,18,0.698
0.5,ewma,19,0.706
0.5,ewma,20,0.673
0.5,ewma,21,0.6775
0.5,ewma,22,0.6735
0.5,ewma,23,0.6825
0.5,ewma,24,0.6785
0.5,ewma,25,0.6585
0.5,ewma,26,0.7055
0.5,ewma,27,0.6515
0.5,ewma,28,0.648
0.5,ewma,29,0.6725
0.5,ewma,30,0.681
0.5,ewma,31,0.672
0.5,ewma,32,0.6835
0.5,ewma,33,0.6665
0.5,ewma,34,0.685
0.5,ewma,35,0.6845
0.5,ewma,36,0.68
0.5,ewma,37,0.6735
0.5,ewma,38,0.6825
0.5,ewma,39,0.682
0.5,ewma,40,0.689
0.5,ewma,41,0.6765
0.5,ewma,42,0.6725
0.5,ewma,43,0.68
0.5,ewma,44,0.6935
0.5,ewma,45,0.6815
0.5,ewma,46,0.6525
0.5,ewma,47,0.667
0.5,ewma,48,0.6585
0.5,ewma,49,0.7025
0.5,belief-only,0,0.7305
0.5,belief-only,1,0.7255
0.5,belief-only,2,0.7395
0.5,belief-only,3,0.722
0.5,belief-only,4,0.7335
0.5,belief-only,5,0.7435
0.5,belief-only,6,0.729
0.5,belief-only,7,0.7225
0.5,belief-only,8,0.741
0.5,belief-only,9,0.7435
0.5,belief-only,10,0.738
0.5,belief-only,11,0.7385
0.5,belief-only,12,0.7135
0.5,belief-only,13,0.7345
0.5,belief-only,14,0.726
0.5,belief-only,15,0.715
0.5,belief-only,16,0.7125
0.5,belief-only,17,0.7235
0.5,belief-only,18,0.7445
0.5,belief-only,19,0.735
0.5,belief-only,20,0.718
0.5,belief-only,21,0.7255
0.5,belief-only,22,0.734
0.5,belief-only,23,0.742
0.5,belief-only,24,0.739
0.5,belief-only,25,0.7115
0.5,belief-only,26,0.728
0.5,belief-only,27,0.719
0.5,belief-only,28,0.7315
0.5,belief-only,29,0.7105
0.5,belief-only,30,0.7325
0.5,belief-only,31,0.711
0.5,belief-only,32,0.7145
0.5,belief-only,33,0.7185
0.5,belief-only,34,0.734
0.5,belief-only,35,0.735
0.5,belief-only,36,0.719
0.5,belief-only,37,0.7335
0.5,belief-only,38,0.732
0.5,belief-only,39,0.729
0.5,belief-only,40,0.746
0.5,belief-only,41,0.7245
0.5,belief-only,42,0.733
0.5,belief-only,43,0.733
0.5,belief-only,44,0.734
0.5,belief-only,45,0.723
0.5,belief-only,46,0.718
0.5,belief-only,47,0.737
0.5,belief-only,48,0.7145
0.5,belief-only,49,0.7365
0.5,state-aware,0,0.7305
0.5,state-aware,1,0.7255
0.5,state-aware,2,0.7395
0.5,state-aware,3,0.722
0.5,state-aware,4,0.7335
0.5,state-aware,5,0.7435
0.5,state-aware,6,0.729
0.5,state-aware,7,0.7225
0.5,state-aware,8,0.741
0.5,state-aware,9,0.7435
0.5,state-aware,10,0.738
0.5,state-aware,11,0.7385
0.5,state-aware,12,0.7135
0.5,state-aware,13,0.7345
0.5,state-aware,14,0.726
0.5,state-aware,15,0.715
0.5,state-aware,16,0.7125
0.5,state-aware,17,0.7235
0.5,state-aware,18,0.7445
0.5,state-aware,19,0.735
0.5,state-aware,20,0.718
0.5,state-aware,21,0.7255
0.5,state-aware,22,0.734
0.5,state-aware,23,0.742
0.5,state-aware,24,0.739
0.5,state-aware,25,0.7115
0.5,state-aware,26,0.728
0.5,state-aware,27,0.719
0.5,state-aware,28,0.7315
0.5,state-aware,29,0.7105
0.5,state-aware,30,0.7325
0.5,state-aware,31,0.711
0.5,state-aware,32,0.7145
0.5,state-aware,33,0.7185
0.5,state-aware,34,0.734
0.5,state-aware,35,0.735
0.5,state-aware,36,0.719
0.5,state-aware,37,0.7335
0.5,state-aware,38,0.732
0.5,state-aware,39,0.729
0.5,state-aware,40,0.746
0.5,state-aware,41,0.7245
0.5,state-aware,42,0.733
0.5,state-aware,43,0.733
0.5,state-aware,44,0.734
0.5,state-aware,45,0.723
0.5,state-aware,46,0.718
0.5,state-aware,47,0.737
0.5,state-aware,48,0.7145
0.5,state-aware,49,0.7365
0.5,oracle,0,0.7395
0.5,oracle,1,0.7445
0.5,oracle,2,0.7395
0.5,oracle,3,0.7335
0.5,oracle,4,0.7395
0.5,oracle,5,0.7505
0.5,oracle,6,0.7345
0.5,oracle,7,0.737
0.5,oracle,8,0.751
0.5,oracle,9,0.7475
0.5,oracle,10,0.744
0.5,oracle,11,0.7335
0.5,oracle,12,0.735
0.5,oracle,13,0.729
0.5,oracle,14,0.7375
0.5,oracle,15,0.725
0.5,oracle,16,0.72
0.5,oracle,17,0.74
0.5,oracle,18,0.748
0.5,oracle,19,0.7405
0.5,oracle,20,0.731
0.5,oracle,21,0.743
0.5,oracle,22,0.737
0.5,oracle,23,0.7515
0.5,oracle,24,0.7265
0.5,oracle,25,0.7175
0.5,oracle,26,0.7325
0.5,oracle,27,0.729
0.5,oracle,28,0.722
0.5,oracle,29,0.738
0.5,oracle,30,0.7445
0.5,oracle,31,0.717
0.5,oracle,32,0.729
0.5,oracle,33,0.72
0.5,oracle,34,0.738
0.5,oracle,35,0.7455
0.5,oracle,36,0.7405
0.5,oracle,37,0.744
0.5,oracle,38,0.739
0.5,oracle,39,0.7415
0.5,oracle,40,0.744
0.5,oracle,41,0.7365
0.5,oracle,42,0.739
0.5,oracle,43,0.7325
0.5,oracle,44,0.744
0.5,oracle,45,0.74
0.5,oracle,46,0.7235
0.5,oracle,47,0.741
0.5,oracle,48,0.7325
0.5,oracle,49,0.745
1.0,random,0,0.653
1.0,random,1,0.649
1.0,random,2,0.673
1.0,random,3,0.653
1.0,random,4,0.646
1.0,random,5,0.637
1.0,random,6,0.652
1.0,random,7,0.6755
1.0,random,8,0.6655
1.0,random,9,0.682
1.0,random,10,0.6465
1.0,random,11,0.6695
1.0,random,12,0.641
1.0,random,13,0.654
1.0,random,14,0.6625
1.0,random,15,0.6525
1.0,random,16,0.6475
1.0,random,17,0.656
1.0,random,18,0.685
1.0,random,19,0.669
1.0,random,20,0.6555
1.0,random,21,0.6565
1.0,random,22,0.6755
1.0,random,23,0.673
1.0,random,24,0.645
1.0,random,25,0.6415
1.0,random,26,0.677
1.0,random,27,0.6455
1.0,random,28,0.659
1.0,random,29,0.646
1.0,random,30,0.6735
1.0,random,31,0.6475
1.0,random,32,0.6565
1.0,random,33,0.663
1.0,random,34,0.6635
1.0,random,35,0.662
1.0,random,36,0.657
1.0,random,37,0.651
1.0,random,38,0.657
1.0,random,39,0.654
1.0,random,40,0.666
1.0,random,41,0.659
1.0,random,42,0.663
1.0,random,43,0.6505
1.0,random,44,0.6685
1.0,random,45,0.667
1.0,random,46,0.636
1.0,random,47,0.663
1.0,random,48,0.648
1.0,random,49,0.67
1.0,round-robin,0,0.655
1.0,round-robin,1,0.663
1.0,round-robin,2,0.6685
1.0,round-robin,3,0.643
1.0,round-robin,4,0.648
1.0,round-robin,5,0.6445
1.0,round-robin,6,0.644
1.0,round-robin,7,0.673
1.0,round-robin,8,0.666
1.0,round-robin,9,0.661
1.0,round-robin,10,0.6435
1.0,round-robin,11,0.653
1.0,round-robin,12,0.6555
1.0,round-robin,13,0.6635
1.0,round-robin,14,0.6745
1.0,round-robin,15,0.6535
1.0,round-robin,16,0.636
1.0,round-robin,17,0.666
1.0,round-robin,18,0.6735
1.0,round-robin,19,0.687
1.0,round-robin,20,0.669
1.0,round-robin,21,0.6605
1.0,round-robin,22,0.649
1.0,round-robin,23,0.679
1.0,round-robin,24,0.663
1.0,round-robin,25,0.6475
1.0,round-robin,26,0.6625
1.0,round-robin,27,0.654
1.0,round-robin,28,0.6535
1.0,round-robin,29,0.642
1.0,round-robin,30,0.6895
1.0,round-robin,31,0.655
1.0,round-robin,32,0.663
1.0,round-robin,33,0.6535
1.0,round-robin,34,0.674
1.0,round-robin,35,0.6765
1.0,round-robin,36,0.6425
1.0,round-robin,37,0.637
1.0,round-robin,38,0.6605
1.0,round-robin,39,0.657
1.0,round-robin,40,0.6605
1.0,round-robin,41,0.6465
1.0,round-robin,42,0.657
1.0,round-robin,43,0.659
1.0,round-robin,44,0.666
1.0,round-robin,45,0.6765
1.0,round-robin,46,0.639
1.0,round-robin,47,0.6635
1.0,round-robin,48,0.656
1.0,round-robin,49,0.6765
1.0,snr-greedy,0,0.7165
1.0,snr-greedy,1,0.7205
1.0,snr-greedy,2,0.731
1.0,snr-greedy,3,0.7095
1.0,snr-greedy,4,0.7205
1.0,snr-greedy,5,0.7345
1.0,snr-greedy,6,0.7105
1.0,snr-greedy,7,0.7105
1.0,snr-greedy,8,0.7355
1.0,snr-greedy,9,0.728
1.0,snr-greedy,10,0.7235
1.0,snr-greedy,11,0.7265
1.0,snr-greedy,12,0.709
1.0,snr-greedy,13,0.7295
1.0,snr-greedy,14,0.7145
1.0,snr-greedy,15,0.704
1.0,snr-greedy,16,0.7035
1.0,snr-greedy,17,0.725
1.0,snr-greedy,18,0.7335
1.0,snr-greedy,19,0.723
1.0,snr-greedy,20,0.7125
1.0,snr-greedy,21,0.715
1.0,snr-greedy,22,0.718
1.0,snr-greedy,23,0.737
1.0,snr-greedy,24,0.721
1.0,snr-greedy,25,0.7085
1.0,snr-greedy,26,0.726
1.0,snr-greedy,27,0.716
1.0,snr-greedy,28,0.7205
1.0,snr-greedy,29,0.695
1.0,snr-greedy,30,0.734
1.0,snr-greedy,31,0.7045
1.0,snr-greedy,32,0.7025
1.0,snr-greedy,33,0.705
1.0,snr-greedy,34,0.724
1.0,snr-greedy,35,0.719
1.0,snr-greedy,36,0.718
1.0,snr-greedy,37,0.722
1.0,snr-greedy,38,0.726
1.0,snr-greedy,39,0.7225
1.0,snr-greedy,40,0.722
1.0,snr-greedy,41,0.715
1.0,snr-greedy,42,0.7255
1.0,snr-greedy,43,0.7165
1.0,snr-greedy,44,0.732
1.0,snr-greedy,45,0.7225
1.0,snr-greedy,46,0.706
1.0,snr-greedy,47,0.7335
1.0,snr-greedy,48,0.7085
1.0,snr-greedy,49,0.732
1.0,ewma,0,0.642
1.0,ewma,1,0.6735
1.0,ewma,2,0.672
1.0,ewma,3,0.669
1.0,ewma,4,0.6655
1.0,ewma,5,0.6775
1.0,ewma,6,0.655
1.0,ewma,7,0.6575
1.0,ewma,8,0.6935
1.0,ewma,9,0.6885
1.0,ewma,10,0.675
1.0,ewma,11,0.673
1.0,ewma,12,0.6705
1.0,ewma,13,0.664
1.0,ewma,14,0.6895
1.0,ewma,15,0.675
1.0,ewma,16,0.662
1.0,ewma,17,0.676
1.0,ewma,18,0.6965
1.0,ewma,19,0.7015
1.0,ewma,20,0.661
1.0,ewma,21,0.668
1.0,ewma,22,0.667
1.0,ewma,23,0.6815
1.0,ewma,24,0.6715
1.0,ewma,25,0.649
1.0,ewma,26,0.7025
1.0,ewma,27,0.6565
1.0,ewma,28,0.633
1.0,ewma,29,0.6635
1.0,ewma,30,0.674
1.0,ewma,31,0.655
1.0,ewma,32,0.678
1.0,ewma,33,0.6615
1.0,ewma,34,0.676
1.0,ewma,35,0.687
1.0,ewma,36,0.673
1.0,ewma,37,0.6565
1.0,ewma,38,0.6795
1.0,ewma,39,0.6765
1.0,ewma,40,0.6865
1.0,ewma,41,0.671
1.0,ewma,42,0.659
1.0,ewma,43,0.6735
1.0,ewma,44,0.6885
1.0,ewma,45,0.679
1.0,ewma,46,0.6445
1.0,ewma,47,0.6655
1.0,ewma,48,0.6555
1.0,ewma,49,0.6955
1.0,belief-only,0,0.7245
1.0,belief-only,1,0.717
1.0,belief-only,2,0.734
1.0,belief-only,3,0.7105
1.0,belief-only,4,0.7245
1.0,belief-only,5,0.732
1.0,belief-only,6,0.7225
1.0,belief-only,7,0.714
1.0,belief-only,8,0.735
1.0,belief-only,9,0.7365
1.0,belief-only,10,0.731
1.0,belief-only,11,0.724
1.0,belief-only,12,0.7095
1.0,belief-only,13,0.731
1.0,belief-only,14,0.7155
1.0,belief-only,15,0.7065
1.0,belief-only,16,0.7065
1.0,belief-only,17,0.7295
1.0,belief-only,18,0.7395
1.0,belief-only,19,0.7325
1.0,belief-only,20,0.71
1.0,belief-only,21,0.7115
1.0,belief-only,22,0.7275
1.0,belief-only,23,0.7395
1.0,belief-only,24,0.7275
1.0,belief-only,25,0.7045
1.0,belief-only,26,0.7245
1.0,belief-only,27,0.714
1.0,belief-only,28,0.7225
1.0,belief-only,29,0.698
1.0,belief-only,30,0.7335
1.0,belief-only,31,0.7075
1.0,belief-only,32,0.704
1.0,belief-only,33,0.706
1.0,belief-only,34,0.7275
1.0,belief-only,35,0.7285
1.0,belief-only,36,0.719
1.0,belief-only,37,0.7305
1.0,belief-only,38,0.7285
1.0,belief-only,39,0.7255
1.0,belief-only,40,0.732
1.0,belief-only,41,0.717
1.0,belief-only,42,0.7275
1.0,belief-only,43,0.723
1.0,belief-only,44,0.729
1.0,belief-only,45,0.7285
1.0,belief-only,46,0.709
1.0,belief-only,47,0.7305
1.0,belief-only,48,0.709
1.0,belief-only,49,0.739
1.0,state-aware,0,0.7245
1.0,state-aware,1,0.717
1.0,state-aware,2,0.734
1.0,state-aware,3,0.7105
1.0,state-aware,4,0.7245
1.0,state-aware,5,0.732
1.0,state-aware,6,0.7225
1.0,state-aware,7,0.714
1.0,state-aware,8,0.735
1.0,state-aware,9,0.7365
1.0,state-aware,10,0.731
1.0,state-aware,11,0.724
1.0,state-aware,12,0.7095
1.0,state-aware,13,0.731
1.0,state-aware,14,0.7155
1.0,state-aware,15,0.7065
1.0,state-aware,16,0.7065
1.0,state-aware,17,0.7295
1.0,state-aware,18,0.7395
1.0,state-aware,19,0.7325
1.0,state-aware,20,0.71
1.0,state-aware,21,0.7115
1.0,state-aware,22,0.7275
1.0,state-aware,23,0.7395
1.0,state-aware,24,0.7275
1.0,state-aware,25,0.7045
1.0,state-aware,26,0.7245
1.0,state-aware,27,0.714
1.0,state-aware,28,0.7225
1.0,state-aware,29,0.698
1.0,state-aware,30,0.7335
1.0,state-aware,31,0.7075
1.0,state-aware,32,0.704
1.0,state-aware,33,0.706
1.0,state-aware,34,0.7275
1.0,state-aware,35,0.7285
1.0,state-aware,36,0.719
1.0,state-aware,37,0.7305
1.0,state-aware,38,0.7285
1.0,state-aware,39,0.7255
1.0,state-aware,40,0.732
1.0,state-aware,41,0.717
1.0,state-aware,42,0.7275
1.0,state-aware,43,0.723
1.0,state-aware,44,0.729
1.0,state-aware,45,0.7285
1.0,state-aware,46,0.709
1.0,state-aware,47,0.7305
1.0,state-aware,48,0.709
1.0,state-aware,49,0.739
1.0,oracle,0,0.733
1.0,oracle,1,0.7435
1.0,oracle,2,0.7355
1.0,oracle,3,0.7305
1.0,oracle,4,0.738
1.0,oracle,5,0.749
1.0,oracle,6,0.733
1.0,oracle,7,0.7365
1.0,oracle,8,0.749
1.0,oracle,9,0.7465
1.0,oracle,10,0.7415
1.0,oracle,11,0.7305
1.0,oracle,12,0.732
1.0,oracle,13,0.7265
1.0,oracle,14,0.735
1.0,oracle,15,0.7225
1.0,oracle,16,0.7175
1.0,oracle,17,0.739
1.0,oracle,18,0.7455
1.0,oracle,19,0.7385
1.0,oracle,20,0.7285
1.0,oracle,21,0.738
1.0,oracle,22,0.734
1.0,oracle,23,0.748
1.0,oracle,24,0.723
1.0,oracle,25,0.7145
1.0,oracle,26,0.7315
1.0,oracle,27,0.7265
1.0,oracle,28,0.7195
1.0,oracle,29,0.735
1.0,oracle,30,0.7425
1.0,oracle,31,0.716
1.0,oracle,32,0.7275
1.0,oracle,33,0.718
1.0,oracle,34,0.7355
1.0,oracle,35,0.744
1.0,oracle,36,0.738
1.0,oracle,37,0.7415
1.0,oracle,38,0.7375
1.0,oracle,39,0.7395
1.0,oracle,40,0.7425
1.0,oracle,41,0.734
1.0,oracle,42,0.735
1.0,oracle,43,0.7295
1.0,oracle,44,0.7415
1.0,oracle,45,0.7375
1.0,oracle,46,0.7195
1.0,oracle,47,0.74
1.0,oracle,48,0.7315
1.0,oracle,49,0.7445
1.5,random,0,0.642
1.5,random,1,0.6375
1.5,random,2,0.6635
1.5,random,3,0.645
1.5,random,4,0.6385
1.5,random,5,0.625
1.5,random,6,0.6415
1.5,random,7,0.664
1.5,random,8,0.657
1.5,random,9,0.6685
1.5,random,10,0.6365
1.5,random,11,0.659
1.5,random,12,0.6305
1.5,random,13,0.644
1.5,random,14,0.655
1.5,random,15,0.6425
1.5,random,16,0.635
1.5,random,17,0.6485
1.5,random,18,0.6735
1.5,random,19,0.66
1.5,random,20,0.643
1.5,random,21,0.6455
1.5,random,22,0.665
1.5,random,23,0.6655
1.5,random,24,0.633
1.5,random,25,0.6325
1.5,random,26,0.6685
1.5,random,27,0.6355
1.5,random,28,0.6495
1.5,random,29,0.6375
1.5,random,30,0.66
1.5,random,31,0.635
1.5,random,32,0.6495
1.5,random,33,0.6535
1.5,random,34,0.6505
1.5,random,35,0.6525
1.5,random,36,0.643
1.5,random,37,0.639
1.5,random,38,0.649
1.5,random,39,0.6445
1.5,random,40,0.6545
1.5,random,41,0.6475
1.5,random,42,0.6565
1.5,random,43,0.64
1.5,random,44,0.661
1.5,random,45,0.6565
1.5,random,46,0.627
1.5,random,47,0.6545
1.5,random,48,0.639
1.5,random,49,0.657
1.5,round-robin,0,0.6455
1.5,round-robin,1,0.6545
1.5,round-robin,2,0.6585
1.5,round-robin,3,0.632
1.5,round-robin,4,0.64
1.5,round-robin,5,0.633
1.5,round-robin,6,0.634
1.5,round-robin,7,0.6625
1.5,round-robin,8,0.657
1.5,round-robin,9,0.6485
1.5,round-robin,10,0.6325
1.5,round-robin,11,0.6425
1.5,round-robin,12,0.6435
1.5,round-robin,13,0.6535
1.5,round-robin,14,0.664
1.5,round-robin,15,0.6405
1.5,round-robin,16,0.628
1.5,round-robin,17,0.657
1.5,round-robin,18,0.662
1.5,round-robin,19,0.6805
1.5,round-robin,20,0.6595
1.5,round-robin,21,0.653
1.5,round-robin,22,0.641
1.5,round-robin,23,0.6725
1.5,round-robin,24,0.6535
1.5,round-robin,25,0.639
1.5,round-robin,26,0.6535
1.5,round-robin,27,0.644
1.5,round-robin,28,0.6395
1.5,round-robin,29,0.6345
1.5,round-robin,30,0.6755
1.5,round-robin,31,0.6415
1.5,round-robin,32,0.654
1.5,round-robin,33,0.643
1.5,round-robin,34,0.66
1.5,round-robin,35,0.6675
1.5,round-robin,36,0.6305
1.5,round-robin,37,0.6235
1.5,round-robin,38,0.652
1.5,round-robin,39,0.6495
1.5,round-robin,40,0.6505
1.5,round-robin,41,0.636
1.5,round-robin,42,0.6505
1.5,round-robin,43,0.648
1.5,round-robin,44,0.66
1.5,round-robin,45,0.666
1.5,round-robin,46,0.6265
1.5,round-robin,47,0.6565
1.5,round-robin,48,0.6465
1.5,round-robin,49,0.6655
1.5,snr-greedy,0,0.7165
1.5,snr-greedy,1,0.7205
1.5,snr-greedy,2,0.7235
1.5,snr-greedy,3,0.7095
1.5,snr-greedy,4,0.7145
1.5,snr-greedy,5,0.731
1.5,snr-greedy,6,0.703
1.5,snr-greedy,7,0.707
1.5,snr-greedy,8,0.73
1.5,snr-greedy,9,0.721
1.5,snr-greedy,10,0.718
1.5,snr-greedy,11,0.7225
1.5,snr-greedy,12,0.706
1.5,snr-greedy,13,0.721
1.5,snr-greedy,14,0.7195
1.5,snr-greedy,15,0.706
1.5,snr-greedy,16,0.699
1.5,snr-greedy,17,0.718
1.5,snr-greedy,18,0.73
1.5,snr-greedy,19,0.7215
1.5,snr-greedy,20,0.7105
1.5,snr-greedy,21,0.713
1.5,snr-greedy,22,0.7095
1.5,snr-greedy,23,0.7345
1.5,snr-greedy,24,0.718
1.5,snr-greedy,25,0.704
1.5,snr-greedy,26,0.722
1.5,snr-greedy,27,0.7125
1.5,snr-greedy,28,0.7075
1.5,snr-greedy,29,0.7015
1.5,snr-greedy,30,0.729
1.5,snr-greedy,31,0.701
1.5,snr-greedy,32,0.7035
1.5,snr-greedy,33,0.697
1.5,snr-greedy,34,0.7215
1.5,snr-greedy,35,0.721
1.5,snr-greedy,36,0.7145
1.5,snr-greedy,37,0.7155
1.5,snr-greedy,38,0.723
1.5,snr-greedy,39,0.72
1.5,snr-greedy,40,0.7205
1.5,snr-greedy,41,0.712
1.5,snr-greedy,42,0.7245
1.5,snr-greedy,43,0.723
1.5,snr-greedy,44,0.724
1.5,snr-greedy,45,0.715
1.5,snr-greedy,46,0.698
1.5,snr-greedy,47,0.7285
1.5,snr-greedy,48,0.702
1.5,snr-greedy,49,0.7255
1.5,ewma,0,0.642
1.5,ewma,1,0.6745
1.5,ewma,2,0.6655
1.5,ewma,3,0.656
1.5,ewma,4,0.653
1.5,ewma,5,0.6745
1.5,ewma,6,0.6445
1.5,ewma,7,0.652
1.5,ewma,8,0.687
1.5,ewma,9,0.685
1.5,ewma,10,0.671
1.5,ewma,11,0.662
1.5,ewma,12,0.671
1.5,ewma,13,0.663
1.5,ewma,14,0.6795
1.5,ewma,15,0.6675
1.5,ewma,16,0.654
1.5,ewma,17,0.6645
1.5,ewma,18,0.691
1.5,ewma,19,0.683
1.5,ewma,20,0.647
1.5,ewma,21,0.6575
1.5,ewma,22,0.6585
1.5,ewma,23,0.678
1.5,ewma,24,0.663
1.5,ewma,25,0.6365
1.5,ewma,26,0.699
1.5,ewma,27,0.653
1.5,ewma,28,0.6265
1.5,ewma,29,0.658
1.5,ewma,30,0.67
1.5,ewma,31,0.6435
1.5,ewma,32,0.6685
1.5,ewma,33,0.657
1.5,ewma,34,0.672
1.5,ewma,35,0.6685
1.5,ewma,36,0.6665
1.5,ewma,37,0.655
1.5,ewma,38,0.6775
1.5,ewma,39,0.677
1.5,ewma,40,0.688
1.5,ewma,41,0.671
1.5,ewma,42,0.654
1.5,ewma,43,0.6635
1.5,ewma,44,0.685
1.5,ewma,45,0.6795
1.5,ewma,46,0.6375
1.5,ewma,47,0.661
1.5,ewma,48,0.6575
1.5,ewma,49,0.692
1.5,belief-only,0,0.717
1.5,belief-only,1,0.716
1.5,belief-only,2,0.725
1.5,belief-only,3,0.7095
1.5,belief-only,4,0.719
1.5,belief-only,5,0.73
1.5,belief-only,6,0.715
1.5,belief-only,7,0.711
1.5,belief-only,8,0.734
1.5,belief-only,9,0.727
1.5,belief-only,10,0.718
1.5,belief-only,11,0.722
1.5,belief-only,12,0.707
1.5,belief-only,13,0.721
1.5,belief-only,14,0.723
1.5,belief-only,15,0.705
1.5,belief-only,16,0.696
1.5,belief-only,17,0.7215
1.5,belief-only,18,0.728
1.5,belief-only,19,0.728
1.5,belief-only,20,0.7115
1.5,belief-only,21,0.713
1.5,belief-only,22,0.7185
1.5,belief-only,23,0.7355
1.5,belief-only,24,0.7185
1.5,belief-only,25,0.702
1.5,belief-only,26,0.7205
1.5,belief-only,27,0.707
1.5,belief-only,28,0.7135
1.5,belief-only,29,0.706
1.5,belief-only,30,0.727
1.5,belief-only,31,0.7025
1.5,belief-only,32,0.7055
1.5,belief-only,33,0.7035
1.5,belief-only,34,0.723
1.5,belief-only,35,0.727
1.5,belief-only,36,0.72
1.5,belief-only,37,0.7225
1.5,belief-only,38,0.726
1.5,belief-only,39,0.7165
1.5,belief-only,40,0.728
1.5,belief-only,41,0.713
1.5,belief-only,42,0.722
1.5,belief-only,43,0.729
1.5,belief-only,44,0.723
1.5,belief-only,45,0.72
1.5,belief-only,46,0.702
1.5,belief-only,47,0.7255
1.5,belief-only,48,0.705
1.5,belief-only,49,0.7325
1.5,state-aware,0,0.717
1.5,state-aware,1,0.716
1.5,state-aware,2,0.725
1.5,state-aware,3,0.7095
1.5,state-aware,4,0.719
1.5,state-aware,5,0.73
1.5,state-aware,6,0.715
1.5,state-aware,7,0.711
1.5,state-aware,8,0.734
1.5,state-aware,9,0.727
1.5,state-aware,10,0.718
1.5,state-aware,11,0.722
1.5,state-aware,12,0.707
1.5,state-aware,13,0.721
1.5,state-aware,14,0.723
1.5,state-aware,15,0.705
1.5,state-aware,16,0.696
1.5,state-aware,17,0.7215
1.5,state-aware,18,0.728
1.5,state-aware,19,0.728
1.5,state-aware,20,0.7115
1.5,state-aware,21,0.713
1.5,state-aware,22,0.7185
1.5,state-aware,23,0.7355
1.5,state-aware,24,0.7185
1.5,state-aware,25,0.702
1.5,state-aware,26,0.7205
1.5,state-aware,27,0.707
1.5,state-aware,28,0.7135
1.5,state-aware,29,0.706
1.5,state-aware,30,0.727
1.5,state-aware,31,0.7025
1.5,state-aware,32,0.7055
1.5,state-aware,33,0.7035
1.5,state-aware,34,0.723
1.5,state-aware,35,0.727
1.5,state-aware,36,0.72
1.5,state-aware,37,0.7225
1.5,state-aware,38,0.726
1.5,state-aware,39,0.7165
1.5,state-aware,40,0.728
1.5,state-aware,41,0.713
1.5,state-aware,42,0.722
1.5,state-aware,43,0.729
1.5,state-aware,44,0.723
1.5,state-aware,45,0.72
1.5,state-aware,46,0.702
1.5,state-aware,47,0.7255
1.5,state-aware,48,0.705
1.5,state-aware,49,0.7325
1.5,oracle,0,0.73
1.5,oracle,1,0.7435
1.5,oracle,2,0.7335
1.5,oracle,3,0.7285
1.5,oracle,4,0.7345
1.5,oracle,5,0.746
1.5,oracle,6,0.73
1.5,oracle,7,0.7345
1.5,oracle,8,0.747
1.5,oracle,9,0.7435
1.5,oracle,10,0.7375
1.5,oracle,11,0.729
1.5,oracle,12,0.7295
1.5,oracle,13,0.7235
1.5,oracle,14,0.733
1.5,oracle,15,0.72
1.5,oracle,16,0.716
1.5,oracle,17,0.734
1.5,oracle,18,0.7425
1.5,oracle,19,0.736
1.5,oracle,20,0.7275
1.5,oracle,21,0.7345
1.5,oracle,22,0.732
1.5,oracle,23,0.747
1.5,oracle,24,0.7195
1.5,oracle,25,0.7135
1.5,oracle,26,0.73
1.5,oracle,27,0.725
1.5,oracle,28,0.7155
1.5,oracle,29,0.733
1.5,oracle,30,0.741
1.5,oracle,31,0.712
1.5,oracle,32,0.7255
1.5,oracle,33,0.715
1.5,oracle,34,0.734
1.5,oracle,35,0.7415
1.5,oracle,36,0.7355
1.5,oracle,37,0.7375
1.5,oracle,38,0.737
1.5,oracle,39,0.7375
1.5,oracle,40,0.7415
1.5,oracle,41,0.733
1.5,oracle,42,0.732
1.5,oracle,43,0.7295
1.5,oracle,44,0.739
1.5,oracle,45,0.7355
1.5,oracle,46,0.716
1.5,oracle,47,0.7385
1.5,oracle,48,0.7275
1.5,oracle,49,0.743
2.0,random,0,0.6335
2.0,random,1,0.6235
2.0,random,2,0.652
2.0,random,3,0.6345
2.0,random,4,0.6285
2.0,random,5,0.615
2.0,random,6,0.6305
2.0,random,7,0.656
2.0,random,8,0.649
2.0,random,9,0.659
2.0,random,10,0.6245
2.0,random,11,0.649
2.0,random,12,0.618
2.0,random,13,0.6345
2.0,random,14,0.6445
2.0,random,15,0.6315
2.0,random,16,0.6215
2.0,random,17,0.6385
2.0,random,18,0.6655
2.0,random,19,0.6475
2.0,random,20,0.6335
2.0,random,21,0.636
2.0,random,22,0.6515
2.0,random,23,0.654
2.0,random,24,0.6255
2.0,random,25,0.6235
2.0,random,26,0.661
2.0,random,27,0.6275
2.0,random,28,0.639
2.0,random,29,0.6285
2.0,random,30,0.651
2.0,random,31,0.624
2.0,random,32,0.64
2.0,random,33,0.644
2.0,random,34,0.638
2.0,random,35,0.6365
2.0,random,36,0.633
2.0,random,37,0.6305
2.0,random,38,0.636
2.0,random,39,0.6325
2.0,random,40,0.647
2.0,random,41,0.6365
2.0,random,42,0.646
2.0,random,43,0.627
2.0,random,44,0.6475
2.0,random,45,0.6475
2.0,random,46,0.616
2.0,random,47,0.643
2.0,random,48,0.6275
2.0,random,49,0.645
2.0,round-robin,0,0.6345
2.0,round-robin,1,0.6425
2.0,round-robin,2,0.6445
2.0,round-robin,3,0.6215
2.0,round-robin,4,0.63
2.0,round-robin,5,0.623
2.0,round-robin,6,0.6275
2.0,round-robin,7,0.653
2.0,round-robin,8,0.647
2.0,round-robin,9,0.6415
2.0,round-robin,10,0.6235
2.0,round-robin,11,0.633
2.0,round-robin,12,0.633
2.0,round-robin,13,0.6395
2.0,round-robin,14,0.652
2.0,round-robin,15,0.6295
2.0,round-robin,16,0.6205
2.0,round-robin,17,0.648
2.0,round-robin,18,0.651
2.0,round-robin,19,0.67
2.0,round-robin,20,0.652
2.0,round-robin,21,0.639
2.0,round-robin,22,0.6295
2.0,round-robin,23,0.663
2.0,round-robin,24,0.6435
2.0,round-robin,25,0.629
2.0,round-robin,26,0.647
2.0,round-robin,27,0.631
2.0,round-robin,28,0.633
2.0,round-robin,29,0.624
2.0,round-robin,30,0.6645
2.0,round-robin,31,0.6325
2.0,round-robin,32,0.647
2.0,round-robin,33,0.635
2.0,round-robin,34,0.6485
2.0,round-robin,35,0.6575
2.0,round-robin,36,0.6205
2.0,round-robin,37,0.6135
2.0,round-robin,38,0.644
2.0,round-robin,39,0.6415
2.0,round-robin,40,0.6425
2.0,round-robin,41,0.627
2.0,round-robin,42,0.6375
2.0,round-robin,43,0.637
2.0,round-robin,44,0.647
2.0,round-robin,45,0.653
2.0,round-robin,46,0.619
2.0,round-robin,47,0.646
2.0,round-robin,48,0.6345
2.0,round-robin,49,0.653
2.0,snr-greedy,0,0.714
2.0,snr-greedy,1,0.71
2.0,snr-greedy,2,0.716
2.0,snr-greedy,3,0.711
2.0,snr-greedy,4,0.718
2.0,snr-greedy,5,0.7285
2.0,snr-greedy,6,0.7025
2.0,snr-greedy,7,0.6985
2.0,snr-greedy,8,0.728
2.0,snr-greedy,9,0.7235
2.0,snr-greedy,10,0.7125
2.0,snr-greedy,11,0.7145
2.0,snr-greedy,12,0.7065
2.0,snr-greedy,13,0.7165
2.0,snr-greedy,14,0.7145
2.0,snr-greedy,15,0.7005
2.0,snr-greedy,16,0.694
2.0,snr-greedy,17,0.7135
2.0,snr-greedy,18,0.718
2.0,snr-greedy,19,0.718
2.0,snr-greedy,20,0.704
2.0,snr-greedy,21,0.706
2.0,snr-greedy,22,0.7035
2.0,snr-greedy,23,0.7295
2.0,snr-greedy,24,0.71
2.0,snr-greedy,25,0.6955
2.0,snr-greedy,26,0.7225
2.0,snr-greedy,27,0.708
2.0,snr-greedy,28,0.703
2.0,snr-greedy,29,0.6995
2.0,snr-greedy,30,0.7255
2.0,snr-greedy,31,0.694
2.0,snr-greedy,32,0.7045
2.0,snr-greedy,33,0.698
2.0,snr-greedy,34,0.714
2.0,snr-greedy,35,0.7175
2.0,snr-greedy,36,0.713
2.0,snr-greedy,37,0.715
2.0,snr-greedy,38,0.7185
2.0,snr-greedy,39,0.718
2.0,snr-greedy,40,0.719
2.0,snr-greedy,41,0.7085
2.0,snr-greedy,42,0.718
2.0,snr-greedy,43,0.7195
2.0,snr-greedy,44,0.7225
2.0,snr-greedy,45,0.71
2.0,snr-greedy,46,0.693
2.0,snr-greedy,47,0.7225
2.0,snr-greedy,48,0.701
2.0,snr-greedy,49,0.718
2.0,ewma,0,0.639
2.0,ewma,1,0.673
2.0,ewma,2,0.6625
2.0,ewma,3,0.652
2.0,ewma,4,0.648
2.0,ewma,5,0.666
2.0,ewma,6,0.645
2.0,ewma,7,0.647
2.0,ewma,8,0.678
2.0,ewma,9,0.6745
2.0,ewma,10,0.668
2.0,ewma,11,0.6535
2.0,ewma,12,0.666
2.0,ewma,13,0.6595
2.0,ewma,14,0.681
2.0,ewma,15,0.659
2.0,ewma,16,0.65
2.0,ewma,17,0.659
2.0,ewma,18,0.689
2.0,ewma,19,0.673
2.0,ewma,20,0.6445
2.0,ewma,21,0.6505
2.0,ewma,22,0.6505
2.0,ewma,23,0.671
2.0,ewma,24,0.656
2.0,ewma,25,0.631
2.0,ewma,26,0.6925
2.0,ewma,27,0.641
2.0,ewma,28,0.626
2.0,ewma,29,0.6475
2.0,ewma,30,0.6655
2.0,ewma,31,0.641
2.0,ewma,32,0.661
2.0,ewma,33,0.6545
2.0,ewma,34,0.6575
2.0,ewma,35,0.672
2.0,ewma,36,0.669
2.0,ewma,37,0.653
2.0,ewma,38,0.662
2.0,ewma,39,0.6735
2.0,ewma,40,0.6775
2.0,ewma,41,0.6645
2.0,ewma,42,0.642
2.0,ewma,43,0.6595
2.0,ewma,44,0.679
2.0,ewma,45,0.6725
2.0,ewma,46,0.642
2.0,ewma,47,0.6625
2.0,ewma,48,0.6515
2.0,ewma,49,0.6825
2.0,belief-only,0,0.715
2.0,belief-only,1,0.713
2.0,belief-only,2,0.718
2.0,belief-only,3,0.7105
2.0,belief-only,4,0.7205
2.0,belief-only,5,0.7315
2.0,belief-only,6,0.7115
2.0,belief-only,7,0.7075
2.0,belief-only,8,0.7305
2.0,belief-only,9,0.7295
2.0,belief-only,10,0.712
2.0,belief-only,11,0.718
2.0,belief-only,12,0.711
2.0,belief-only,13,0.717
2.0,belief-only,14,0.7185
2.0,belief-only,15,0.705
2.0,belief-only,16,0.6955
2.0,belief-only,17,0.709
2.0,belief-only,18,0.7215
2.0,belief-only,19,0.722
2.0,belief-only,20,0.7015
2.0,belief-only,21,0.708
2.0,belief-only,22,0.7105
2.0,belief-only,23,0.7275
2.0,belief-only,24,0.711
2.0,belief-only,25,0.6915
2.0,belief-only,26,0.7205
2.0,belief-only,27,0.7015
2.0,belief-only,28,0.7075
2.0,belief-only,29,0.701
2.0,belief-only,30,0.719
2.0,belief-only,31,0.694
2.0,belief-only,32,0.707
2.0,belief-only,33,0.6995
2.0,belief-only,34,0.7205
2.0,belief-only,35,0.7225
2.0,belief-only,36,0.7175
2.0,belief-only,37,0.715
2.0,belief-only,38,0.721
2.0,belief-only,39,0.7155
2.0,belief-only,40,0.7265
2.0,belief-only,41,0.7085
2.0,belief-only,42,0.7125
2.0,belief-only,43,0.723
2.0,belief-only,44,0.721
2.0,belief-only,45,0.7175
2.0,belief-only,46,0.6975
2.0,belief-only,47,0.7175
2.0,belief-only,48,0.6985
2.0,belief-only,49,0.727
2.0,state-aware,0,0.715
2.0,state-aware,1,0.713
2.0,state-aware,2,0.718
2.0,state-aware,3,0.7105
2.0,state-aware,4,0.7205
2.0,state-aware,5,0.7315
2.0,state-aware,6,0.7115
2.0,state-aware,7,0.7075
2.0,state-aware,8,0.7305
2.0,state-aware,9,0.7295
2.0,state-aware,10,0.712
2.0,state-aware,11,0.718
2.0,state-aware,12,0.711
2.0,state-aware,13,0.717
2.0,state-aware,14,0.7185
2.0,state-aware,15,0.705
2.0,state-aware,16,0.6955
2.0,state-aware,17,0.709
2.0,state-aware,18,0.7215
2.0,state-aware,19,0.722
2.0,state-aware,20,0.7015
2.0,state-aware,21,0.708
2.0,state-aware,22,0.7105
2.0,state-aware,23,0.7275
2.0,state-aware,24,0.711
2.0,state-aware,25,0.6915
2.0,state-aware,26,0.7205
2.0,state-aware,27,0.7015
2.0,state-aware,28,0.7075
2.0,state-aware,29,0.701
2.0,state-aware,30,0.719
2.0,state-aware,31,0.694
2.0,state-aware,32,0.707
2.0,state-aware,33,0.6995
2.0,state-aware,34,0.7205
2.0,state-aware,35,0.7225
2.0,state-aware,36,0.7175
2.0,state-aware,37,0.715
2.0,state-aware,38,0.721
2.0,state-aware,39,0.7155
2.0,state-aware,40,0.7265
2.0,state-aware,41,0.7085
2.0,state-aware,42,0.7125
2.0,state-aware,43,0.723
2.0,state-aware,44,0.721
2.0,state-aware,45,0.7175
2.0,state-aware,46,0.6975
2.0,state-aware,47,0.7175
2.0,state-aware,48,0.6985
2.0,state-aware,49,0.727
2.0,oracle,0,0.728
2.0,oracle,1,0.739
2.0,oracle,2,0.7295
2.0,oracle,3,0.728
2.0,oracle,4,0.733
2.0,oracle,5,0.743
2.0,oracle,6,0.728
2.0,oracle,7,0.732
2.0,oracle,8,0.745
2.0,oracle,9,0.741
2.0,oracle,10,0.7365
2.0,oracle,11,0.7255
2.0,oracle,12,0.7285
2.0,oracle,13,0.7225
2.0,oracle,14,0.73
2.0,oracle,15,0.7175
2.0,oracle,16,0.713
2.0,oracle,17,0.7315
2.0,oracle,18,0.7395
2.0,oracle,19,0.732
2.0,oracle,20,0.726
2.0,oracle,21,0.733
2.0,oracle,22,0.726
2.0,oracle,23,0.742
2.0,oracle,24,0.7155
2.0,oracle,25,0.711
2.0,oracle,26,0.7295
2.0,oracle,27,0.7235
2.0,oracle,28,0.714
2.0,oracle,29,0.729
2.0,oracle,30,0.7385
2.0,oracle,31,0.71
2.0,oracle,32,0.7225
2.0,oracle,33,0.7135
2.0,oracle,34,0.7325
2.0,oracle,35,0.7375
2.0,oracle,36,0.7315
2.0,oracle,37,0.734
2.0,oracle,38,0.7355
2.0,oracle,39,0.7345
2.0,oracle,40,0.7415
2.0,oracle,41,0.729
2.0,oracle,42,0.7285
2.0,oracle,43,0.728
2.0,oracle,44,0.734
2.0,oracle,45,0.733
2.0,oracle,46,0.7135
2.0,oracle,47,0.736
2.0,oracle,48,0.725
2.0,oracle,49,0.741
3.0,random,0,0.613
3.0,random,1,0.605
3.0,random,2,0.631
3.0,random,3,0.6155
3.0,random,4,0.6085
3.0,random,5,0.597
3.0,random,6,0.6085
3.0,random,7,0.6315
3.0,random,8,0.633
3.0,random,9,0.638
3.0,random,10,0.602
3.0,random,11,0.629
3.0,random,12,0.5945
3.0,random,13,0.6135
3.0,random,14,0.623
3.0,random,15,0.611
3.0,random,16,0.6
3.0,random,17,0.6185
3.0,random,18,0.647
3.0,random,19,0.626
3.0,random,20,0.6145
3.0,random,21,0.6205
3.0,random,22,0.632
3.0,random,23,0.634
3.0,random,24,0.603
3.0,random,25,0.605
3.0,random,26,0.641
3.0,random,27,0.6095
3.0,random,28,0.618
3.0,random,29,0.6085
3.0,random,30,0.6325
3.0,random,31,0.6025
3.0,random,32,0.615
3.0,random,33,0.622
3.0,random,34,0.616
3.0,random,35,0.616
3.0,random,36,0.6155
3.0,random,37,0.6125
3.0,random,38,0.617
3.0,random,39,0.6135
3.0,random,40,0.6295
3.0,random,41,0.6185
3.0,random,42,0.6175
3.0,random,43,0.6095
3.0,random,44,0.634
3.0,random,45,0.631
3.0,random,46,0.5965
3.0,random,47,0.6275
3.0,random,48,0.607
3.0,random,49,0.6305
3.0,round-robin,0,0.6155
3.0,round-robin,1,0.621
3.0,round-robin,2,0.622
3.0,round-robin,3,0.6025
3.0,round-robin,4,0.608
3.0,round-robin,5,0.608
3.0,round-robin,6,0.6045
3.0,round-robin,7,0.632
3.0,round-robin,8,0.6295
3.0,round-robin,9,0.623
3.0,round-robin,10,0.5995
3.0,round-robin,11,0.617
3.0,round-robin,12,0.613
3.0,round-robin,13,0.6155
3.0,round-robin,14,0.636
3.0,round-robin,15,0.61
3.0,round-robin,16,0.598
3.0,round-robin,17,0.6245
3.0,round-robin,18,0.626
3.0,round-robin,19,0.6485
3.0,round-robin,20,0.633
3.0,round-robin,21,0.618
3.0,round-robin,22,0.6105
3.0,round-robin,23,0.642
3.0,round-robin,24,0.6205
3.0,round-robin,25,0.61
3.0,round-robin,26,0.6285
3.0,round-robin,27,0.612
3.0,round-robin,28,0.6135
3.0,round-robin,29,0.6065
3.0,round-robin,30,0.639
3.0,round-robin,31,0.612
3.0,round-robin,32,0.625
3.0,round-robin,33,0.6145
3.0,round-robin,34,0.625
3.0,round-robin,35,0.637
3.0,round-robin,36,0.605
3.0,round-robin,37,0.5935
3.0,round-robin,38,0.6235
3.0,round-robin,39,0.6255
3.0,round-robin,40,0.624
3.0,round-robin,41,0.606
3.0,round-robin,42,0.605
3.0,round-robin,43,0.6185
3.0,round-robin,44,0.628
3.0,round-robin,45,0.637
3.0,round-robin,46,0.596
3.0,round-robin,47,0.6285
3.0,round-robin,48,0.6135
3.0,round-robin,49,0.637
3.0,snr-greedy,0,0.7075
3.0,snr-greedy,1,0.709
3.0,snr-greedy,2,0.7105
3.0,snr-greedy,3,0.7155
3.0,snr-greedy,4,0.714
3.0,snr-greedy,5,0.723
3.0,snr-greedy,6,0.697
3.0,snr-greedy,7,0.7035
3.0,snr-greedy,8,0.7285
3.0,snr-greedy,9,0.7205
3.0,snr-greedy,10,0.705
3.0,snr-greedy,11,0.7095
3.0,snr-greedy,12,0.7035
3.0,snr-greedy,13,0.714
3.0,snr-greedy,14,0.7145
3.0,snr-greedy,15,0.6925
3.0,snr-greedy,16,0.692
3.0,snr-greedy,17,0.707
3.0,snr-greedy,18,0.7085
3.0,snr-greedy,19,0.7105
3.0,snr-greedy,20,0.7035
3.0,snr-greedy,21,0.7045
3.0,snr-greedy,22,0.6965
3.0,snr-greedy,23,0.7245
3.0,snr-greedy,24,0.699
3.0,snr-greedy,25,0.6955
3.0,snr-greedy,26,0.7165
3.0,snr-greedy,27,0.702
3.0,snr-greedy,28,0.6885
3.0,snr-greedy,29,0.704
3.0,snr-greedy,30,0.7175
3.0,snr-greedy,31,0.6935
3.0,snr-greedy,32,0.696
3.0,snr-greedy,33,0.687
3.0,snr-greedy,34,0.714
3.0,snr-greedy,35,0.7145
3.0,snr-greedy,36,0.708
3.0,snr-greedy,37,0.704
3.0,snr-greedy,38,0.7145
3.0,snr-greedy,39,0.7135
3.0,snr-greedy,40,0.7145
3.0,snr-greedy,41,0.707
3.0,snr-greedy,42,0.7095
3.0,snr-greedy,43,0.715
3.0,snr-greedy,44,0.7155
3.0,snr-greedy,45,0.717
3.0,snr-greedy,46,0.6925
3.0,snr-greedy,47,0.72
3.0,snr-greedy,48,0.694
3.0,snr-greedy,49,0.716
3.0,ewma,0,0.6245
3.0,ewma,1,0.671
3.0,ewma,2,0.6605
3.0,ewma,3,0.6485
3.0,ewma,4,0.6435
3.0,ewma,5,0.665
3.0,ewma,6,0.641
3.0,ewma,7,0.626
3.0,ewma,8,0.668
3.0,ewma,9,0.669
3.0,ewma,10,0.6655
3.0,ewma,11,0.6505
3.0,ewma,12,0.6665
3.0,ewma,13,0.6605
3.0,ewma,14,0.6795
3.0,ewma,15,0.652
3.0,ewma,16,0.6415
3.0,ewma,17,0.6635
3.0,ewma,18,0.6825
3.0,ewma,19,0.654
3.0,ewma,20,0.6295
3.0,ewma,21,0.6465
3.0,ewma,22,0.6445
3.0,ewma,23,0.6615
3.0,ewma,24,0.6465
3.0,ewma,25,0.611
3.0,ewma,26,0.679
3.0,ewma,27,0.6385
3.0,ewma,28,0.6195
3.0,ewma,29,0.6425
3.0,ewma,30,0.654
3.0,ewma,31,0.646
3.0,ewma,32,0.65
3.0,ewma,33,0.6345
3.0,ewma,34,0.662
3.0,ewma,35,0.6645
3.0,ewma,36,0.6665
3.0,ewma,37,0.6325
3.0,ewma,38,0.6585
3.0,ewma,39,0.671
3.0,ewma,40,0.677
3.0,ewma,41,0.67
3.0,ewma,42,0.634
3.0,ewma,43,0.658
3.0,ewma,44,0.6765
3.0,ewma,45,0.666
3.0,ewma,46,0.628
3.0,ewma,47,0.6605
3.0,ewma,48,0.65
3.0,ewma,49,0.682
3.0,belief-only,0,0.701
3.0,belief-only,1,0.7075
3.0,belief-only,2,0.714
3.0,belief-only,3,0.7075
3.0,belief-only,4,0.7095
3.0,belief-only,5,0.728
3.0,belief-only,6,0.7005
3.0,belief-only,7,0.7045
3.0,belief-only,8,0.7255
3.0,belief-only,9,0.724
3.0,belief-only,10,0.703
3.0,belief-only,11,0.7065
3.0,belief-only,12,0.704
3.0,belief-only,13,0.7085
3.0,belief-only,14,0.7165
3.0,belief-only,15,0.691
3.0,belief-only,16,0.6865
3.0,belief-only,17,0.7025
3.0,belief-only,18,0.708
3.0,belief-only,19,0.7095
3.0,belief-only,20,0.6975
3.0,belief-only,21,0.701
3.0,belief-only,22,0.702
3.0,belief-only,23,0.7205
3.0,belief-only,24,0.701
3.0,belief-only,25,0.685
3.0,belief-only,26,0.7185
3.0,belief-only,27,0.6975
3.0,belief-only,28,0.692
3.0,belief-only,29,0.6985
3.0,belief-only,30,0.708
3.0,belief-only,31,0.687
3.0,belief-only,32,0.699
3.0,belief-only,33,0.6835
3.0,belief-only,34,0.7135
3.0,belief-only,35,0.7185
3.0,belief-only,36,0.708
3.0,belief-only,37,0.7045
3.0,belief-only,38,0.7155
3.0,belief-only,39,0.7105
3.0,belief-only,40,0.717
3.0,belief-only,41,0.713
3.0,belief-only,42,0.7055
3.0,belief-only,43,0.713
3.0,belief-only,44,0.71
3.0,belief-only,45,0.718
3.0,belief-only,46,0.693
3.0,belief-only,47,0.7145
3.0,belief-only,48,0.697
3.0,belief-only,49,0.7205
3.0,state-aware,0,0.701
3.0,state-aware,1,0.7075
3.0,state-aware,2,0.714
3.0,state-aware,3,0.7075
3.0,state-aware,4,0.7095
3.0,state-aware,5,0.728
3.0,state-aware,6,0.7005
3.0,state-aware,7,0.7045
3.0,state-aware,8,0.7255
3.0,state-aware,9,0.724
3.0,state-aware,10,0.703
3.0,state-aware,11,0.7065
3.0,state-aware,12,0.704
3.0,state-aware,13,0.7085
3.0,state-aware,14,0.7165
3.0,state-aware,15,0.691
3.0,state-aware,16,0.6865
3.0,state-aware,17,0.7025
3.0,state-aware,18,0.708
3.0,state-aware,19,0.7095
3.0,state-aware,20,0.6975
3.0,state-aware,21,0.701
3.0,state-aware,22,0.702
3.0,state-aware,23,0.7205
3.0,state-aware,24,0.701
3.0,state-aware,25,0.685
3.0,state-aware,26,0.7185
3.0,state-aware,27,0.6975
3.0,state-aware,28,0.692
3.0,state-aware,29,0.6985
3.0,state-aware,30,0.708
3.0,state-aware,31,0.687
3.0,state-aware,32,0.699
3.0,state-aware,33,0.6835
3.0,state-aware,34,0.7135
3.0,state-aware,35,0.7185
3.0,state-aware,36,0.708
3.0,state-aware,37,0.7045
3.0,state-aware,38,0.7155
3.0,state-aware,39,0.7105
3.0,state-aware,40,0.717
3.0,state-aware,41,0.713
3.0,state-aware,42,0.7055
3.0,state-aware,43,0.713
3.0,state-aware,44,0.71
3.0,state-aware,45,0.718
3.0,state-aware,46,0.693
3.0,state-aware,47,0.7145
3.0,state-aware,48,0.697
3.0,state-aware,49,0.7205
3.0,oracle,0,0.724
3.0,oracle,1,0.734
3.0,oracle,2,0.7255
3.0,oracle,3,0.7245
3.0,oracle,4,0.725
3.0,oracle,5,0.738
3.0,oracle,6,0.7215
3.0,oracle,7,0.7255
3.0,oracle,8,0.7405
3.0,oracle,9,0.739
3.0,oracle,10,0.73
3.0,oracle,11,0.7215
3.0,oracle,12,0.727
3.0,oracle,13,0.7195
3.0,oracle,14,0.728
3.0,oracle,15,0.714
3.0,oracle,16,0.7055
3.0,oracle,17,0.7255
3.0,oracle,18,0.736
3.0,oracle,19,0.7275
3.0,oracle,20,0.7215
3.0,oracle,21,0.7235
3.0,oracle,22,0.723
3.0,oracle,23,0.7365
3.0,oracle,24,0.711
3.0,oracle,25,0.7055
3.0,oracle,26,0.7285
3.0,oracle,27,0.72
3.0,oracle,28,0.707
3.0,oracle,29,0.7255
3.0,oracle,30,0.732
3.0,oracle,31,0.7065
3.0,oracle,32,0.719
3.0,oracle,33,0.7075
3.0,oracle,34,0.7265
3.0,oracle,35,0.7335
3.0,oracle,36,0.7285
3.0,oracle,37,0.728
3.0,oracle,38,0.732
3.0,oracle,39,0.73
3.0,oracle,40,0.735
3.0,oracle,41,0.7245
3.0,oracle,42,0.7225
3.0,oracle,43,0.7255
3.0,oracle,44,0.7285
3.0,oracle,45,0.729
3.0,oracle,46,0.7095
3.0,oracle,47,0.7295
3.0,oracle,48,0.721
3.0,oracle,49,0.736
5.0,random,0,0.5725
5.0,random,1,0.5615
5.0,random,2,0.597
5.0,random,3,0.58
5.0,random,4,0.574
5.0,random,5,0.561
5.0,random,6,0.5685
5.0,random,7,0.5945
5.0,random,8,0.5865
5.0,random,9,0.593
5.0,random,10,0.5655
5.0,random,11,0.5855
5.0,random,12,0.5535
5.0,random,13,0.572
5.0,random,14,0.5835
5.0,random,15,0.5685
5.0,random,16,0.5595
5.0,random,17,0.5815
5.0,random,18,0.6045
5.0,random,19,0.5825
5.0,random,20,0.5715
5.0,random,21,0.5765
5.0,random,22,0.5975
5.0,random,23,0.5925
5.0,random,24,0.565
5.0,random,25,0.5745
5.0,random,26,0.6
5.0,random,27,0.569
5.0,random,28,0.5735
5.0,random,29,0.564
5.0,random,30,0.594
5.0,random,31,0.547
5.0,random,32,0.571
5.0,random,33,0.575
5.0,random,34,0.576
5.0,random,35,0.574
5.0,random,36,0.5755
5.0,random,37,0.5715
5.0,random,38,0.5765
5.0,random,39,0.5755
5.0,random,40,0.5925
5.0,random,41,0.5795
5.0,random,42,0.5785
5.0,random,43,0.569
5.0,random,44,0.591
5.0,random,45,0.588
5.0,random,46,0.5645
5.0,random,47,0.5845
5.0,random,48,0.5615
5.0,random,49,0.5935
5.0,round-robin,0,0.575
5.0,round-robin,1,0.576
5.0,round-robin,2,0.5925
5.0,round-robin,3,0.568
5.0,round-robin,4,0.5715
5.0,round-robin,5,0.5725
5.0,round-robin,6,0.5695
5.0,round-robin,7,0.5975
5.0,round-robin,8,0.5795
5.0,round-robin,9,0.5795
5.0,round-robin,10,0.5585
5.0,round-robin,11,0.5745
5.0,round-robin,12,0.579
5.0,round-robin,13,0.5725
5.0,round-robin,14,0.5935
5.0,round-robin,15,0.565
5.0,round-robin,16,0.5605
5.0,round-robin,17,0.589
5.0,round-robin,18,0.5875
5.0,round-robin,19,0.603
5.0,round-robin,20,0.5875
5.0,round-robin,21,0.574
5.0,round-robin,22,0.574
5.0,round-robin,23,0.6035
5.0,round-robin,24,0.5745
5.0,round-robin,25,0.57
5.0,round-robin,26,0.5875
5.0,round-robin,27,0.5685
5.0,round-robin,28,0.572
5.0,round-robin,29,0.566
5.0,round-robin,30,0.598
5.0,round-robin,31,0.5715
5.0,round-robin,32,0.58
5.0,round-robin,33,0.564
5.0,round-robin,34,0.585
5.0,round-robin,35,0.6005
5.0,round-robin,36,0.5605
5.0,round-robin,37,0.5525
5.0,round-robin,38,0.5845
5.0,round-robin,39,0.5905
5.0,round-robin,40,0.5865
5.0,round-robin,41,0.57
5.0,round-robin,42,0.5675
5.0,round-robin,43,0.5755
5.0,round-robin,44,0.5855
5.0,round-robin,45,0.599
5.0,round-robin,46,0.5665
5.0,round-robin,47,0.589
5.0,round-robin,48,0.5705
5.0,round-robin,49,0.6015
5.0,snr-greedy,0,0.696
5.0,snr-greedy,1,0.7005
5.0,snr-greedy,2,0.7045
5.0,snr-greedy,3,0.703
5.0,snr-greedy,4,0.699
5.0,snr-greedy,5,0.714
5.0,snr-greedy,6,0.692
5.0,snr-greedy,7,0.6955
5.0,snr-greedy,8,0.7125
5.0,snr-greedy,9,0.7175
5.0,snr-greedy,10,0.693
5.0,snr-greedy,11,0.697
5.0,snr-greedy,12,0.6965
5.0,snr-greedy,13,0.699
5.0,snr-greedy,14,0.704
5.0,snr-greedy,15,0.689
5.0,snr-greedy,16,0.6805
5.0,snr-greedy,17,0.7005
5.0,snr-greedy,18,0.7095
5.0,snr-greedy,19,0.7
5.0,snr-greedy,20,0.691
5.0,snr-greedy,21,0.6975
5.0,snr-greedy,22,0.69
5.0,snr-greedy,23,0.713
5.0,snr-greedy,24,0.6855
5.0,snr-greedy,25,0.6835
5.0,snr-greedy,26,0.702
5.0,snr-greedy,27,0.6975
5.0,snr-greedy,28,0.68
5.0,snr-greedy,29,0.6965
5.0,snr-greedy,30,0.709
5.0,snr-greedy,31,0.6835
5.0,snr-greedy,32,0.693
5.0,snr-greedy,33,0.681
5.0,snr-greedy,34,0.704
5.0,snr-greedy,35,0.7065
5.0,snr-greedy,36,0.702
5.0,snr-greedy,37,0.6925
5.0,snr-greedy,38,0.7115
5.0,snr-greedy,39,0.7075
5.0,snr-greedy,40,0.706
5.0,snr-greedy,41,0.696
5.0,snr-greedy,42,0.699
5.0,snr-greedy,43,0.7065
5.0,snr-greedy,44,0.7035
5.0,snr-greedy,45,0.703
5.0,snr-greedy,46,0.6815
5.0,snr-greedy,47,0.707
5.0,snr-greedy,48,0.69
5.0,snr-greedy,49,0.7165
5.0,ewma,0,0.623
5.0,ewma,1,0.658
5.0,ewma,2,0.673
5.0,ewma,3,0.6525
5.0,ewma,4,0.6405
5.0,ewma,5,0.6645
5.0,ewma,6,0.6405
5.0,ewma,7,0.6355
5.0,ewma,8,0.6575
5.0,ewma,9,0.6535
5.0,ewma,10,0.6615
5.0,ewma,11,0.6375
5.0,ewma,12,0.6505
5.0,ewma,13,0.644
5.0,ewma,14,0.67
5.0,ewma,15,0.6465
5.0,ewma,16,0.6335
5.0,ewma,17,0.65
5.0,ewma,18,0.6755
5.0,ewma,19,0.653
5.0,ewma,20,0.63
5.0,ewma,21,0.6405
5.0,ewma,22,0.636
5.0,ewma,23,0.673
5.0,ewma,24,0.6315
5.0,ewma,25,0.624
5.0,ewma,26,0.6585
5.0,ewma,27,0.635
5.0,ewma,28,0.6285
5.0,ewma,29,0.6315
5.0,ewma,30,0.64
5.0,ewma,31,0.6475
5.0,ewma,32,0.653
5.0,ewma,33,0.6335
5.0,ewma,34,0.656
5.0,ewma,35,0.6635
5.0,ewma,36,0.646
5.0,ewma,37,0.6325
5.0,ewma,38,0.667
5.0,ewma,39,0.6645
5.0,ewma,40,0.681
5.0,ewma,41,0.661
5.0,ewma,42,0.616
5.0,ewma,43,0.654
5.0,ewma,44,0.661
5.0,ewma,45,0.663
5.0,ewma,46,0.632
5.0,ewma,47,0.661
5.0,ewma,48,0.657
5.0,ewma,49,0.68
5.0,belief-only,0,0.682
5.0,belief-only,1,0.69
5.0,belief-only,2,0.7035
5.0,belief-only,3,0.6905
5.0,belief-only,4,0.688
5.0,belief-only,5,0.709
5.0,belief-only,6,0.6865
5.0,belief-only,7,0.688
5.0,belief-only,8,0.7045
5.0,belief-only,9,0.713
5.0,belief-only,10,0.688
5.0,belief-only,11,0.6865
5.0,belief-only,12,0.698
5.0,belief-only,13,0.685
5.0,belief-only,14,0.6965
5.0,belief-only,15,0.68
5.0,belief-only,16,0.6735
5.0,belief-only,17,0.6905
5.0,belief-only,18,0.701
5.0,belief-only,19,0.6975
5.0,belief-only,20,0.6825
5.0,belief-only,21,0.689
5.0,belief-only,22,0.6895
5.0,belief-only,23,0.706
5.0,belief-only,24,0.6765
5.0,belief-only,25,0.6685
5.0,belief-only,26,0.702
5.0,belief-only,27,0.6875
5.0,belief-only,28,0.6775
5.0,belief-only,29,0.685
5.0,belief-only,30,0.695
5.0,belief-only,31,0.678
5.0,belief-only,32,0.6875
5.0,belief-only,33,0.6765
5.0,belief-only,34,0.69
5.0,belief-only,35,0.708
5.0,belief-only,36,0.6995
5.0,belief-only,37,0.683
5.0,belief-only,38,0.705
5.0,belief-only,39,0.7025
5.0,belief-only,40,0.7015
5.0,belief-only,41,0.698
5.0,belief-only,42,0.687
5.0,belief-only,43,0.698
5.0,belief-only,44,0.696
5.0,belief-only,45,0.7035
5.0,belief-only,46,0.674
5.0,belief-only,47,0.704
5.0,belief-only,48,0.696
5.0,belief-only,49,0.715
5.0,state-aware,0,0.682
5.0,state-aware,1,0.69
5.0,state-aware,2,0.7035
5.0,state-aware,3,0.6905
5.0,state-aware,4,0.688
5.0,state-aware,5,0.709
5.0,state-aware,6,0.6865
5.0,state-aware,7,0.688
5.0,state-aware,8,0.7045
5.0,state-aware,9,0.713
5.0,state-aware,10,0.688
5.0,state-aware,11,0.6865
5.0,state-aware,12,0.698
5.0,state-aware,13,0.685
5.0,state-aware,14,0.6965
5.0,state-aware,15,0.68
5.0,state-aware,16,0.6735
5.0,state-aware,17,0.6905
5.0,state-aware,18,0.701
5.0,state-aware,19,0.6975
5.0,state-aware,20,0.6825
5.0,state-aware,21,0.689
5.0,state-aware,22,0.6895
5.0,state-aware,23,0.706
5.0,state-aware,24,0.6765
5.0,state-aware,25,0.6685
5.0,state-aware,26,0.702
5.0,state-aware,27,0.6875
5.0,state-aware,28,0.6775
5.0,state-aware,29,0.685
5.0,state-aware,30,0.695
5.0,state-aware,31,0.678
5.0,state-aware,32,0.6875
5.0,state-aware,33,0.6765
5.0,state-aware,34,0.69
5.0,state-aware,35,0.708
5.0,state-aware,36,0.6995
5.0,state-aware,37,0.683
5.0,state-aware,38,0.705
5.0,state-aware,39,0.7025
5.0,state-aware,40,0.7015
5.0,state-aware,41,0.698
5.0,state-aware,42,0.687
5.0,state-aware,43,0.698
5.0,state-aware,44,0.696
5.0,state-aware,45,0.7035
5.0,state-aware,46,0.674
5.0,state-aware,47,0.704
5.0,state-aware,48,0.696
5.0,state-aware,49,0.715
5.0,oracle,0,0.7125
5.0,oracle,1,0.7215
5.0,oracle,2,0.7195
5.0,oracle,3,0.713
5.0,oracle,4,0.713
5.0,oracle,5,0.7305
5.0,oracle,6,0.7125
5.0,oracle,7,0.716
5.0,oracle,8,0.7255
5.0,oracle,9,0.7335
5.0,oracle,10,0.7175
5.0,oracle,11,0.7105
5.0,oracle,12,0.7185
5.0,oracle,13,0.7105
5.0,oracle,14,0.7185
5.0,oracle,15,0.703
5.0,oracle,16,0.696
5.0,oracle,17,0.718
5.0,oracle,18,0.728
5.0,oracle,19,0.718
5.0,oracle,20,0.71
5.0,oracle,21,0.7135
5.0,oracle,22,0.712
5.0,oracle,23,0.727
5.0,oracle,24,0.7015
5.0,oracle,25,0.696
5.0,oracle,26,0.722
5.0,oracle,27,0.711
5.0,oracle,28,0.697
5.0,oracle,29,0.7145
5.0,oracle,30,0.7215
5.0,oracle,31,0.699
5.0,oracle,32,0.7065
5.0,oracle,33,0.6965
5.0,oracle,34,0.717
5.0,oracle,35,0.725
5.0,oracle,36,0.716
5.0,oracle,37,0.717
5.0,oracle,38,0.7245
5.0,oracle,39,0.7205
5.0,oracle,40,0.7265
5.0,oracle,41,0.7175
5.0,oracle,42,0.7125
5.0,oracle,43,0.715
5.0,oracle,44,0.719
5.0,oracle,45,0.719
5.0,oracle,46,0.6975
5.0,oracle,47,0.719
5.0,oracle,48,0.7115
5.0,oracle,49,0.7305
