severity_db,policy,g_norm
0.0,random,0.0
0.0,round-robin,0.01378404988513213
0.0,snr-greedy,0.9021988841483431
0.0,ewma,0.1483426320971437
0.0,belief-only,0.9698063669182793
0.0,state-aware,0.9698063669182793
0.0,oracle,1.0
0.5,random,0.0
0.5,round-robin,0.014129643117261857
0.5,snr-greedy,0.8269482884195193
0.5,ewma,0.14683175528040918
0.5,belief-only,0.8818645302257837
0.5,state-aware,0.8818645302257837
0.5,oracle,1.0
1.0,random,0.0
1.0,round-robin,0.010797998419805674
1.0,snr-greedy,0.8031340531998944
1.0,ewma,0.17013431656571032
1.0,belief-only,0.8402686331314199
1.0,state-aware,0.8402686331314199
1.0,oracle,1.0
1.5,random,0.0
1.5,round-robin,0.011936022917164016
1.5,snr-greedy,0.8062783480544286
1.5,ewma,0.20279302936261717
1.5,belief-only,0.8307471950346148
1.5,state-aware,0.8307471950346148
1.5,oracle,1.0
2.0,random,0.0
2.0,round-robin,0.01569653368214517
2.0,snr-greedy,0.8077174623937213
2.0,ewma,0.2422062350119908
2.0,belief-only,0.8270111183780254
2.0,state-aware,0.8270111183780254
2.0,oracle,1.0
3.0,random,0.0
3.0,round-robin,0.008702975856261433
3.0,snr-greedy,0.8400711210930185
3.0,ewma,0.33651506644207346
3.0,belief-only,0.8282799925135694
3.0,state-aware,0.8282799925135694
3.0,oracle,1.0
5.0,random,0.0
5.0,round-robin,0.01060352966809512
5.0,snr-greedy,0.8819812622557921
5.0,ewma,0.5245115839930276
5.0,belief-only,0.8346285133270385
5.0,state-aware,0.8346285133270385
5.0,oracle,1.0
