delta_p,policy,seed,delivery_rate
0.0,random,0,0.677
0.0,random,1,0.666
0.0,random,2,0.696
0.0,random,3,0.6745
0.0,random,4,0.6695
0.0,random,5,0.662
0.0,random,6,0.666
0.0,random,7,0.6915
0.0,random,8,0.6855
0.0,random,9,0.697
0.0,random,10,0.667
0.0,random,11,0.6985
0.0,random,12,0.6605
0.0,random,13,0.6745
0.0,random,14,0.685
0.0,random,15,0.6675
0.0,random,16,0.668
0.0,random,17,0.672
0.0,random,18,0.6985
0.0,random,19,0.688
0.0,random,20,0.6725
0.0,random,21,0.678
0.0,random,22,0.6945
0.0,random,23,0.6955
0.0,random,24,0.6685
0.0,random,25,0.658
0.0,random,26,0.699
0.0,random,27,0.665
0.0,random,28,0.675
0.0,random,29,0.6645
0.0,random,30,0.6895
0.0,random,31,0.6705
0.0,random,32,0.6775
0.0,random,33,0.6795
0.0,random,34,0.6805
0.0,random,35,0.679
0.0,random,36,0.6735
0.0,random,37,0.673
0.0,random,38,0.683
0.0,random,39,0.673
0.0,random,40,0.689
0.0,random,41,0.68
0.0,random,42,0.6835
0.0,random,43,0.6695
0.0,random,44,0.6835
0.0,random,45,0.6845
0.0,random,46,0.6545
0.0,random,47,0.682
0.0,random,48,0.67
0.0,random,49,0.691
0.0,round-robin,0,0.6765
0.0,round-robin,1,0.682
0.0,round-robin,2,0.69
0.0,round-robin,3,0.6625
0.0,round-robin,4,0.667
0.0,round-robin,5,0.667
0.0,round-robin,6,0.662
0.0,round-robin,7,0.693
0.0,round-robin,8,0.682
0.0,round-robin,9,0.6785
0.0,round-robin,10,0.6615
0.0,round-robin,11,0.6765
0.0,round-robin,12,0.6735
0.0,round-robin,13,0.678
0.0,round-robin,14,0.697
0.0,round-robin,15,0.668
0.0,round-robin,16,0.661
0.0,round-robin,17,0.6875
0.0,round-robin,18,0.691
0.0,round-robin,19,0.706
0.0,round-robin,20,0.687
0.0,round-robin,21,0.6825
0.0,round-robin,22,0.669
0.0,round-robin,23,0.699
0.0,round-robin,24,0.685
0.0,round-robin,25,0.665
0.0,round-robin,26,0.688
0.0,round-robin,27,0.6755
0.0,round-robin,28,0.6725
0.0,round-robin,29,0.665
0.0,round-robin,30,0.7095
0.0,round-robin,31,0.679
0.0,round-robin,32,0.6865
0.0,round-robin,33,0.6705
0.0,round-robin,34,0.691
0.0,round-robin,35,0.696
0.0,round-robin,36,0.6595
0.0,round-robin,37,0.6575
0.0,round-robin,38,0.68
0.0,round-robin,39,0.675
0.0,round-robin,40,0.6815
0.0,round-robin,41,0.669
0.0,round-robin,42,0.68
0.0,round-robin,43,0.6775
0.0,round-robin,44,0.6815
0.0,round-robin,45,0.6925
0.0,round-robin,46,0.656
0.0,round-robin,47,0.6835
0.0,round-robin,48,0.6725
0.0,round-robin,49,0.696
0.0,ewma,0,0.6815
0.0,ewma,1,0.676
0.0,ewma,2,0.6855
0.0,ewma,3,0.695
0.0,ewma,4,0.6915
0.0,ewma,5,0.688
0.0,ewma,6,0.674
0.0,ewma,7,0.697
0.0,ewma,8,0.699
0.0,ewma,9,0.703
0.0,ewma,10,0.691
0.0,ewma,11,0.6885
0.0,ewma,12,0.6785
0.0,ewma,13,0.6855
0.0,ewma,14,0.696
0.0,ewma,15,0.684
0.0,ewma,16,0.679
0.0,ewma,17,0.7065
0.0,ewma,18,0.7015
0.0,ewma,19,0.719
0.0,ewma,20,0.681
0.0,ewma,21,0.684
0.0,ewma,22,0.6845
0.0,ewma,23,0.695
0.0,ewma,24,0.689
0.0,ewma,25,0.667
0.0,ewma,26,0.71
0.0,ewma,27,0.662
0.0,ewma,28,0.652
0.0,ewma,29,0.676
0.0,ewma,30,0.7015
0.0,ewma,31,0.6735
0.0,ewma,32,0.6935
0.0,ewma,33,0.6675
0.0,ewma,34,0.691
0.0,ewma,35,0.694
0.0,ewma,36,0.6785
0.0,ewma,37,0.683
0.0,ewma,38,0.695
0.0,ewma,39,0.696
0.0,ewma,40,0.697
0.0,ewma,41,0.69
0.0,ewma,42,0.6845
0.0,ewma,43,0.6885
0.0,ewma,44,0.703
0.0,ewma,45,0.6925
0.0,ewma,46,0.6535
0.0,ewma,47,0.6755
0.0,ewma,48,0.662
0.0,ewma,49,0.713
0.0,belief-only,0,0.74
0.0,belief-only,1,0.7305
0.0,belief-only,2,0.752
0.0,belief-only,3,0.734
0.0,belief-only,4,0.746
0.0,belief-only,5,0.749
0.0,belief-only,6,0.735
0.0,belief-only,7,0.732
0.0,belief-only,8,0.749
0.0,belief-only,9,0.758
0.0,belief-only,10,0.7465
0.0,belief-only,11,0.739
0.0,belief-only,12,0.7175
0.0,belief-only,13,0.746
0.0,belief-only,14,0.733
0.0,belief-only,15,0.717
0.0,belief-only,16,0.7225
0.0,belief-only,17,0.734
0.0,belief-only,18,0.7525
0.0,belief-only,19,0.7515
0.0,belief-only,20,0.733
0.0,belief-only,21,0.7335
0.0,belief-only,22,0.745
0.0,belief-only,23,0.7515
0.0,belief-only,24,0.743
0.0,belief-only,25,0.7265
0.0,belief-only,26,0.74
0.0,belief-only,27,0.7285
0.0,belief-only,28,0.738
0.0,belief-only,29,0.7195
0.0,belief-only,30,0.7395
0.0,belief-only,31,0.724
0.0,belief-only,32,0.732
0.0,belief-only,33,0.727
0.0,belief-only,34,0.734
0.0,belief-only,35,0.736
0.0,belief-only,36,0.731
0.0,belief-only,37,0.74
0.0,belief-only,38,0.7355
0.0,belief-only,39,0.731
0.0,belief-only,40,0.75
0.0,belief-only,41,0.7335
0.0,belief-only,42,0.74
0.0,belief-only,43,0.7385
0.0,belief-only,44,0.744
0.0,belief-only,45,0.742
0.0,belief-only,46,0.725
0.0,belief-only,47,0.737
0.0,belief-only,48,0.724
0.0,belief-only,49,0.749
0.0,state-aware,0,0.74
0.0,state-aware,1,0.7305
0.0,state-aware,2,0.752
0.0,state-aware,3,0.734
0.0,state-aware,4,0.746
0.0,state-aware,5,0.749
0.0,state-aware,6,0.735
0.0,state-aware,7,0.732
0.0,state-aware,8,0.749
0.0,state-aware,9,0.758
0.0,state-aware,10,0.7465
0.0,state-aware,11,0.739
0.0,state-aware,12,0.7175
0.0,state-aware,13,0.746
0.0,state-aware,14,0.733
0.0,state-aware,15,0.717
0.0,state-aware,16,0.7225
0.0,state-aware,17,0.734
0.0,state-aware,18,0.7525
0.0,state-aware,19,0.7515
0.0,state-aware,20,0.733
0.0,state-aware,21,0.7335
0.0,state-aware,22,0.745
0.0,state-aware,23,0.7515
0.0,state-aware,24,0.743
0.0,state-aware,25,0.7265
0.0,state-aware,26,0.74
0.0,state-aware,27,0.7285
0.0,state-aware,28,0.738
0.0,state-aware,29,0.7195
0.0,state-aware,30,0.7395
0.0,state-aware,31,0.724
0.0,state-aware,32,0.732
0.0,state-aware,33,0.727
0.0,state-aware,34,0.734
0.0,state-aware,35,0.736
0.0,state-aware,36,0.731
0.0,state-aware,37,0.74
0.0,state-aware,38,0.7355
0.0,state-aware,39,0.731
0.0,state-aware,40,0.75
0.0,state-aware,41,0.7335
0.0,state-aware,42,0.74
0.0,state-aware,43,0.7385
0.0,state-aware,44,0.744
0.0,state-aware,45,0.742
0.0,state-aware,46,0.725
0.0,state-aware,47,0.737
0.0,state-aware,48,0.724
0.0,state-aware,49,0.749
0.0,oracle,0,0.7375
0.0,oracle,1,0.7285
0.0,oracle,2,0.7495
0.0,oracle,3,0.7425
0.0,oracle,4,0.737
0.0,oracle,5,0.751
0.0,oracle,6,0.7315
0.0,oracle,7,0.745
0.0,oracle,8,0.7385
0.0,oracle,9,0.746
0.0,oracle,10,0.7435
0.0,oracle,11,0.748
0.0,oracle,12,0.7175
0.0,oracle,13,0.7565
0.0,oracle,14,0.7365
0.0,oracle,15,0.7295
0.0,oracle,16,0.7325
0.0,oracle,17,0.74
0.0,oracle,18,0.7545
0.0,oracle,19,0.763
0.0,oracle,20,0.753
0.0,oracle,21,0.7345
0.0,oracle,22,0.7375
0.0,oracle,23,0.743
0.0,oracle,24,0.749
0.0,oracle,25,0.7315
0.0,oracle,26,0.7405
0.0,oracle,27,0.7155
0.0,oracle,28,0.729
0.0,oracle,29,0.729
0.0,oracle,30,0.738
0.0,oracle,31,0.7385
0.0,oracle,32,0.741
0.0,oracle,33,0.728
0.0,oracle,34,0.753
0.0,oracle,35,0.734
0.0,oracle,36,0.722
0.0,oracle,37,0.7315
0.0,oracle,38,0.732
0.0,oracle,39,0.745
0.0,oracle,40,0.752
0.0,oracle,41,0.745
0.0,oracle,42,0.744
0.0,oracle,43,0.7475
0.0,oracle,44,0.751
0.0,oracle,45,0.7365
0.0,oracle,46,0.7235
0.0,oracle,47,0.731
0.0,oracle,48,0.713
0.0,oracle,49,0.751
0.05,random,0,0.6665
0.05,random,1,0.656
0.05,random,2,0.69
0.05,random,3,0.666
0.05,random,4,0.6535
0.05,random,5,0.6555
0.05,random,6,0.662
0.05,random,7,0.662
0.05,random,8,0.6715
0.05,random,9,0.684
0.05,random,10,0.648
0.05,random,11,0.684
0.05,random,12,0.647
0.05,random,13,0.662
0.05,random,14,0.672
0.05,random,15,0.6525
0.05,random,16,0.661
0.05,random,17,0.665
0.05,random,18,0.681
0.05,random,19,0.6795
0.05,random,20,0.657
0.05,random,21,0.6535
0.05,random,22,0.6915
0.05,random,23,0.682
0.05,random,24,0.662
0.05,random,25,0.6445
0.05,random,26,0.684
0.05,random,27,0.6485
0.05,random,28,0.669
0.05,random,29,0.658
0.05,random,30,0.6775
0.05,random,31,0.6555
0.05,random,32,0.6565
0.05,random,33,0.6505
0.05,random,34,0.67
0.05,random,35,0.6665
0.05,random,36,0.677
0.05,random,37,0.6625
0.05,random,38,0.6735
0.05,random,39,0.666
0.05,random,40,0.6585
0.05,random,41,0.672
0.05,random,42,0.655
0.05,random,43,0.6585
0.05,random,44,0.677
0.05,random,45,0.664
0.05,random,46,0.6525
0.05,random,47,0.658
0.05,random,48,0.6455
0.05,random,49,0.6775
0.05,round-robin,0,0.6635
0.05,round-robin,1,0.662
0.05,round-robin,2,0.6815
0.05,round-robin,3,0.6605
0.05,round-robin,4,0.6465
0.05,round-robin,5,0.655
0.05,round-robin,6,0.652
0.05,round-robin,7,0.671
0.05,round-robin,8,0.654
0.05,round-robin,9,0.6685
0.05,round-robin,10,0.6475
0.05,round-robin,11,0.671
0.05,round-robin,12,0.6635
0.05,round-robin,13,0.657
0.05,round-robin,14,0.677
0.05,round-robin,15,0.646
0.05,round-robin,16,0.6565
0.05,round-robin,17,0.678
0.05,round-robin,18,0.678
0.05,round-robin,19,0.6875
0.05,round-robin,20,0.6785
0.05,round-robin,21,0.6695
0.05,round-robin,22,0.659
0.05,round-robin,23,0.6845
0.05,round-robin,24,0.6705
0.05,round-robin,25,0.654
0.05,round-robin,26,0.6745
0.05,round-robin,27,0.6595
0.05,round-robin,28,0.6715
0.05,round-robin,29,0.66
0.05,round-robin,30,0.685
0.05,round-robin,31,0.6745
0.05,round-robin,32,0.6685
0.05,round-robin,33,0.6485
0.05,round-robin,34,0.6865
0.05,round-robin,35,0.6805
0.05,round-robin,36,0.6625
0.05,round-robin,37,0.653
0.05,round-robin,38,0.6635
0.05,round-robin,39,0.6735
0.05,round-robin,40,0.664
0.05,round-robin,41,0.665
0.05,round-robin,42,0.6565
0.05,round-robin,43,0.668
0.05,round-robin,44,0.6745
0.05,round-robin,45,0.675
0.05,round-robin,46,0.65
0.05,round-robin,47,0.664
0.05,round-robin,48,0.651
0.05,round-robin,49,0.671
0.05,ewma,0,0.6755
0.05,ewma,1,0.674
0.05,ewma,2,0.694
0.05,ewma,3,0.6705
0.05,ewma,4,0.666
0.05,ewma,5,0.67
0.05,ewma,6,0.662
0.05,ewma,7,0.677
0.05,ewma,8,0.687
0.05,ewma,9,0.68
0.05,ewma,10,0.6545
0.05,ewma,11,0.688
0.05,ewma,12,0.661
0.05,ewma,13,0.673
0.05,ewma,14,0.6985
0.05,ewma,15,0.6795
0.05,ewma,16,0.6645
0.05,ewma,17,0.6755
0.05,ewma,18,0.686
0.05,ewma,19,0.7025
0.05,ewma,20,0.6685
0.05,ewma,21,0.6745
0.05,ewma,22,0.6895
0.05,ewma,23,0.679
0.05,ewma,24,0.676
0.05,ewma,25,0.6525
0.05,ewma,26,0.6855
0.05,ewma,27,0.6575
0.05,ewma,28,0.671
0.05,ewma,29,0.6725
0.05,ewma,30,0.6935
0.05,ewma,31,0.6625
0.05,ewma,32,0.6785
0.05,ewma,33,0.668
0.05,ewma,34,0.7
0.05,ewma,35,0.678
0.05,ewma,36,0.6755
0.05,ewma,37,0.6745
0.05,ewma,38,0.686
0.05,ewma,39,0.6895
0.05,ewma,40,0.6625
0.05,ewma,41,0.6745
0.05,ewma,42,0.689
0.05,ewma,43,0.6975
0.05,ewma,44,0.6965
0.05,ewma,45,0.6665
0.05,ewma,46,0.6655
0.05,ewma,47,0.657
0.05,ewma,48,0.656
0.05,ewma,49,0.678
0.05,belief-only,0,0.735
0.05,belief-only,1,0.733
0.05,belief-only,2,0.7365
0.05,belief-only,3,0.739
0.05,belief-only,4,0.7295
0.05,belief-only,5,0.7405
0.05,belief-only,6,0.733
0.05,belief-only,7,0.7335
0.05,belief-only,8,0.7375
0.05,belief-only,9,0.7355
0.05,belief-only,10,0.7385
0.05,belief-only,11,0.739
0.05,belief-only,12,0.7345
0.05,belief-only,13,0.7445
0.05,belief-only,14,0.724
0.05,belief-only,15,0.7225
0.05,belief-only,16,0.7235
0.05,belief-only,17,0.7305
0.05,belief-only,18,0.741
0.05,belief-only,19,0.7445
0.05,belief-only,20,0.729
0.05,belief-only,21,0.739
0.05,belief-only,22,0.7345
0.05,belief-only,23,0.7335
0.05,belief-only,24,0.7215
0.05,belief-only,25,0.7235
0.05,belief-only,26,0.7295
0.05,belief-only,27,0.724
0.05,belief-only,28,0.7325
0.05,belief-only,29,0.7175
0.05,belief-only,30,0.7425
0.05,belief-only,31,0.7265
0.05,belief-only,32,0.7345
0.05,belief-only,33,0.7315
0.05,belief-only,34,0.7505
0.05,belief-only,35,0.747
0.05,belief-only,36,0.725
0.05,belief-only,37,0.7255
0.05,belief-only,38,0.7365
0.05,belief-only,39,0.7495
0.05,belief-only,40,0.7345
0.05,belief-only,41,0.743
0.05,belief-only,42,0.7225
0.05,belief-only,43,0.7365
0.05,belief-only,44,0.7385
0.05,belief-only,45,0.7315
0.05,belief-only,46,0.7235
0.05,belief-only,47,0.721
0.05,belief-only,48,0.7265
0.05,belief-only,49,0.7435
0.05,state-aware,0,0.735
0.05,state-aware,1,0.733
0.05,state-aware,2,0.7365
0.05,state-aware,3,0.739
0.05,state-aware,4,0.7295
0.05,state-aware,5,0.7405
0.05,state-aware,6,0.733
0.05,state-aware,7,0.7335
0.05,state-aware,8,0.7375
0.05,state-aware,9,0.7355
0.05,state-aware,10,0.7385
0.05,state-aware,11,0.739
0.05,state-aware,12,0.7345
0.05,state-aware,13,0.7445
0.05,state-aware,14,0.724
0.05,state-aware,15,0.7225
0.05,state-aware,16,0.7235
0.05,state-aware,17,0.7305
0.05,state-aware,18,0.741
0.05,state-aware,19,0.7445
0.05,state-aware,20,0.729
0.05,state-aware,21,0.739
0.05,state-aware,22,0.7345
0.05,state-aware,23,0.7335
0.05,state-aware,24,0.7215
0.05,state-aware,25,0.7235
0.05,state-aware,26,0.7295
0.05,state-aware,27,0.724
0.05,state-aware,28,0.7325
0.05,state-aware,29,0.7175
0.05,state-aware,30,0.7425
0.05,state-aware,31,0.7265
0.05,state-aware,32,0.7345
0.05,state-aware,33,0.7315
0.05,state-aware,34,0.7505
0.05,state-aware,35,0.747
0.05,state-aware,36,0.725
0.05,state-aware,37,0.7255
0.05,state-aware,38,0.7365
0.05,state-aware,39,0.7495
0.05,state-aware,40,0.7345
0.05,state-aware,41,0.743
0.05,state-aware,42,0.7225
0.05,state-aware,43,0.7365
0.05,state-aware,44,0.7385
0.05,state-aware,45,0.7315
0.05,state-aware,46,0.7235
0.05,state-aware,47,0.721
0.05,state-aware,48,0.7265
0.05,state-aware,49,0.7435
0.05,oracle,0,0.727
0.05,oracle,1,0.725
0.05,oracle,2,0.742
0.05,oracle,3,0.74
0.05,oracle,4,0.7275
0.05,oracle,5,0.7305
0.05,oracle,6,0.738
0.05,oracle,7,0.7425
0.05,oracle,8,0.734
0.05,oracle,9,0.7455
0.05,oracle,10,0.7325
0.05,oracle,11,0.7435
0.05,oracle,12,0.72
0.05,oracle,13,0.763
0.05,oracle,14,0.734
0.05,oracle,15,0.73
0.05,oracle,16,0.736
0.05,oracle,17,0.7395
0.05,oracle,18,0.743
0.05,oracle,19,0.755
0.05,oracle,20,0.738
0.05,oracle,21,0.7405
0.05,oracle,22,0.743
0.05,oracle,23,0.734
0.05,oracle,24,0.742
0.05,oracle,25,0.722
0.05,oracle,26,0.7385
0.05,oracle,27,0.7025
0.05,oracle,28,0.7385
0.05,oracle,29,0.7195
0.05,oracle,30,0.735
0.05,oracle,31,0.7465
0.05,oracle,32,0.743
0.05,oracle,33,0.738
0.05,oracle,34,0.7485
0.05,oracle,35,0.744
0.05,oracle,36,0.7195
0.05,oracle,37,0.737
0.05,oracle,38,0.734
0.05,oracle,39,0.751
0.05,oracle,40,0.7315
0.05,oracle,41,0.7395
0.05,oracle,42,0.735
0.05,oracle,43,0.7455
0.05,oracle,44,0.7435
0.05,oracle,45,0.721
0.05,oracle,46,0.721
0.05,oracle,47,0.722
0.05,oracle,48,0.7235
0.05,oracle,49,0.7405
0.1,random,0,0.648
0.1,random,1,0.644
0.1,random,2,0.6715
0.1,random,3,0.651
0.1,random,4,0.64
0.1,random,5,0.6485
0.1,random,6,0.653
0.1,random,7,0.6475
0.1,random,8,0.653
0.1,random,9,0.6675
0.1,random,10,0.6465
0.1,random,11,0.6685
0.1,random,12,0.6425
0.1,random,13,0.652
0.1,random,14,0.6755
0.1,random,15,0.6335
0.1,random,16,0.6365
0.1,random,17,0.658
0.1,random,18,0.6575
0.1,random,19,0.664
0.1,random,20,0.642
0.1,random,21,0.6445
0.1,random,22,0.667
0.1,random,23,0.6605
0.1,random,24,0.653
0.1,random,25,0.64
0.1,random,26,0.664
0.1,random,27,0.6395
0.1,random,28,0.647
0.1,random,29,0.64
0.1,random,30,0.6655
0.1,random,31,0.6455
0.1,random,32,0.634
0.1,random,33,0.637
0.1,random,34,0.664
0.1,random,35,0.6415
0.1,random,36,0.653
0.1,random,37,0.645
0.1,random,38,0.6555
0.1,random,39,0.663
0.1,random,40,0.6525
0.1,random,41,0.655
0.1,random,42,0.6415
0.1,random,43,0.649
0.1,random,44,0.669
0.1,random,45,0.6525
0.1,random,46,0.6455
0.1,random,47,0.642
0.1,random,48,0.65
0.1,random,49,0.6575
0.1,round-robin,0,0.6455
0.1,round-robin,1,0.6475
0.1,round-robin,2,0.67
0.1,round-robin,3,0.6485
0.1,round-robin,4,0.6375
0.1,round-robin,5,0.647
0.1,round-robin,6,0.637
0.1,round-robin,7,0.6575
0.1,round-robin,8,0.6495
0.1,round-robin,9,0.654
0.1,round-robin,10,0.654
0.1,round-robin,11,0.6505
0.1,round-robin,12,0.6555
0.1,round-robin,13,0.6515
0.1,round-robin,14,0.681
0.1,round-robin,15,0.6215
0.1,round-robin,16,0.6295
0.1,round-robin,17,0.674
0.1,round-robin,18,0.645
0.1,round-robin,19,0.6875
0.1,round-robin,20,0.6585
0.1,round-robin,21,0.645
0.1,round-robin,22,0.6405
0.1,round-robin,23,0.666
0.1,round-robin,24,0.663
0.1,round-robin,25,0.644
0.1,round-robin,26,0.6665
0.1,round-robin,27,0.6565
0.1,round-robin,28,0.649
0.1,round-robin,29,0.646
0.1,round-robin,30,0.671
0.1,round-robin,31,0.6595
0.1,round-robin,32,0.65
0.1,round-robin,33,0.64
0.1,round-robin,34,0.68
0.1,round-robin,35,0.6675
0.1,round-robin,36,0.6415
0.1,round-robin,37,0.6315
0.1,round-robin,38,0.653
0.1,round-robin,39,0.662
0.1,round-robin,40,0.657
0.1,round-robin,41,0.651
0.1,round-robin,42,0.647
0.1,round-robin,43,0.6535
0.1,round-robin,44,0.663
0.1,round-robin,45,0.6565
0.1,round-robin,46,0.644
0.1,round-robin,47,0.6535
0.1,round-robin,48,0.656
0.1,round-robin,49,0.656
0.1,ewma,0,0.667
0.1,ewma,1,0.6475
0.1,ewma,2,0.6925
0.1,ewma,3,0.685
0.1,ewma,4,0.6665
0.1,ewma,5,0.655
0.1,ewma,6,0.656
0.1,ewma,7,0.683
0.1,ewma,8,0.6705
0.1,ewma,9,0.6955
0.1,ewma,10,0.668
0.1,ewma,11,0.668
0.1,ewma,12,0.6665
0.1,ewma,13,0.662
0.1,ewma,14,0.692
0.1,ewma,15,0.65
0.1,ewma,16,0.656
0.1,ewma,17,0.6805
0.1,ewma,18,0.6595
0.1,ewma,19,0.6905
0.1,ewma,20,0.6475
0.1,ewma,21,0.6555
0.1,ewma,22,0.683
0.1,ewma,23,0.662
0.1,ewma,24,0.67
0.1,ewma,25,0.6445
0.1,ewma,26,0.6755
0.1,ewma,27,0.6475
0.1,ewma,28,0.66
0.1,ewma,29,0.656
0.1,ewma,30,0.699
0.1,ewma,31,0.653
0.1,ewma,32,0.6685
0.1,ewma,33,0.656
0.1,ewma,34,0.6795
0.1,ewma,35,0.6555
0.1,ewma,36,0.662
0.1,ewma,37,0.6715
0.1,ewma,38,0.691
0.1,ewma,39,0.6975
0.1,ewma,40,0.669
0.1,ewma,41,0.6665
0.1,ewma,42,0.6755
0.1,ewma,43,0.6585
0.1,ewma,44,0.6915
0.1,ewma,45,0.664
0.1,ewma,46,0.651
0.1,ewma,47,0.6495
0.1,ewma,48,0.6495
0.1,ewma,49,0.69
0.1,belief-only,0,0.7265
0.1,belief-only,1,0.7305
0.1,belief-only,2,0.7385
0.1,belief-only,3,0.731
0.1,belief-only,4,0.725
0.1,belief-only,5,0.735
0.1,belief-only,6,0.7315
0.1,belief-only,7,0.721
0.1,belief-only,8,0.7285
0.1,belief-only,9,0.738
0.1,belief-only,10,0.738
0.1,belief-only,11,0.7235
0.1,belief-only,12,0.7275
0.1,belief-only,13,0.751
0.1,belief-only,14,0.7375
0.1,belief-only,15,0.707
0.1,belief-only,16,0.7045
0.1,belief-only,17,0.7245
0.1,belief-only,18,0.738
0.1,belief-only,19,0.745
0.1,belief-only,20,0.726
0.1,belief-only,21,0.7145
0.1,belief-only,22,0.7315
0.1,belief-only,23,0.7365
0.1,belief-only,24,0.735
0.1,belief-only,25,0.7195
0.1,belief-only,26,0.7405
0.1,belief-only,27,0.7215
0.1,belief-only,28,0.723
0.1,belief-only,29,0.7085
0.1,belief-only,30,0.745
0.1,belief-only,31,0.7225
0.1,belief-only,32,0.73
0.1,belief-only,33,0.7185
0.1,belief-only,34,0.744
0.1,belief-only,35,0.728
0.1,belief-only,36,0.723
0.1,belief-only,37,0.7335
0.1,belief-only,38,0.7335
0.1,belief-only,39,0.74
0.1,belief-only,40,0.7375
0.1,belief-only,41,0.733
0.1,belief-only,42,0.722
0.1,belief-only,43,0.738
0.1,belief-only,44,0.744
0.1,belief-only,45,0.721
0.1,belief-only,46,0.736
0.1,belief-only,47,0.7175
0.1,belief-only,48,0.7085
0.1,belief-only,49,0.749
0.1,state-aware,0,0.7265
0.1,state-aware,1,0.7305
0.1,state-aware,2,0.7385
0.1,state-aware,3,0.731
0.1,state-aware,4,0.725
0.1,state-aware,5,0.735
0.1,state-aware,6,0.7315
0.1,state-aware,7,0.721
0.1,state-aware,8,0.7285
0.1,state-aware,9,0.738
0.1,state-aware,10,0.738
0.1,state-aware,11,0.7235
0.1,state-aware,12,0.7275
0.1,state-aware,13,0.751
0.1,state-aware,14,0.7375
0.1,state-aware,15,0.707
0.1,state-aware,16,0.7045
0.1,state-aware,17,0.7245
0.1,state-aware,18,0.738
0.1,state-aware,19,0.745
0.1,state-aware,20,0.726
0.1,state-aware,21,0.7145
0.1,state-aware,22,0.7315
0.1,state-aware,23,0.7365
0.1,state-aware,24,0.735
0.1,state-aware,25,0.7195
0.1,state-aware,26,0.7405
0.1,state-aware,27,0.7215
0.1,state-aware,28,0.723
0.1,state-aware,29,0.7085
0.1,state-aware,30,0.745
0.1,state-aware,31,0.7225
0.1,state-aware,32,0.73
0.1,state-aware,33,0.7185
0.1,state-aware,34,0.744
0.1,state-aware,35,0.728
0.1,state-aware,36,0.723
0.1,state-aware,37,0.7335
0.1,state-aware,38,0.7335
0.1,state-aware,39,0.74
0.1,state-aware,40,0.7375
0.1,state-aware,41,0.733
0.1,state-aware,42,0.722
0.1,state-aware,43,0.738
0.1,state-aware,44,0.744
0.1,state-aware,45,0.721
0.1,state-aware,46,0.736
0.1,state-aware,47,0.7175
0.1,state-aware,48,0.7085
0.1,state-aware,49,0.749
0.1,oracle,0,0.7295
0.1,oracle,1,0.714
0.1,oracle,2,0.7425
0.1,oracle,3,0.736
0.1,oracle,4,0.727
0.1,oracle,5,0.7305
0.1,oracle,6,0.7195
0.1,oracle,7,0.739
0.1,oracle,8,0.735
0.1,oracle,9,0.7405
0.1,oracle,10,0.74
0.1,oracle,11,0.7345
0.1,oracle,12,0.7185
0.1,oracle,13,0.7485
0.1,oracle,14,0.742
0.1,oracle,15,0.7175
0.1,oracle,16,0.7085
0.1,oracle,17,0.736
0.1,oracle,18,0.7375
0.1,oracle,19,0.753
0.1,oracle,20,0.7295
0.1,oracle,21,0.7245
0.1,oracle,22,0.7415
0.1,oracle,23,0.729
0.1,oracle,24,0.7455
0.1,oracle,25,0.7215
0.1,oracle,26,0.744
0.1,oracle,27,0.709
0.1,oracle,28,0.7255
0.1,oracle,29,0.7175
0.1,oracle,30,0.737
0.1,oracle,31,0.7505
0.1,oracle,32,0.734
0.1,oracle,33,0.725
0.1,oracle,34,0.7435
0.1,oracle,35,0.7245
0.1,oracle,36,0.7065
0.1,oracle,37,0.733
0.1,oracle,38,0.7285
0.1,oracle,39,0.7415
0.1,oracle,40,0.73
0.1,oracle,41,0.7345
0.1,oracle,42,0.7345
0.1,oracle,43,0.7505
0.1,oracle,44,0.74
0.1,oracle,45,0.7235
0.1,oracle,46,0.7275
0.1,oracle,47,0.724
0.1,oracle,48,0.716
0.1,oracle,49,0.7405
0.15,random,0,0.6355
0.15,random,1,0.6465
0.15,random,2,0.6525
0.15,random,3,0.6325
0.15,random,4,0.6295
0.15,random,5,0.636
0.15,random,6,0.648
0.15,random,7,0.642
0.15,random,8,0.6505
0.15,random,9,0.665
0.15,random,10,0.643
0.15,random,11,0.6585
0.15,random,12,0.6385
0.15,random,13,0.6455
0.15,random,14,0.64
0.15,random,15,0.6365
0.15,random,16,0.623
0.15,random,17,0.632
0.15,random,18,0.658
0.15,random,19,0.6515
0.15,random,20,0.62
0.15,random,21,0.621
0.15,random,22,0.6605
0.15,random,23,0.66
0.15,random,24,0.6465
0.15,random,25,0.6275
0.15,random,26,0.652
0.15,random,27,0.6345
0.15,random,28,0.644
0.15,random,29,0.6325
0.15,random,30,0.647
0.15,random,31,0.633
0.15,random,32,0.621
0.15,random,33,0.63
0.15,random,34,0.645
0.15,random,35,0.6365
0.15,random,36,0.6495
0.15,random,37,0.6285
0.15,random,38,0.638
0.15,random,39,0.6445
0.15,random,40,0.654
0.15,random,41,0.6425
0.15,random,42,0.6375
0.15,random,43,0.639
0.15,random,44,0.6455
0.15,random,45,0.641
0.15,random,46,0.6375
0.15,random,47,0.639
0.15,random,48,0.6295
0.15,random,49,0.6525
0.15,round-robin,0,0.6345
0.15,round-robin,1,0.6475
0.15,round-robin,2,0.645
0.15,round-robin,3,0.6265
0.15,round-robin,4,0.633
0.15,round-robin,5,0.632
0.15,round-robin,6,0.6295
0.15,round-robin,7,0.642
0.15,round-robin,8,0.6495
0.15,round-robin,9,0.6435
0.15,round-robin,10,0.6275
0.15,round-robin,11,0.644
0.15,round-robin,12,0.6455
0.15,round-robin,13,0.6395
0.15,round-robin,14,0.6615
0.15,round-robin,15,0.6325
0.15,round-robin,16,0.6215
0.15,round-robin,17,0.6515
0.15,round-robin,18,0.637
0.15,round-robin,19,0.664
0.15,round-robin,20,0.6385
0.15,round-robin,21,0.6325
0.15,round-robin,22,0.637
0.15,round-robin,23,0.657
0.15,round-robin,24,0.646
0.15,round-robin,25,0.6405
0.15,round-robin,26,0.6415
0.15,round-robin,27,0.64
0.15,round-robin,28,0.641
0.15,round-robin,29,0.637
0.15,round-robin,30,0.661
0.15,round-robin,31,0.6485
0.15,round-robin,32,0.6295
0.15,round-robin,33,0.627
0.15,round-robin,34,0.659
0.15,round-robin,35,0.6575
0.15,round-robin,36,0.6375
0.15,round-robin,37,0.6065
0.15,round-robin,38,0.6325
0.15,round-robin,39,0.6485
0.15,round-robin,40,0.6515
0.15,round-robin,41,0.6375
0.15,round-robin,42,0.6355
0.15,round-robin,43,0.6355
0.15,round-robin,44,0.655
0.15,round-robin,45,0.6465
0.15,round-robin,46,0.6335
0.15,round-robin,47,0.648
0.15,round-robin,48,0.6335
0.15,round-robin,49,0.6495
0.15,ewma,0,0.661
0.15,ewma,1,0.645
0.15,ewma,2,0.668
0.15,ewma,3,0.6745
0.15,ewma,4,0.661
0.15,ewma,5,0.662
0.15,ewma,6,0.64
0.15,ewma,7,0.645
0.15,ewma,8,0.669
0.15,ewma,9,0.668
0.15,ewma,10,0.654
0.15,ewma,11,0.6765
0.15,ewma,12,0.662
0.15,ewma,13,0.683
0.15,ewma,14,0.6675
0.15,ewma,15,0.664
0.15,ewma,16,0.6275
0.15,ewma,17,0.657
0.15,ewma,18,0.658
0.15,ewma,19,0.663
0.15,ewma,20,0.6465
0.15,ewma,21,0.6535
0.15,ewma,22,0.672
0.15,ewma,23,0.6685
0.15,ewma,24,0.6595
0.15,ewma,25,0.656
0.15,ewma,26,0.676
0.15,ewma,27,0.626
0.15,ewma,28,0.662
0.15,ewma,29,0.664
0.15,ewma,30,0.6715
0.15,ewma,31,0.655
0.15,ewma,32,0.662
0.15,ewma,33,0.656
0.15,ewma,34,0.6615
0.15,ewma,35,0.653
0.15,ewma,36,0.6445
0.15,ewma,37,0.6595
0.15,ewma,38,0.6665
0.15,ewma,39,0.674
0.15,ewma,40,0.6695
0.15,ewma,41,0.6645
0.15,ewma,42,0.6745
0.15,ewma,43,0.676
0.15,ewma,44,0.6525
0.15,ewma,45,0.6525
0.15,ewma,46,0.67
0.15,ewma,47,0.65
0.15,ewma,48,0.637
0.15,ewma,49,0.6835
0.15,belief-only,0,0.7205
0.15,belief-only,1,0.719
0.15,belief-only,2,0.721
0.15,belief-only,3,0.7325
0.15,belief-only,4,0.7195
0.15,belief-only,5,0.723
0.15,belief-only,6,0.717
0.15,belief-only,7,0.731
0.15,belief-only,8,0.7315
0.15,belief-only,9,0.739
0.15,belief-only,10,0.7245
0.15,belief-only,11,0.729
0.15,belief-only,12,0.7355
0.15,belief-only,13,0.7415
0.15,belief-only,14,0.723
0.15,belief-only,15,0.725
0.15,belief-only,16,0.7085
0.15,belief-only,17,0.711
0.15,belief-only,18,0.737
0.15,belief-only,19,0.739
0.15,belief-only,20,0.7305
0.15,belief-only,21,0.7185
0.15,belief-only,22,0.729
0.15,belief-only,23,0.737
0.15,belief-only,24,0.7145
0.15,belief-only,25,0.711
0.15,belief-only,26,0.7285
0.15,belief-only,27,0.706
0.15,belief-only,28,0.7235
0.15,belief-only,29,0.7105
0.15,belief-only,30,0.735
0.15,belief-only,31,0.712
0.15,belief-only,32,0.718
0.15,belief-only,33,0.716
0.15,belief-only,34,0.733
0.15,belief-only,35,0.728
0.15,belief-only,36,0.7275
0.15,belief-only,37,0.7205
0.15,belief-only,38,0.725
0.15,belief-only,39,0.7365
0.15,belief-only,40,0.7285
0.15,belief-only,41,0.722
0.15,belief-only,42,0.7155
0.15,belief-only,43,0.722
0.15,belief-only,44,0.728
0.15,belief-only,45,0.724
0.15,belief-only,46,0.733
0.15,belief-only,47,0.721
0.15,belief-only,48,0.6965
0.15,belief-only,49,0.739
0.15,state-aware,0,0.7205
0.15,state-aware,1,0.719
0.15,state-aware,2,0.721
0.15,state-aware,3,0.7325
0.15,state-aware,4,0.7195
0.15,state-aware,5,0.723
0.15,state-aware,6,0.717
0.15,state-aware,7,0.731
0.15,state-aware,8,0.7315
0.15,state-aware,9,0.739
0.15,state-aware,10,0.7245
0.15,state-aware,11,0.729
0.15,state-aware,12,0.7355
0.15,state-aware,13,0.7415
0.15,state-aware,14,0.723
0.15,state-aware,15,0.725
0.15,state-aware,16,0.7085
0.15,state-aware,17,0.711
0.15,state-aware,18,0.737
0.15,state-aware,19,0.739
0.15,state-aware,20,0.7305
0.15,state-aware,21,0.7185
0.15,state-aware,22,0.729
0.15,state-aware,23,0.737
0.15,state-aware,24,0.7145
0.15,state-aware,25,0.711
0.15,state-aware,26,0.7285
0.15,state-aware,27,0.706
0.15,state-aware,28,0.7235
0.15,state-aware,29,0.7105
0.15,state-aware,30,0.735
0.15,state-aware,31,0.712
0.15,state-aware,32,0.718
0.15,state-aware,33,0.716
0.15,state-aware,34,0.733
0.15,state-aware,35,0.728
0.15,state-aware,36,0.7275
0.15,state-aware,37,0.7205
0.15,state-aware,38,0.725
0.15,state-aware,39,0.7365
0.15,state-aware,40,0.7285
0.15,state-aware,41,0.722
0.15,state-aware,42,0.7155
0.15,state-aware,43,0.722
0.15,state-aware,44,0.728
0.15,state-aware,45,0.724
0.15,state-aware,46,0.733
0.15,state-aware,47,0.721
0.15,state-aware,48,0.6965
0.15,state-aware,49,0.739
0.15,oracle,0,0.716
0.15,oracle,1,0.716
0.15,oracle,2,0.735
0.15,oracle,3,0.7435
0.15,oracle,4,0.7275
0.15,oracle,5,0.725
0.15,oracle,6,0.7225
0.15,oracle,7,0.7315
0.15,oracle,8,0.7345
0.15,oracle,9,0.7335
0.15,oracle,10,0.727
0.15,oracle,11,0.7425
0.15,oracle,12,0.723
0.15,oracle,13,0.7505
0.15,oracle,14,0.736
0.15,oracle,15,0.7235
0.15,oracle,16,0.7165
0.15,oracle,17,0.7295
0.15,oracle,18,0.7365
0.15,oracle,19,0.7385
0.15,oracle,20,0.7335
0.15,oracle,21,0.7135
0.15,oracle,22,0.7395
0.15,oracle,23,0.7335
0.15,oracle,24,0.738
0.15,oracle,25,0.7175
0.15,oracle,26,0.7395
0.15,oracle,27,0.7065
0.15,oracle,28,0.7275
0.15,oracle,29,0.7175
0.15,oracle,30,0.731
0.15,oracle,31,0.734
0.15,oracle,32,0.7245
0.15,oracle,33,0.724
0.15,oracle,34,0.7365
0.15,oracle,35,0.7225
0.15,oracle,36,0.7145
0.15,oracle,37,0.716
0.15,oracle,38,0.7215
0.15,oracle,39,0.7375
0.15,oracle,40,0.7255
0.15,oracle,41,0.7335
0.15,oracle,42,0.7365
0.15,oracle,43,0.737
0.15,oracle,44,0.7385
0.15,oracle,45,0.7255
0.15,oracle,46,0.726
0.15,oracle,47,0.727
0.15,oracle,48,0.6945
0.15,oracle,49,0.731
0.2,random,0,0.615
0.2,random,1,0.6135
0.2,random,2,0.6415
0.2,random,3,0.615
0.2,random,4,0.6225
0.2,random,5,0.616
0.2,random,6,0.6295
0.2,random,7,0.631
0.2,random,8,0.64
0.2,random,9,0.6535
0.2,random,10,0.6155
0.2,random,11,0.6445
0.2,random,12,0.625
0.2,random,13,0.6305
0.2,random,14,0.639
0.2,random,15,0.6175
0.2,random,16,0.6225
0.2,random,17,0.6285
0.2,random,18,0.626
0.2,random,19,0.6285
0.2,random,20,0.594
0.2,random,21,0.623
0.2,random,22,0.6375
0.2,random,23,0.6355
0.2,random,24,0.6275
0.2,random,25,0.6105
0.2,random,26,0.6375
0.2,random,27,0.6325
0.2,random,28,0.623
0.2,random,29,0.6275
0.2,random,30,0.629
0.2,random,31,0.6245
0.2,random,32,0.6235
0.2,random,33,0.621
0.2,random,34,0.621
0.2,random,35,0.621
0.2,random,36,0.634
0.2,random,37,0.6325
0.2,random,38,0.6305
0.2,random,39,0.6265
0.2,random,40,0.639
0.2,random,41,0.629
0.2,random,42,0.6325
0.2,random,43,0.6195
0.2,random,44,0.6345
0.2,random,45,0.6325
0.2,random,46,0.6145
0.2,random,47,0.6295
0.2,random,48,0.6235
0.2,random,49,0.645
0.2,round-robin,0,0.6185
0.2,round-robin,1,0.632
0.2,round-robin,2,0.637
0.2,round-robin,3,0.6215
0.2,round-robin,4,0.6155
0.2,round-robin,5,0.607
0.2,round-robin,6,0.621
0.2,round-robin,7,0.638
0.2,round-robin,8,0.6355
0.2,round-robin,9,0.6365
0.2,round-robin,10,0.617
0.2,round-robin,11,0.6285
0.2,round-robin,12,0.6415
0.2,round-robin,13,0.6375
0.2,round-robin,14,0.645
0.2,round-robin,15,0.613
0.2,round-robin,16,0.617
0.2,round-robin,17,0.632
0.2,round-robin,18,0.6275
0.2,round-robin,19,0.6395
0.2,round-robin,20,0.61
0.2,round-robin,21,0.6215
0.2,round-robin,22,0.6205
0.2,round-robin,23,0.63
0.2,round-robin,24,0.6385
0.2,round-robin,25,0.618
0.2,round-robin,26,0.6415
0.2,round-robin,27,0.638
0.2,round-robin,28,0.6245
0.2,round-robin,29,0.624
0.2,round-robin,30,0.6445
0.2,round-robin,31,0.639
0.2,round-robin,32,0.621
0.2,round-robin,33,0.612
0.2,round-robin,34,0.637
0.2,round-robin,35,0.644
0.2,round-robin,36,0.609
0.2,round-robin,37,0.6035
0.2,round-robin,38,0.6305
0.2,round-robin,39,0.64
0.2,round-robin,40,0.6445
0.2,round-robin,41,0.629
0.2,round-robin,42,0.61
0.2,round-robin,43,0.6195
0.2,round-robin,44,0.626
0.2,round-robin,45,0.638
0.2,round-robin,46,0.6015
0.2,round-robin,47,0.6275
0.2,round-robin,48,0.622
0.2,round-robin,49,0.6415
0.2,ewma,0,0.6245
0.2,ewma,1,0.636
0.2,ewma,2,0.6805
0.2,ewma,3,0.6655
0.2,ewma,4,0.6375
0.2,ewma,5,0.6265
0.2,ewma,6,0.6385
0.2,ewma,7,0.659
0.2,ewma,8,0.652
0.2,ewma,9,0.662
0.2,ewma,10,0.6505
0.2,ewma,11,0.677
0.2,ewma,12,0.651
0.2,ewma,13,0.682
0.2,ewma,14,0.662
0.2,ewma,15,0.6555
0.2,ewma,16,0.6455
0.2,ewma,17,0.6515
0.2,ewma,18,0.657
0.2,ewma,19,0.6555
0.2,ewma,20,0.62
0.2,ewma,21,0.6385
0.2,ewma,22,0.656
0.2,ewma,23,0.646
0.2,ewma,24,0.672
0.2,ewma,25,0.6415
0.2,ewma,26,0.6575
0.2,ewma,27,0.632
0.2,ewma,28,0.6285
0.2,ewma,29,0.6455
0.2,ewma,30,0.6635
0.2,ewma,31,0.6485
0.2,ewma,32,0.6495
0.2,ewma,33,0.6445
0.2,ewma,34,0.649
0.2,ewma,35,0.652
0.2,ewma,36,0.641
0.2,ewma,37,0.6625
0.2,ewma,38,0.6455
0.2,ewma,39,0.6565
0.2,ewma,40,0.6455
0.2,ewma,41,0.6575
0.2,ewma,42,0.6815
0.2,ewma,43,0.649
0.2,ewma,44,0.6735
0.2,ewma,45,0.6565
0.2,ewma,46,0.6485
0.2,ewma,47,0.6395
0.2,ewma,48,0.626
0.2,ewma,49,0.67
0.2,belief-only,0,0.709
0.2,belief-only,1,0.723
0.2,belief-only,2,0.735
0.2,belief-only,3,0.72
0.2,belief-only,4,0.7115
0.2,belief-only,5,0.7245
0.2,belief-only,6,0.7165
0.2,belief-only,7,0.7225
0.2,belief-only,8,0.727
0.2,belief-only,9,0.7385
0.2,belief-only,10,0.7175
0.2,belief-only,11,0.727
0.2,belief-only,12,0.707
0.2,belief-only,13,0.738
0.2,belief-only,14,0.726
0.2,belief-only,15,0.7055
0.2,belief-only,16,0.715
0.2,belief-only,17,0.7285
0.2,belief-only,18,0.73
0.2,belief-only,19,0.737
0.2,belief-only,20,0.714
0.2,belief-only,21,0.719
0.2,belief-only,22,0.7335
0.2,belief-only,23,0.719
0.2,belief-only,24,0.7285
0.2,belief-only,25,0.7125
0.2,belief-only,26,0.7225
0.2,belief-only,27,0.7085
0.2,belief-only,28,0.708
0.2,belief-only,29,0.725
0.2,belief-only,30,0.7295
0.2,belief-only,31,0.7125
0.2,belief-only,32,0.706
0.2,belief-only,33,0.7135
0.2,belief-only,34,0.7255
0.2,belief-only,35,0.728
0.2,belief-only,36,0.72
0.2,belief-only,37,0.7155
0.2,belief-only,38,0.7085
0.2,belief-only,39,0.7385
0.2,belief-only,40,0.7275
0.2,belief-only,41,0.715
0.2,belief-only,42,0.7175
0.2,belief-only,43,0.7215
0.2,belief-only,44,0.733
0.2,belief-only,45,0.722
0.2,belief-only,46,0.6995
0.2,belief-only,47,0.7155
0.2,belief-only,48,0.6945
0.2,belief-only,49,0.7285
0.2,state-aware,0,0.709
0.2,state-aware,1,0.723
0.2,state-aware,2,0.735
0.2,state-aware,3,0.72
0.2,state-aware,4,0.7115
0.2,state-aware,5,0.7245
0.2,state-aware,6,0.7165
0.2,state-aware,7,0.7225
0.2,state-aware,8,0.727
0.2,state-aware,9,0.7385
0.2,state-aware,10,0.7175
0.2,state-aware,11,0.727
0.2,state-aware,12,0.707
0.2,state-aware,13,0.738
0.2,state-aware,14,0.726
0.2,state-aware,15,0.7055
0.2,state-aware,16,0.715
0.2,state-aware,17,0.7285
0.2,state-aware,18,0.73
0.2,state-aware,19,0.737
0.2,state-aware,20,0.714
0.2,state-aware,21,0.719
0.2,state-aware,22,0.7335
0.2,state-aware,23,0.719
0.2,state-aware,24,0.7285
0.2,state-aware,25,0.7125
0.2,state-aware,26,0.7225
0.2,state-aware,27,0.7085
0.2,state-aware,28,0.708
0.2,state-aware,29,0.725
0.2,state-aware,30,0.7295
0.2,state-aware,31,0.7125
0.2,state-aware,32,0.706
0.2,state-aware,33,0.7135
0.2,state-aware,34,0.7255
0.2,state-aware,35,0.728
0.2,state-aware,36,0.72
0.2,state-aware,37,0.7155
0.2,state-aware,38,0.7085
0.2,state-aware,39,0.7385
0.2,state-aware,40,0.7275
0.2,state-aware,41,0.715
0.2,state-aware,42,0.7175
0.2,state-aware,43,0.7215
0.2,state-aware,44,0.733
0.2,state-aware,45,0.722
0.2,state-aware,46,0.6995
0.2,state-aware,47,0.7155
0.2,state-aware,48,0.6945
0.2,state-aware,49,0.7285
0.2,oracle,0,0.717
0.2,oracle,1,0.712
0.2,oracle,2,0.736
0.2,oracle,3,0.731
0.2,oracle,4,0.7215
0.2,oracle,5,0.7185
0.2,oracle,6,0.712
0.2,oracle,7,0.7285
0.2,oracle,8,0.728
0.2,oracle,9,0.7275
0.2,oracle,10,0.7205
0.2,oracle,11,0.7395
0.2,oracle,12,0.708
0.2,oracle,13,0.7425
0.2,oracle,14,0.7325
0.2,oracle,15,0.715
0.2,oracle,16,0.719
0.2,oracle,17,0.7275
0.2,oracle,18,0.7265
0.2,oracle,19,0.7385
0.2,oracle,20,0.72
0.2,oracle,21,0.7295
0.2,oracle,22,0.725
0.2,oracle,23,0.7155
0.2,oracle,24,0.737
0.2,oracle,25,0.709
0.2,oracle,26,0.737
0.2,oracle,27,0.713
0.2,oracle,28,0.7215
0.2,oracle,29,0.723
0.2,oracle,30,0.736
0.2,oracle,31,0.7325
0.2,oracle,32,0.713
0.2,oracle,33,0.7145
0.2,oracle,34,0.735
0.2,oracle,35,0.7185
0.2,oracle,36,0.7095
0.2,oracle,37,0.7165
0.2,oracle,38,0.7165
0.2,oracle,39,0.7375
0.2,oracle,40,0.731
0.2,oracle,41,0.7375
0.2,oracle,42,0.731
0.2,oracle,43,0.736
0.2,oracle,44,0.7335
0.2,oracle,45,0.717
0.2,oracle,46,0.7115
0.2,oracle,47,0.718
0.2,oracle,48,0.698
0.2,oracle,49,0.7325
0.25,random,0,0.6185
0.25,random,1,0.603
0.25,random,2,0.628
0.25,random,3,0.615
0.25,random,4,0.6035
0.25,random,5,0.598
0.25,random,6,0.6125
0.25,random,7,0.6175
0.25,random,8,0.6195
0.25,random,9,0.642
0.25,random,10,0.6115
0.25,random,11,0.644
0.25,random,12,0.6095
0.25,random,13,0.6145
0.25,random,14,0.615
0.25,random,15,0.6135
0.25,random,16,0.6045
0.25,random,17,0.615
0.25,random,18,0.6215
0.25,random,19,0.6195
0.25,random,20,0.5985
0.25,random,21,0.609
0.25,random,22,0.6455
0.25,random,23,0.6295
0.25,random,24,0.608
0.25,random,25,0.5835
0.25,random,26,0.626
0.25,random,27,0.594
0.25,random,28,0.614
0.25,random,29,0.601
0.25,random,30,0.598
0.25,random,31,0.605
0.25,random,32,0.6025
0.25,random,33,0.608
0.25,random,34,0.614
0.25,random,35,0.6165
0.25,random,36,0.6345
0.25,random,37,0.6185
0.25,random,38,0.6255
0.25,random,39,0.603
0.25,random,40,0.632
0.25,random,41,0.6175
0.25,random,42,0.6165
0.25,random,43,0.6115
0.25,random,44,0.6355
0.25,random,45,0.6105
0.25,random,46,0.591
0.25,random,47,0.605
0.25,random,48,0.6115
0.25,random,49,0.6265
0.25,round-robin,0,0.6135
0.25,round-robin,1,0.622
0.25,round-robin,2,0.6165
0.25,round-robin,3,0.6125
0.25,round-robin,4,0.594
0.25,round-robin,5,0.6065
0.25,round-robin,6,0.6
0.25,round-robin,7,0.6115
0.25,round-robin,8,0.6185
0.25,round-robin,9,0.6265
0.25,round-robin,10,0.603
0.25,round-robin,11,0.6305
0.25,round-robin,12,0.622
0.25,round-robin,13,0.6155
0.25,round-robin,14,0.6305
0.25,round-robin,15,0.6035
0.25,round-robin,16,0.602
0.25,round-robin,17,0.6205
0.25,round-robin,18,0.622
0.25,round-robin,19,0.6295
0.25,round-robin,20,0.6125
0.25,round-robin,21,0.619
0.25,round-robin,22,0.619
0.25,round-robin,23,0.629
0.25,round-robin,24,0.6225
0.25,round-robin,25,0.595
0.25,round-robin,26,0.6295
0.25,round-robin,27,0.605
0.25,round-robin,28,0.6185
0.25,round-robin,29,0.6135
0.25,round-robin,30,0.6185
0.25,round-robin,31,0.6165
0.25,round-robin,32,0.5995
0.25,round-robin,33,0.609
0.25,round-robin,34,0.6195
0.25,round-robin,35,0.6345
0.25,round-robin,36,0.62
0.25,round-robin,37,0.6015
0.25,round-robin,38,0.6165
0.25,round-robin,39,0.614
0.25,round-robin,40,0.6245
0.25,round-robin,41,0.612
0.25,round-robin,42,0.615
0.25,round-robin,43,0.621
0.25,round-robin,44,0.6315
0.25,round-robin,45,0.624
0.25,round-robin,46,0.5925
0.25,round-robin,47,0.6115
0.25,round-robin,48,0.6105
0.25,round-robin,49,0.635
0.25,ewma,0,0.666
0.25,ewma,1,0.634
0.25,ewma,2,0.6765
0.25,ewma,3,0.6575
0.25,ewma,4,0.634
0.25,ewma,5,0.6485
0.25,ewma,6,0.6235
0.25,ewma,7,0.664
0.25,ewma,8,0.6365
0.25,ewma,9,0.6625
0.25,ewma,10,0.663
0.25,ewma,11,0.6825
0.25,ewma,12,0.656
0.25,ewma,13,0.641
0.25,ewma,14,0.6585
0.25,ewma,15,0.6375
0.25,ewma,16,0.6355
0.25,ewma,17,0.665
0.25,ewma,18,0.6405
0.25,ewma,19,0.666
0.25,ewma,20,0.637
0.25,ewma,21,0.6365
0.25,ewma,22,0.6665
0.25,ewma,23,0.6485
0.25,ewma,24,0.6475
0.25,ewma,25,0.6185
0.25,ewma,26,0.6715
0.25,ewma,27,0.6305
0.25,ewma,28,0.6535
0.25,ewma,29,0.6595
0.25,ewma,30,0.6565
0.25,ewma,31,0.633
0.25,ewma,32,0.664
0.25,ewma,33,0.642
0.25,ewma,34,0.6475
0.25,ewma,35,0.6435
0.25,ewma,36,0.643
0.25,ewma,37,0.6535
0.25,ewma,38,0.6555
0.25,ewma,39,0.658
0.25,ewma,40,0.663
0.25,ewma,41,0.6625
0.25,ewma,42,0.6595
0.25,ewma,43,0.6645
0.25,ewma,44,0.663
0.25,ewma,45,0.646
0.25,ewma,46,0.605
0.25,ewma,47,0.6295
0.25,ewma,48,0.634
0.25,ewma,49,0.674
0.25,belief-only,0,0.7225
0.25,belief-only,1,0.712
0.25,belief-only,2,0.7455
0.25,belief-only,3,0.725
0.25,belief-only,4,0.7045
0.25,belief-only,5,0.7145
0.25,belief-only,6,0.691
0.25,belief-only,7,0.722
0.25,belief-only,8,0.7355
0.25,belief-only,9,0.7315
0.25,belief-only,10,0.7085
0.25,belief-only,11,0.7415
0.25,belief-only,12,0.7125
0.25,belief-only,13,0.7135
0.25,belief-only,14,0.732
0.25,belief-only,15,0.7085
0.25,belief-only,16,0.712
0.25,belief-only,17,0.7225
0.25,belief-only,18,0.708
0.25,belief-only,19,0.729
0.25,belief-only,20,0.704
0.25,belief-only,21,0.722
0.25,belief-only,22,0.7315
0.25,belief-only,23,0.7105
0.25,belief-only,24,0.725
0.25,belief-only,25,0.6935
0.25,belief-only,26,0.7205
0.25,belief-only,27,0.6965
0.25,belief-only,28,0.6975
0.25,belief-only,29,0.721
0.25,belief-only,30,0.728
0.25,belief-only,31,0.7115
0.25,belief-only,32,0.696
0.25,belief-only,33,0.695
0.25,belief-only,34,0.716
0.25,belief-only,35,0.7225
0.25,belief-only,36,0.714
0.25,belief-only,37,0.7145
0.25,belief-only,38,0.728
0.25,belief-only,39,0.725
0.25,belief-only,40,0.724
0.25,belief-only,41,0.723
0.25,belief-only,42,0.732
0.25,belief-only,43,0.7305
0.25,belief-only,44,0.7265
0.25,belief-only,45,0.712
0.25,belief-only,46,0.703
0.25,belief-only,47,0.7015
0.25,belief-only,48,0.7015
0.25,belief-only,49,0.7255
0.25,state-aware,0,0.7225
0.25,state-aware,1,0.712
0.25,state-aware,2,0.7455
0.25,state-aware,3,0.725
0.25,state-aware,4,0.7045
0.25,state-aware,5,0.7145
0.25,state-aware,6,0.691
0.25,state-aware,7,0.722
0.25,state-aware,8,0.7355
0.25,state-aware,9,0.7315
0.25,state-aware,10,0.7085
0.25,state-aware,11,0.7415
0.25,state-aware,12,0.7125
0.25,state-aware,13,0.7135
0.25,state-aware,14,0.732
0.25,state-aware,15,0.7085
0.25,state-aware,16,0.712
0.25,state-aware,17,0.7225
0.25,state-aware,18,0.708
0.25,state-aware,19,0.729
0.25,state-aware,20,0.704
0.25,state-aware,21,0.722
0.25,state-aware,22,0.7315
0.25,state-aware,23,0.7105
0.25,state-aware,24,0.725
0.25,state-aware,25,0.6935
0.25,state-aware,26,0.7205
0.25,state-aware,27,0.6965
0.25,state-aware,28,0.6975
0.25,state-aware,29,0.721
0.25,state-aware,30,0.728
0.25,state-aware,31,0.7115
0.25,state-aware,32,0.696
0.25,state-aware,33,0.695
0.25,state-aware,34,0.716
0.25,state-aware,35,0.7225
0.25,state-aware,36,0.714
0.25,state-aware,37,0.7145
0.25,state-aware,38,0.728
0.25,state-aware,39,0.725
0.25,state-aware,40,0.724
0.25,state-aware,41,0.723
0.25,state-aware,42,0.732
0.25,state-aware,43,0.7305
0.25,state-aware,44,0.7265
0.25,state-aware,45,0.712
0.25,state-aware,46,0.703
0.25,state-aware,47,0.7015
0.25,state-aware,48,0.7015
0.25,state-aware,49,0.7255
0.25,oracle,0,0.7145
0.25,oracle,1,0.705
0.25,oracle,2,0.73
0.25,oracle,3,0.7275
0.25,oracle,4,0.714
0.25,oracle,5,0.713
0.25,oracle,6,0.6995
0.25,oracle,7,0.729
0.25,oracle,8,0.7265
0.25,oracle,9,0.7245
0.25,oracle,10,0.7265
0.25,oracle,11,0.741
0.25,oracle,12,0.717
0.25,oracle,13,0.7325
0.25,oracle,14,0.7275
0.25,oracle,15,0.718
0.25,oracle,16,0.7165
0.25,oracle,17,0.727
0.25,oracle,18,0.7225
0.25,oracle,19,0.7395
0.25,oracle,20,0.7205
0.25,oracle,21,0.728
0.25,oracle,22,0.7275
0.25,oracle,23,0.7125
0.25,oracle,24,0.7305
0.25,oracle,25,0.7025
0.25,oracle,26,0.73
0.25,oracle,27,0.6975
0.25,oracle,28,0.7075
0.25,oracle,29,0.725
0.25,oracle,30,0.7235
0.25,oracle,31,0.7245
0.25,oracle,32,0.7165
0.25,oracle,33,0.708
0.25,oracle,34,0.7245
0.25,oracle,35,0.713
0.25,oracle,36,0.7075
0.25,oracle,37,0.715
0.25,oracle,38,0.7225
0.25,oracle,39,0.725
0.25,oracle,40,0.729
0.25,oracle,41,0.726
0.25,oracle,42,0.7295
0.25,oracle,43,0.7365
0.25,oracle,44,0.735
0.25,oracle,45,0.707
0.25,oracle,46,0.703
0.25,oracle,47,0.7085
0.25,oracle,48,0.7035
0.25,oracle,49,0.724
0.3,random,0,0.6075
0.3,random,1,0.5955
0.3,random,2,0.617
0.3,random,3,0.619
0.3,random,4,0.5765
0.3,random,5,0.6075
0.3,random,6,0.602
0.3,random,7,0.61
0.3,random,8,0.594
0.3,random,9,0.64
0.3,random,10,0.5935
0.3,random,11,0.6275
0.3,random,12,0.612
0.3,random,13,0.609
0.3,random,14,0.6095
0.3,random,15,0.5945
0.3,random,16,0.586
0.3,random,17,0.588
0.3,random,18,0.611
0.3,random,19,0.611
0.3,random,20,0.5895
0.3,random,21,0.594
0.3,random,22,0.625
0.3,random,23,0.602
0.3,random,24,0.596
0.3,random,25,0.5915
0.3,random,26,0.6125
0.3,random,27,0.587
0.3,random,28,0.612
0.3,random,29,0.599
0.3,random,30,0.6105
0.3,random,31,0.6155
0.3,random,32,0.5925
0.3,random,33,0.597
0.3,random,34,0.602
0.3,random,35,0.579
0.3,random,36,0.6095
0.3,random,37,0.6
0.3,random,38,0.5945
0.3,random,39,0.604
0.3,random,40,0.613
0.3,random,41,0.61
0.3,random,42,0.6185
0.3,random,43,0.5935
0.3,random,44,0.596
0.3,random,45,0.605
0.3,random,46,0.5895
0.3,random,47,0.593
0.3,random,48,0.596
0.3,random,49,0.6175
0.3,round-robin,0,0.6
0.3,round-robin,1,0.611
0.3,round-robin,2,0.613
0.3,round-robin,3,0.61
0.3,round-robin,4,0.5785
0.3,round-robin,5,0.6025
0.3,round-robin,6,0.5885
0.3,round-robin,7,0.608
0.3,round-robin,8,0.5965
0.3,round-robin,9,0.612
0.3,round-robin,10,0.5915
0.3,round-robin,11,0.603
0.3,round-robin,12,0.6205
0.3,round-robin,13,0.6045
0.3,round-robin,14,0.6075
0.3,round-robin,15,0.587
0.3,round-robin,16,0.5825
0.3,round-robin,17,0.609
0.3,round-robin,18,0.5885
0.3,round-robin,19,0.6195
0.3,round-robin,20,0.6
0.3,round-robin,21,0.604
0.3,round-robin,22,0.6015
0.3,round-robin,23,0.607
0.3,round-robin,24,0.6025
0.3,round-robin,25,0.5875
0.3,round-robin,26,0.6135
0.3,round-robin,27,0.591
0.3,round-robin,28,0.6055
0.3,round-robin,29,0.6025
0.3,round-robin,30,0.6185
0.3,round-robin,31,0.6125
0.3,round-robin,32,0.601
0.3,round-robin,33,0.6055
0.3,round-robin,34,0.613
0.3,round-robin,35,0.606
0.3,round-robin,36,0.609
0.3,round-robin,37,0.5835
0.3,round-robin,38,0.5975
0.3,round-robin,39,0.6135
0.3,round-robin,40,0.594
0.3,round-robin,41,0.6045
0.3,round-robin,42,0.606
0.3,round-robin,43,0.609
0.3,round-robin,44,0.605
0.3,round-robin,45,0.6225
0.3,round-robin,46,0.5915
0.3,round-robin,47,0.597
0.3,round-robin,48,0.5905
0.3,round-robin,49,0.6245
0.3,ewma,0,0.6295
0.3,ewma,1,0.63
0.3,ewma,2,0.6805
0.3,ewma,3,0.6825
0.3,ewma,4,0.6025
0.3,ewma,5,0.635
0.3,ewma,6,0.6205
0.3,ewma,7,0.679
0.3,ewma,8,0.631
0.3,ewma,9,0.6665
0.3,ewma,10,0.63
0.3,ewma,11,0.65
0.3,ewma,12,0.6775
0.3,ewma,13,0.682
0.3,ewma,14,0.654
0.3,ewma,15,0.635
0.3,ewma,16,0.6365
0.3,ewma,17,0.665
0.3,ewma,18,0.6635
0.3,ewma,19,0.669
0.3,ewma,20,0.6225
0.3,ewma,21,0.644
0.3,ewma,22,0.6585
0.3,ewma,23,0.656
0.3,ewma,24,0.677
0.3,ewma,25,0.6315
0.3,ewma,26,0.659
0.3,ewma,27,0.64
0.3,ewma,28,0.6325
0.3,ewma,29,0.659
0.3,ewma,30,0.6495
0.3,ewma,31,0.6375
0.3,ewma,32,0.634
0.3,ewma,33,0.635
0.3,ewma,34,0.64
0.3,ewma,35,0.628
0.3,ewma,36,0.618
0.3,ewma,37,0.647
0.3,ewma,38,0.637
0.3,ewma,39,0.668
0.3,ewma,40,0.6445
0.3,ewma,41,0.6585
0.3,ewma,42,0.6795
0.3,ewma,43,0.6685
0.3,ewma,44,0.658
0.3,ewma,45,0.6515
0.3,ewma,46,0.6255
0.3,ewma,47,0.6315
0.3,ewma,48,0.641
0.3,ewma,49,0.6595
0.3,belief-only,0,0.71
0.3,belief-only,1,0.7
0.3,belief-only,2,0.725
0.3,belief-only,3,0.72
0.3,belief-only,4,0.7095
0.3,belief-only,5,0.7175
0.3,belief-only,6,0.7055
0.3,belief-only,7,0.715
0.3,belief-only,8,0.7255
0.3,belief-only,9,0.728
0.3,belief-only,10,0.709
0.3,belief-only,11,0.718
0.3,belief-only,12,0.7225
0.3,belief-only,13,0.7295
0.3,belief-only,14,0.7155
0.3,belief-only,15,0.7
0.3,belief-only,16,0.7005
0.3,belief-only,17,0.724
0.3,belief-only,18,0.7215
0.3,belief-only,19,0.743
0.3,belief-only,20,0.6985
0.3,belief-only,21,0.7135
0.3,belief-only,22,0.7235
0.3,belief-only,23,0.7095
0.3,belief-only,24,0.716
0.3,belief-only,25,0.708
0.3,belief-only,26,0.7245
0.3,belief-only,27,0.694
0.3,belief-only,28,0.694
0.3,belief-only,29,0.7125
0.3,belief-only,30,0.72
0.3,belief-only,31,0.7155
0.3,belief-only,32,0.7035
0.3,belief-only,33,0.71
0.3,belief-only,34,0.7195
0.3,belief-only,35,0.6915
0.3,belief-only,36,0.7025
0.3,belief-only,37,0.7175
0.3,belief-only,38,0.7065
0.3,belief-only,39,0.7315
0.3,belief-only,40,0.7115
0.3,belief-only,41,0.7185
0.3,belief-only,42,0.7245
0.3,belief-only,43,0.725
0.3,belief-only,44,0.718
0.3,belief-only,45,0.7185
0.3,belief-only,46,0.704
0.3,belief-only,47,0.7105
0.3,belief-only,48,0.6985
0.3,belief-only,49,0.7295
0.3,state-aware,0,0.71
0.3,state-aware,1,0.7
0.3,state-aware,2,0.725
0.3,state-aware,3,0.72
0.3,state-aware,4,0.7095
0.3,state-aware,5,0.7175
0.3,state-aware,6,0.7055
0.3,state-aware,7,0.715
0.3,state-aware,8,0.7255
0.3,state-aware,9,0.728
0.3,state-aware,10,0.709
0.3,state-aware,11,0.718
0.3,state-aware,12,0.7225
0.3,state-aware,13,0.7295
0.3,state-aware,14,0.7155
0.3,state-aware,15,0.7
0.3,state-aware,16,0.7005
0.3,state-aware,17,0.724
0.3,state-aware,18,0.7215
0.3,state-aware,19,0.743
0.3,state-aware,20,0.6985
0.3,state-aware,21,0.7135
0.3,state-aware,22,0.7235
0.3,state-aware,23,0.7095
0.3,state-aware,24,0.716
0.3,state-aware,25,0.708
0.3,state-aware,26,0.7245
0.3,state-aware,27,0.694
0.3,state-aware,28,0.694
0.3,state-aware,29,0.7125
0.3,state-aware,30,0.72
0.3,state-aware,31,0.7155
0.3,state-aware,32,0.7035
0.3,state-aware,33,0.71
0.3,state-aware,34,0.7195
0.3,state-aware,35,0.6915
0.3,state-aware,36,0.7025
0.3,state-aware,37,0.7175
0.3,state-aware,38,0.7065
0.3,state-aware,39,0.7315
0.3,state-aware,40,0.7115
0.3,state-aware,41,0.7185
0.3,state-aware,42,0.7245
0.3,state-aware,43,0.725
0.3,state-aware,44,0.718
0.3,state-aware,45,0.7185
0.3,state-aware,46,0.704
0.3,state-aware,47,0.7105
0.3,state-aware,48,0.6985
0.3,state-aware,49,0.7295
0.3,oracle,0,0.7125
0.3,oracle,1,0.705
0.3,oracle,2,0.7285
0.3,oracle,3,0.728
0.3,oracle,4,0.7035
0.3,oracle,5,0.724
0.3,oracle,6,0.707
0.3,oracle,7,0.724
0.3,oracle,8,0.726
0.3,oracle,9,0.73
0.3,oracle,10,0.71
0.3,oracle,11,0.719
0.3,oracle,12,0.7265
0.3,oracle,13,0.742
0.3,oracle,14,0.709
0.3,oracle,15,0.7085
0.3,oracle,16,0.699
0.3,oracle,17,0.7265
0.3,oracle,18,0.719
0.3,oracle,19,0.7385
0.3,oracle,20,0.7075
0.3,oracle,21,0.7185
0.3,oracle,22,0.7195
0.3,oracle,23,0.7195
0.3,oracle,24,0.729
0.3,oracle,25,0.704
0.3,oracle,26,0.721
0.3,oracle,27,0.6915
0.3,oracle,28,0.7145
0.3,oracle,29,0.7145
0.3,oracle,30,0.7245
0.3,oracle,31,0.72
0.3,oracle,32,0.7105
0.3,oracle,33,0.718
0.3,oracle,34,0.7175
0.3,oracle,35,0.6985
0.3,oracle,36,0.698
0.3,oracle,37,0.718
0.3,oracle,38,0.714
0.3,oracle,39,0.7325
0.3,oracle,40,0.719
0.3,oracle,41,0.7245
0.3,oracle,42,0.729
0.3,oracle,43,0.731
0.3,oracle,44,0.723
0.3,oracle,45,0.714
0.3,oracle,46,0.706
0.3,oracle,47,0.716
0.3,oracle,48,0.701
0.3,oracle,49,0.7285
0.35,random,0,0.585
0.35,random,1,0.595
0.35,random,2,0.5945
0.35,random,3,0.603
0.35,random,4,0.596
0.35,random,5,0.5715
0.35,random,6,0.589
0.35,random,7,0.5855
0.35,random,8,0.593
0.35,random,9,0.6105
0.35,random,10,0.5755
0.35,random,11,0.611
0.35,random,12,0.566
0.35,random,13,0.601
0.35,random,14,0.588
0.35,random,15,0.5675
0.35,random,16,0.5765
0.35,random,17,0.588
0.35,random,18,0.5875
0.35,random,19,0.598
0.35,random,20,0.587
0.35,random,21,0.5705
0.35,random,22,0.5995
0.35,random,23,0.59
0.35,random,24,0.577
0.35,random,25,0.5565
0.35,random,26,0.61
0.35,random,27,0.5815
0.35,random,28,0.598
0.35,random,29,0.597
0.35,random,30,0.583
0.35,random,31,0.5865
0.35,random,32,0.587
0.35,random,33,0.588
0.35,random,34,0.599
0.35,random,35,0.5755
0.35,random,36,0.601
0.35,random,37,0.583
0.35,random,38,0.589
0.35,random,39,0.575
0.35,random,40,0.6015
0.35,random,41,0.587
0.35,random,42,0.602
0.35,random,43,0.581
0.35,random,44,0.599
0.35,random,45,0.592
0.35,random,46,0.571
0.35,random,47,0.5695
0.35,random,48,0.5865
0.35,random,49,0.604
0.35,round-robin,0,0.581
0.35,round-robin,1,0.6035
0.35,round-robin,2,0.602
0.35,round-robin,3,0.5965
0.35,round-robin,4,0.58
0.35,round-robin,5,0.575
0.35,round-robin,6,0.5735
0.35,round-robin,7,0.593
0.35,round-robin,8,0.5735
0.35,round-robin,9,0.589
0.35,round-robin,10,0.578
0.35,round-robin,11,0.591
0.35,round-robin,12,0.579
0.35,round-robin,13,0.5865
0.35,round-robin,14,0.602
0.35,round-robin,15,0.57
0.35,round-robin,16,0.574
0.35,round-robin,17,0.5935
0.35,round-robin,18,0.5875
0.35,round-robin,19,0.612
0.35,round-robin,20,0.5935
0.35,round-robin,21,0.591
0.35,round-robin,22,0.5915
0.35,round-robin,23,0.5925
0.35,round-robin,24,0.597
0.35,round-robin,25,0.564
0.35,round-robin,26,0.606
0.35,round-robin,27,0.588
0.35,round-robin,28,0.5995
0.35,round-robin,29,0.5955
0.35,round-robin,30,0.5955
0.35,round-robin,31,0.594
0.35,round-robin,32,0.593
0.35,round-robin,33,0.5915
0.35,round-robin,34,0.608
0.35,round-robin,35,0.6085
0.35,round-robin,36,0.595
0.35,round-robin,37,0.5655
0.35,round-robin,38,0.58
0.35,round-robin,39,0.575
0.35,round-robin,40,0.5975
0.35,round-robin,41,0.5895
0.35,round-robin,42,0.6
0.35,round-robin,43,0.59
0.35,round-robin,44,0.595
0.35,round-robin,45,0.604
0.35,round-robin,46,0.582
0.35,round-robin,47,0.5805
0.35,round-robin,48,0.585
0.35,round-robin,49,0.5985
0.35,ewma,0,0.64
0.35,ewma,1,0.636
0.35,ewma,2,0.6755
0.35,ewma,3,0.6745
0.35,ewma,4,0.6325
0.35,ewma,5,0.644
0.35,ewma,6,0.617
0.35,ewma,7,0.66
0.35,ewma,8,0.6515
0.35,ewma,9,0.6715
0.35,ewma,10,0.6475
0.35,ewma,11,0.6475
0.35,ewma,12,0.634
0.35,ewma,13,0.69
0.35,ewma,14,0.6395
0.35,ewma,15,0.638
0.35,ewma,16,0.6225
0.35,ewma,17,0.6465
0.35,ewma,18,0.6385
0.35,ewma,19,0.6565
0.35,ewma,20,0.6525
0.35,ewma,21,0.66
0.35,ewma,22,0.625
0.35,ewma,23,0.652
0.35,ewma,24,0.6635
0.35,ewma,25,0.604
0.35,ewma,26,0.6665
0.35,ewma,27,0.626
0.35,ewma,28,0.6475
0.35,ewma,29,0.631
0.35,ewma,30,0.6525
0.35,ewma,31,0.652
0.35,ewma,32,0.6285
0.35,ewma,33,0.6475
0.35,ewma,34,0.6495
0.35,ewma,35,0.622
0.35,ewma,36,0.618
0.35,ewma,37,0.625
0.35,ewma,38,0.641
0.35,ewma,39,0.6465
0.35,ewma,40,0.6435
0.35,ewma,41,0.646
0.35,ewma,42,0.65
0.35,ewma,43,0.658
0.35,ewma,44,0.662
0.35,ewma,45,0.653
0.35,ewma,46,0.65
0.35,ewma,47,0.6265
0.35,ewma,48,0.6215
0.35,ewma,49,0.673
0.35,belief-only,0,0.7075
0.35,belief-only,1,0.715
0.35,belief-only,2,0.7235
0.35,belief-only,3,0.718
0.35,belief-only,4,0.717
0.35,belief-only,5,0.7005
0.35,belief-only,6,0.6835
0.35,belief-only,7,0.705
0.35,belief-only,8,0.7045
0.35,belief-only,9,0.7215
0.35,belief-only,10,0.718
0.35,belief-only,11,0.713
0.35,belief-only,12,0.6875
0.35,belief-only,13,0.7265
0.35,belief-only,14,0.708
0.35,belief-only,15,0.7015
0.35,belief-only,16,0.705
0.35,belief-only,17,0.712
0.35,belief-only,18,0.7075
0.35,belief-only,19,0.718
0.35,belief-only,20,0.7065
0.35,belief-only,21,0.717
0.35,belief-only,22,0.714
0.35,belief-only,23,0.7095
0.35,belief-only,24,0.7155
0.35,belief-only,25,0.693
0.35,belief-only,26,0.722
0.35,belief-only,27,0.6815
0.35,belief-only,28,0.703
0.35,belief-only,29,0.6995
0.35,belief-only,30,0.7135
0.35,belief-only,31,0.7035
0.35,belief-only,32,0.713
0.35,belief-only,33,0.708
0.35,belief-only,34,0.7155
0.35,belief-only,35,0.6905
0.35,belief-only,36,0.706
0.35,belief-only,37,0.7085
0.35,belief-only,38,0.6995
0.35,belief-only,39,0.713
0.35,belief-only,40,0.707
0.35,belief-only,41,0.712
0.35,belief-only,42,0.729
0.35,belief-only,43,0.725
0.35,belief-only,44,0.717
0.35,belief-only,45,0.7085
0.35,belief-only,46,0.6975
0.35,belief-only,47,0.7005
0.35,belief-only,48,0.69
0.35,belief-only,49,0.711
0.35,state-aware,0,0.7075
0.35,state-aware,1,0.715
0.35,state-aware,2,0.7235
0.35,state-aware,3,0.718
0.35,state-aware,4,0.717
0.35,state-aware,5,0.7005
0.35,state-aware,6,0.6835
0.35,state-aware,7,0.705
0.35,state-aware,8,0.7045
0.35,state-aware,9,0.7215
0.35,state-aware,10,0.718
0.35,state-aware,11,0.713
0.35,state-aware,12,0.6875
0.35,state-aware,13,0.7265
0.35,state-aware,14,0.708
0.35,state-aware,15,0.7015
0.35,state-aware,16,0.705
0.35,state-aware,17,0.712
0.35,state-aware,18,0.7075
0.35,state-aware,19,0.718
0.35,state-aware,20,0.7065
0.35,state-aware,21,0.717
0.35,state-aware,22,0.714
0.35,state-aware,23,0.7095
0.35,state-aware,24,0.7155
0.35,state-aware,25,0.693
0.35,state-aware,26,0.722
0.35,state-aware,27,0.6815
0.35,state-aware,28,0.703
0.35,state-aware,29,0.6995
0.35,state-aware,30,0.7135
0.35,state-aware,31,0.7035
0.35,state-aware,32,0.713
0.35,state-aware,33,0.708
0.35,state-aware,34,0.7155
0.35,state-aware,35,0.6905
0.35,state-aware,36,0.706
0.35,state-aware,37,0.7085
0.35,state-aware,38,0.6995
0.35,state-aware,39,0.713
0.35,state-aware,40,0.707
0.35,state-aware,41,0.712
0.35,state-aware,42,0.729
0.35,state-aware,43,0.725
0.35,state-aware,44,0.717
0.35,state-aware,45,0.7085
0.35,state-aware,46,0.6975
0.35,state-aware,47,0.7005
0.35,state-aware,48,0.69
0.35,state-aware,49,0.711
0.35,oracle,0,0.709
0.35,oracle,1,0.703
0.35,oracle,2,0.7255
0.35,oracle,3,0.722
0.35,oracle,4,0.7125
0.35,oracle,5,0.7085
0.35,oracle,6,0.6995
0.35,oracle,7,0.714
0.35,oracle,8,0.7115
0.35,oracle,9,0.725
0.35,oracle,10,0.7165
0.35,oracle,11,0.7145
0.35,oracle,12,0.688
0.35,oracle,13,0.7385
0.35,oracle,14,0.714
0.35,oracle,15,0.7075
0.35,oracle,16,0.7055
0.35,oracle,17,0.716
0.35,oracle,18,0.71
0.35,oracle,19,0.7345
0.35,oracle,20,0.7115
0.35,oracle,21,0.7255
0.35,oracle,22,0.72
0.35,oracle,23,0.701
0.35,oracle,24,0.725
0.35,oracle,25,0.7
0.35,oracle,26,0.7285
0.35,oracle,27,0.6885
0.35,oracle,28,0.7085
0.35,oracle,29,0.711
0.35,oracle,30,0.7165
0.35,oracle,31,0.7245
0.35,oracle,32,0.711
0.35,oracle,33,0.7215
0.35,oracle,34,0.7255
0.35,oracle,35,0.697
0.35,oracle,36,0.6985
0.35,oracle,37,0.7015
0.35,oracle,38,0.707
0.35,oracle,39,0.72
0.35,oracle,40,0.7035
0.35,oracle,41,0.718
0.35,oracle,42,0.7275
0.35,oracle,43,0.729
0.35,oracle,44,0.7255
0.35,oracle,45,0.713
0.35,oracle,46,0.698
0.35,oracle,47,0.698
0.35,oracle,48,0.6935
0.35,oracle,49,0.7245
0.4,random,0,0.563
0.4,random,1,0.58
0.4,random,2,0.5865
0.4,random,3,0.5735
0.4,random,4,0.576
0.4,random,5,0.5715
0.4,random,6,0.5855
0.4,random,7,0.583
0.4,random,8,0.5915
0.4,random,9,0.5875
0.4,random,10,0.5825
0.4,random,11,0.607
0.4,random,12,0.574
0.4,random,13,0.585
0.4,random,14,0.5745
0.4,random,15,0.5495
0.4,random,16,0.577
0.4,random,17,0.56
0.4,random,18,0.582
0.4,random,19,0.57
0.4,random,20,0.5725
0.4,random,21,0.5635
0.4,random,22,0.5895
0.4,random,23,0.591
0.4,random,24,0.5685
0.4,random,25,0.548
0.4,random,26,0.5945
0.4,random,27,0.5775
0.4,random,28,0.575
0.4,random,29,0.564
0.4,random,30,0.5715
0.4,random,31,0.5955
0.4,random,32,0.5695
0.4,random,33,0.561
0.4,random,34,0.577
0.4,random,35,0.5645
0.4,random,36,0.5885
0.4,random,37,0.5685
0.4,random,38,0.5765
0.4,random,39,0.5715
0.4,random,40,0.591
0.4,random,41,0.584
0.4,random,42,0.5875
0.4,random,43,0.571
0.4,random,44,0.5865
0.4,random,45,0.576
0.4,random,46,0.5735
0.4,random,47,0.5665
0.4,random,48,0.561
0.4,random,49,0.5875
0.4,round-robin,0,0.571
0.4,round-robin,1,0.591
0.4,round-robin,2,0.5905
0.4,round-robin,3,0.5815
0.4,round-robin,4,0.573
0.4,round-robin,5,0.5775
0.4,round-robin,6,0.574
0.4,round-robin,7,0.59
0.4,round-robin,8,0.576
0.4,round-robin,9,0.571
0.4,round-robin,10,0.5745
0.4,round-robin,11,0.5855
0.4,round-robin,12,0.589
0.4,round-robin,13,0.5745
0.4,round-robin,14,0.582
0.4,round-robin,15,0.5495
0.4,round-robin,16,0.573
0.4,round-robin,17,0.573
0.4,round-robin,18,0.576
0.4,round-robin,19,0.5855
0.4,round-robin,20,0.5755
0.4,round-robin,21,0.5725
0.4,round-robin,22,0.5715
0.4,round-robin,23,0.5965
0.4,round-robin,24,0.58
0.4,round-robin,25,0.566
0.4,round-robin,26,0.5855
0.4,round-robin,27,0.5715
0.4,round-robin,28,0.571
0.4,round-robin,29,0.5655
0.4,round-robin,30,0.582
0.4,round-robin,31,0.587
0.4,round-robin,32,0.5735
0.4,round-robin,33,0.5695
0.4,round-robin,34,0.595
0.4,round-robin,35,0.5925
0.4,round-robin,36,0.5745
0.4,round-robin,37,0.5575
0.4,round-robin,38,0.583
0.4,round-robin,39,0.567
0.4,round-robin,40,0.5895
0.4,round-robin,41,0.58
0.4,round-robin,42,0.583
0.4,round-robin,43,0.5695
0.4,round-robin,44,0.588
0.4,round-robin,45,0.584
0.4,round-robin,46,0.5675
0.4,round-robin,47,0.5745
0.4,round-robin,48,0.564
0.4,round-robin,49,0.5805
0.4,ewma,0,0.613
0.4,ewma,1,0.642
0.4,ewma,2,0.663
0.4,ewma,3,0.643
0.4,ewma,4,0.6385
0.4,ewma,5,0.6205
0.4,ewma,6,0.611
0.4,ewma,7,0.6585
0.4,ewma,8,0.6395
0.4,ewma,9,0.6465
0.4,ewma,10,0.64
0.4,ewma,11,0.6545
0.4,ewma,12,0.6475
0.4,ewma,13,0.6615
0.4,ewma,14,0.6555
0.4,ewma,15,0.6435
0.4,ewma,16,0.648
0.4,ewma,17,0.658
0.4,ewma,18,0.632
0.4,ewma,19,0.639
0.4,ewma,20,0.649
0.4,ewma,21,0.6455
0.4,ewma,22,0.6615
0.4,ewma,23,0.636
0.4,ewma,24,0.659
0.4,ewma,25,0.631
0.4,ewma,26,0.6665
0.4,ewma,27,0.626
0.4,ewma,28,0.6415
0.4,ewma,29,0.6305
0.4,ewma,30,0.677
0.4,ewma,31,0.657
0.4,ewma,32,0.6185
0.4,ewma,33,0.6465
0.4,ewma,34,0.659
0.4,ewma,35,0.641
0.4,ewma,36,0.635
0.4,ewma,37,0.64
0.4,ewma,38,0.6535
0.4,ewma,39,0.6645
0.4,ewma,40,0.656
0.4,ewma,41,0.6405
0.4,ewma,42,0.6595
0.4,ewma,43,0.6715
0.4,ewma,44,0.6595
0.4,ewma,45,0.6295
0.4,ewma,46,0.631
0.4,ewma,47,0.632
0.4,ewma,48,0.6385
0.4,ewma,49,0.649
0.4,belief-only,0,0.692
0.4,belief-only,1,0.711
0.4,belief-only,2,0.7145
0.4,belief-only,3,0.7015
0.4,belief-only,4,0.7125
0.4,belief-only,5,0.717
0.4,belief-only,6,0.7005
0.4,belief-only,7,0.698
0.4,belief-only,8,0.7065
0.4,belief-only,9,0.71
0.4,belief-only,10,0.7005
0.4,belief-only,11,0.7155
0.4,belief-only,12,0.706
0.4,belief-only,13,0.71
0.4,belief-only,14,0.7055
0.4,belief-only,15,0.69
0.4,belief-only,16,0.707
0.4,belief-only,17,0.7165
0.4,belief-only,18,0.702
0.4,belief-only,19,0.707
0.4,belief-only,20,0.709
0.4,belief-only,21,0.6945
0.4,belief-only,22,0.7005
0.4,belief-only,23,0.713
0.4,belief-only,24,0.711
0.4,belief-only,25,0.6995
0.4,belief-only,26,0.703
0.4,belief-only,27,0.6875
0.4,belief-only,28,0.699
0.4,belief-only,29,0.692
0.4,belief-only,30,0.721
0.4,belief-only,31,0.7125
0.4,belief-only,32,0.7105
0.4,belief-only,33,0.6995
0.4,belief-only,34,0.6985
0.4,belief-only,35,0.7035
0.4,belief-only,36,0.699
0.4,belief-only,37,0.696
0.4,belief-only,38,0.701
0.4,belief-only,39,0.705
0.4,belief-only,40,0.72
0.4,belief-only,41,0.7065
0.4,belief-only,42,0.72
0.4,belief-only,43,0.7165
0.4,belief-only,44,0.724
0.4,belief-only,45,0.6885
0.4,belief-only,46,0.69
0.4,belief-only,47,0.6975
0.4,belief-only,48,0.682
0.4,belief-only,49,0.7165
0.4,state-aware,0,0.692
0.4,state-aware,1,0.711
0.4,state-aware,2,0.7145
0.4,state-aware,3,0.7015
0.4,state-aware,4,0.7125
0.4,state-aware,5,0.717
0.4,state-aware,6,0.7005
0.4,state-aware,7,0.698
0.4,state-aware,8,0.7065
0.4,state-aware,9,0.71
0.4,state-aware,10,0.7005
0.4,state-aware,11,0.7155
0.4,state-aware,12,0.706
0.4,state-aware,13,0.71
0.4,state-aware,14,0.7055
0.4,state-aware,15,0.69
0.4,state-aware,16,0.707
0.4,state-aware,17,0.7165
0.4,state-aware,18,0.702
0.4,state-aware,19,0.707
0.4,state-aware,20,0.709
0.4,state-aware,21,0.6945
0.4,state-aware,22,0.7005
0.4,state-aware,23,0.713
0.4,state-aware,24,0.711
0.4,state-aware,25,0.6995
0.4,state-aware,26,0.703
0.4,state-aware,27,0.6875
0.4,state-aware,28,0.699
0.4,state-aware,29,0.692
0.4,state-aware,30,0.721
0.4,state-aware,31,0.7125
0.4,state-aware,32,0.7105
0.4,state-aware,33,0.6995
0.4,state-aware,34,0.6985
0.4,state-aware,35,0.7035
0.4,state-aware,36,0.699
0.4,state-aware,37,0.696
0.4,state-aware,38,0.701
0.4,state-aware,39,0.705
0.4,state-aware,40,0.72
0.4,state-aware,41,0.7065
0.4,state-aware,42,0.72
0.4,state-aware,43,0.7165
0.4,state-aware,44,0.724
0.4,state-aware,45,0.6885
0.4,state-aware,46,0.69
0.4,state-aware,47,0.6975
0.4,state-aware,48,0.682
0.4,state-aware,49,0.7165
0.4,oracle,0,0.701
0.4,oracle,1,0.7045
0.4,oracle,2,0.7215
0.4,oracle,3,0.701
0.4,oracle,4,0.7055
0.4,oracle,5,0.714
0.4,oracle,6,0.703
0.4,oracle,7,0.716
0.4,oracle,8,0.711
0.4,oracle,9,0.722
0.4,oracle,10,0.7195
0.4,oracle,11,0.7135
0.4,oracle,12,0.7085
0.4,oracle,13,0.725
0.4,oracle,14,0.7135
0.4,oracle,15,0.697
0.4,oracle,16,0.7135
0.4,oracle,17,0.7205
0.4,oracle,18,0.706
0.4,oracle,19,0.7105
0.4,oracle,20,0.7155
0.4,oracle,21,0.7085
0.4,oracle,22,0.7085
0.4,oracle,23,0.709
0.4,oracle,24,0.713
0.4,oracle,25,0.7035
0.4,oracle,26,0.7145
0.4,oracle,27,0.686
0.4,oracle,28,0.7
0.4,oracle,29,0.7
0.4,oracle,30,0.724
0.4,oracle,31,0.7255
0.4,oracle,32,0.711
0.4,oracle,33,0.703
0.4,oracle,34,0.7225
0.4,oracle,35,0.701
0.4,oracle,36,0.6975
0.4,oracle,37,0.7065
0.4,oracle,38,0.7145
0.4,oracle,39,0.713
0.4,oracle,40,0.7295
0.4,oracle,41,0.718
0.4,oracle,42,0.7225
0.4,oracle,43,0.727
0.4,oracle,44,0.726
0.4,oracle,45,0.7075
0.4,oracle,46,0.695
0.4,oracle,47,0.7025
0.4,oracle,48,0.685
0.4,oracle,49,0.7195
