dp,rho,setting,n_seeds,report_pct,true_delivery_pct,reported_estimate_pct,bias_pp,snr_greedy_loss_pct,belief_pred_pct,ewma_pct,blend_paper_pct,saf_adaptive_pct,oracle_pct,adaptive_minus_ewma_pp,adaptive_minus_ewma_ci95
0.0,1.0,complete,500,100.00,61.358,61.358,+0.000,70.456,70.872,61.809,65.309,70.868,71.277,+9.060,0.057
0.0,1.0,random-missing,500,81.98,61.358,61.363,+0.006,70.456,70.872,61.785,65.755,70.869,71.277,+9.085,0.057
0.0,1.0,informative-missing,500,85.54,61.358,66.226,+4.869,70.456,70.872,61.587,65.028,70.868,71.277,+9.280,0.058
0.0,0.0,complete,500,100.00,61.352,61.352,+0.000,61.321,61.318,61.791,62.009,61.744,71.267,-0.046,0.050
0.0,0.0,random-missing,500,81.98,61.352,61.328,-0.024,61.321,61.318,61.730,61.968,61.663,71.267,-0.067,0.048
0.0,0.0,informative-missing,500,85.54,61.352,66.171,+4.819,61.321,61.318,61.562,61.720,61.442,71.267,-0.120,0.056
0.025,1.0,complete,500,100.00,60.728,60.728,+0.000,70.083,70.502,61.209,64.787,70.498,70.926,+9.289,0.058
0.025,1.0,random-missing,500,81.98,60.728,60.725,-0.003,70.083,70.502,61.191,65.252,70.497,70.926,+9.306,0.058
0.025,1.0,informative-missing,500,85.02,60.728,65.759,+5.031,70.083,70.502,60.985,64.522,70.497,70.926,+9.512,0.059
0.025,0.0,complete,500,100.00,60.717,60.717,+0.000,60.705,60.712,61.151,61.380,61.135,70.916,-0.016,0.049
0.025,0.0,random-missing,500,81.98,60.717,60.698,-0.019,60.705,60.712,61.104,61.334,61.067,70.916,-0.037,0.048
0.025,0.0,informative-missing,500,85.01,60.717,65.706,+4.989,60.705,60.712,60.940,61.124,60.873,70.916,-0.067,0.055
0.05,1.0,complete,500,100.00,60.085,60.085,+0.000,69.714,70.138,60.627,64.282,70.133,70.582,+9.506,0.058
0.05,1.0,random-missing,500,81.98,60.085,60.085,+0.000,69.714,70.138,60.599,64.752,70.134,70.582,+9.534,0.060
0.05,1.0,informative-missing,500,84.46,60.085,65.283,+5.198,69.714,70.138,60.405,64.047,70.132,70.582,+9.727,0.061
0.05,0.0,complete,500,100.00,60.089,60.089,+0.000,60.115,60.150,60.602,60.795,60.585,70.563,-0.018,0.049
0.05,0.0,random-missing,500,81.98,60.089,60.056,-0.033,60.115,60.150,60.553,60.724,60.531,70.563,-0.022,0.049
0.05,0.0,informative-missing,500,84.48,60.089,65.230,+5.142,60.115,60.150,60.357,60.549,60.298,70.563,-0.059,0.058
0.075,1.0,complete,500,100.00,59.466,59.466,+0.000,69.343,69.775,60.143,63.829,69.770,70.234,+9.627,0.063
0.075,1.0,random-missing,500,81.98,59.466,59.461,-0.005,69.343,69.775,60.096,64.298,69.770,70.234,+9.675,0.063
0.075,1.0,informative-missing,500,83.95,59.466,64.807,+5.341,69.343,69.775,59.873,63.570,69.769,70.234,+9.897,0.064
0.075,0.0,complete,500,100.00,59.456,59.456,+0.000,59.540,59.613,60.062,60.260,60.065,70.214,+0.003,0.051
0.075,0.0,random-missing,500,81.98,59.456,59.433,-0.023,59.540,59.613,60.032,60.215,60.013,70.214,-0.019,0.051
0.075,0.0,informative-missing,500,83.93,59.456,64.772,+5.316,59.540,59.613,59.825,60.002,59.777,70.214,-0.048,0.057
0.09,1.0,complete,500,100.00,59.085,59.085,+0.000,69.126,69.561,59.897,63.555,69.557,70.032,+9.660,0.067
0.09,1.0,random-missing,500,81.98,59.085,59.075,-0.010,69.126,69.561,59.834,64.049,69.556,70.032,+9.723,0.065
0.09,1.0,informative-missing,500,83.64,59.085,64.518,+5.433,69.126,69.561,59.601,63.309,69.555,70.032,+9.955,0.066
0.09,0.0,complete,500,100.00,59.077,59.077,+0.000,59.203,59.304,59.790,59.960,59.739,70.005,-0.051,0.053
0.09,0.0,random-missing,500,81.98,59.077,59.051,-0.026,59.203,59.304,59.740,59.917,59.754,70.005,+0.014,0.051
0.09,0.0,informative-missing,500,83.63,59.077,64.473,+5.396,59.203,59.304,59.508,59.678,59.499,70.005,-0.010,0.064
0.1,1.0,complete,500,100.00,58.831,58.831,+0.000,68.981,69.420,59.709,63.397,69.415,69.898,+9.706,0.068
0.1,1.0,random-missing,500,81.98,58.831,58.824,-0.007,68.981,69.420,59.672,63.871,69.414,69.898,+9.742,0.068
0.1,1.0,informative-missing,500,83.41,58.831,64.326,+5.495,68.981,69.420,59.394,63.138,69.414,69.898,+10.020,0.069
0.1,0.0,complete,500,100.00,58.814,58.814,+0.000,58.986,59.113,59.623,59.806,59.602,69.862,-0.021,0.055
0.1,0.0,random-missing,500,81.98,58.814,58.783,-0.031,58.986,59.113,59.576,59.749,59.588,69.862,+0.013,0.053
0.1,0.0,informative-missing,500,83.42,58.814,64.271,+5.458,58.986,59.113,59.292,59.480,59.269,69.862,-0.023,0.065
0.2,1.0,complete,500,100.00,56.349,56.349,+0.000,67.518,67.989,58.323,61.862,67.983,68.532,+9.660,0.082
0.2,1.0,random-missing,500,81.98,56.349,56.325,-0.024,67.518,67.989,58.316,62.369,67.983,68.532,+9.668,0.087
0.2,1.0,informative-missing,500,81.34,56.349,62.351,+6.002,67.518,67.989,57.877,61.588,67.984,68.532,+10.107,0.091
0.2,0.0,complete,500,100.00,56.332,56.332,+0.000,57.185,57.620,58.313,58.388,58.263,68.527,-0.050,0.072
0.2,0.0,random-missing,500,81.98,56.332,56.309,-0.023,57.185,57.620,58.248,58.374,58.323,68.527,+0.075,0.068
0.2,0.0,informative-missing,500,81.29,56.332,62.330,+5.998,57.185,57.620,57.794,58.061,57.859,68.527,+0.064,0.080
0.3,1.0,complete,500,100.00,53.844,53.844,+0.000,66.049,66.574,57.731,60.719,66.570,67.167,+8.839,0.104
0.3,1.0,random-missing,500,81.98,53.844,53.829,-0.015,66.049,66.574,57.722,61.247,66.570,67.167,+8.848,0.099
0.3,1.0,informative-missing,500,79.22,53.844,60.312,+6.468,66.049,66.574,56.942,60.429,66.570,67.167,+9.627,0.116
0.3,0.0,complete,500,100.00,53.795,53.795,+0.000,55.847,56.753,57.589,57.714,57.624,67.152,+0.035,0.086
0.3,0.0,random-missing,500,81.98,53.795,53.764,-0.031,55.847,56.753,57.651,57.708,57.637,67.152,-0.014,0.088
0.3,0.0,informative-missing,500,79.15,53.795,60.237,+6.443,55.847,56.753,56.921,57.301,56.960,67.152,+0.039,0.103
0.4,1.0,complete,500,100.00,51.321,51.321,+0.000,64.588,65.159,57.631,59.978,65.156,65.795,+7.525,0.112
0.4,1.0,random-missing,500,81.98,51.321,51.305,-0.016,64.588,65.159,57.569,60.492,65.156,65.795,+7.587,0.111
0.4,1.0,informative-missing,500,77.14,51.321,58.092,+6.771,64.588,65.159,56.589,59.656,65.154,65.795,+8.565,0.129
0.4,0.0,complete,500,100.00,51.333,51.333,+0.000,54.919,56.483,57.472,57.652,57.433,65.776,-0.039,0.092
0.4,0.0,random-missing,500,81.98,51.333,51.292,-0.041,54.919,56.483,57.487,57.637,57.481,65.776,-0.005,0.100
0.4,0.0,informative-missing,500,77.10,51.333,58.060,+6.727,54.919,56.483,56.493,57.196,56.735,65.776,+0.242,0.117
