t,node,tel,ack_flag,policy,block,sent_gws,reject_reason,b1,b2,b3,score1,score2,score3,used_gw1,used_gw2,used_gw3,interferer
1790651082.6255176,5,1032,1,state-aware,1,2,,0.9925,0.9937,,0.9925,0.9937,,0,1,,OFF
1790651083.296458,4,1022,1,state-aware,1,2,,0.9936,0.9938,,0.9936,0.9938,,0,2,,UNKNOWN
1790651084.122914,9,1006,1,state-aware,1,2,,0.9914,0.9925,,0.9914,0.9925,,0,3,,UNKNOWN
1790651086.8383636,10,1030,1,state-aware,1,2,,0.9924,0.9924,,0.9924,0.9924,,0,4,,UNKNOWN
1790651088.8707688,7,1017,1,state-aware,1,1,,0.9943,0.9932,,0.9943,0.9932,,1,4,,UNKNOWN
1790651089.7040694,2,1019,1,state-aware,1,1,,0.9924,0.9891,,0.9924,0.9891,,2,4,,UNKNOWN
1790651090.1146588,1,1036,1,state-aware,1,2,,0.9915,0.9932,,0.9915,0.9932,,2,5,,UNKNOWN
1790651090.5113106,3,1034,1,state-aware,1,2,,0.9924,0.9938,,0.9924,0.9938,,2,6,,UNKNOWN
1790651090.9338853,6,1033,1,state-aware,1,1,,0.994,0.9924,,0.994,0.9924,,3,6,,UNKNOWN
1790651096.1188686,5,1033,1,state-aware,1,1,,0.9933,0.9901,,0.9933,0.9251,,4,6,,UNKNOWN
1790651096.5717955,8,1009,1,state-aware,1,1,,0.9938,0.9933,,0.9938,0.9933,,5,6,,UNKNOWN
1790651097.8697042,9,1007,1,state-aware,1,1,,0.9931,0.4917,,0.9931,0.5098,,6,6,,UNKNOWN
1790651098.367991,4,1023,1,state-aware,1,1,,0.9937,0.9937,,0.9937,0.8947,,7,6,,UNKNOWN
1790651099.6043189,10,1031,1,state-aware,1,1,,0.9933,0.9944,,0.9933,0.9286,,8,6,,UNKNOWN
1790651103.107539,1,1037,1,state-aware,1,1,,0.9933,0.9938,,0.9933,0.9282,,9,6,,UNKNOWN
1790651103.6031203,7,1018,1,state-aware,1,2,,0.9556,0.9932,,0.8964,0.9932,,9,7,,UNKNOWN
1790651103.6053226,2,1020,1,state-aware,1,2,,0.9924,0.9493,,0.927,0.9493,,9,8,,UNKNOWN
1790651104.612381,6,1034,1,state-aware,1,2,,0.9915,0.9925,,0.9263,0.9925,,9,9,,UNKNOWN
1790651109.137096,5,1034,1,state-aware,1,1,,0.9938,0.9925,,0.9282,0.9271,,10,9,,UNKNOWN
1790651110.6649423,8,1010,1,state-aware,1,2,,0.9942,0.9942,,0.9285,0.9942,,10,10,,UNKNOWN
1790651112.1394656,4,1024,1,state-aware,1,1,,0.9925,0.9925,,0.9271,0.8938,,11,10,,UNKNOWN
1790651113.1215563,9,1008,1,state-aware,1,2,,0.9924,0.9942,,0.8937,0.9285,,11,11,,UNKNOWN
1790651114.166264,10,1032,1,state-aware,1,2,,0.9915,0.9925,,0.9263,0.9271,,11,12,,UNKNOWN
1790651115.8915045,1,1038,1,state-aware,1,1,,0.9938,0.9933,,0.9282,0.9277,,12,12,,UNKNOWN
1790651116.706864,2,1021,1,state-aware,1,1,,0.9916,0.9915,,0.9263,0.9263,,13,12,,UNKNOWN
1790651117.3234315,6,1035,1,state-aware,1,2,,0.9925,0.9938,,0.9271,0.9282,,13,13,,UNKNOWN
1790651119.6729767,7,1019,1,state-aware,1,1,,0.9925,0.9861,,0.9271,0.8884,,14,13,,UNKNOWN
1790651121.8221073,5,1035,1,state-aware,1,2,,0.9925,0.9915,,0.9032,0.9262,,14,14,,UNKNOWN
1790651124.6178024,3,1036,0,state-aware,1,2,,0.9942,0.9942,,0.9942,0.9942,,14,15,,UNKNOWN
1790651124.69219,8,1011,1,state-aware,1,2,,0.9915,0.9933,,0.9262,0.9277,,14,16,,UNKNOWN
1790651125.9371724,4,1025,1,state-aware,1,1,,0.9937,0.9938,,0.9041,0.8949,,15,16,,UNKNOWN
1790651126.7361395,9,1009,1,state-aware,1,2,,0.9915,0.9938,,0.8929,0.9042,,15,17,,UNKNOWN
1790651129.1156483,1,1039,1,state-aware,1,2,,0.9914,0.9933,,0.9025,0.9277,,15,18,,UNKNOWN
1790651129.598404,2,1022,1,state-aware,1,2,,0.8689,0.9915,,0.8149,0.9263,,15,19,,UNKNOWN
1790651130.3565688,6,1036,1,state-aware,1,1,,0.9932,0.9944,,0.9276,0.9045,,16,19,,UNKNOWN
1790651134.6267605,10,1033,0,state-aware,1,2,,0.0,0.0,,0.1,0.1371,,16,20,,UNKNOWN
1790651137.21081,7,1020,1,state-aware,1,1,,0.9925,0.9915,,0.9032,0.8929,,17,20,,UNKNOWN
1790651137.2403111,5,1036,1,state-aware,1,1,,0.9925,0.9915,,0.9032,0.9025,,18,20,,UNKNOWN
1790651137.2698321,3,1037,1,state-aware,1,1,,0.9942,0.9932,,0.9942,0.8943,,19,20,,UNKNOWN
1790651138.9302537,8,1012,1,state-aware,1,1,,0.9915,0.9942,,0.9262,0.9044,,20,20,,UNKNOWN
1790651139.9160964,4,1026,1,state-aware,1,1,,0.9937,0.9925,,0.9001,0.8938,,21,20,,UNKNOWN
1790651141.382813,9,1010,1,state-aware,1,2,,0.9932,0.9942,,0.8943,0.9004,,21,21,,UNKNOWN
1790651144.9448965,1,1040,1,state-aware,1,1,,0.9777,0.9933,,0.8926,0.8466,,22,18,,UNKNOWN
1790651144.945253,2,1023,1,state-aware,1,2,,0.8689,0.9847,,0.8149,0.8405,,22,19,,UNKNOWN
1790651145.5776694,10,1034,1,state-aware,1,1,,0.9924,0.9943,,0.927,0.7654,,23,19,,UNKNOWN
1790651149.2925136,7,1021,1,state-aware,1,1,,0.9714,0.0,,0.8111,0.0667,,23,18,,UNKNOWN
1790651150.630926,6,1037,0,state-aware,1,2,,0.9833,0.9882,,0.8395,0.9002,,22,17,,UNKNOWN
1790651151.6904457,3,1038,1,state-aware,1,2,,0.9926,0.9933,,0.8938,0.8944,,21,18,,UNKNOWN
1790651153.231398,8,1013,1,state-aware,1,1,,0.9909,0.0004,,0.9021,0.1946,,22,18,,UNKNOWN
1790651153.2317824,4,1027,1,state-aware,1,2,,0.9057,0.9941,,0.8566,0.8951,,22,19,,UNKNOWN
1790651154.078213,9,1011,1,state-aware,1,2,,0.9914,0.9933,,0.8929,0.9052,,22,20,,UNKNOWN
1790651154.6322575,5,1037,0,state-aware,1,2,,0.9941,0.9925,,0.8253,0.9032,,22,21,,UNKNOWN
1790651159.5801578,1,1041,1,state-aware,1,2,,0.9925,0.9941,,0.8243,0.8472,,18,22,,UNKNOWN
1790651161.0513346,6,1038,1,state-aware,1,2,,0.0041,0.9926,,0.14,0.8244,,17,23,,UNKNOWN
1790651161.471253,2,1024,1,state-aware,1,1,,0.9861,0.7316,,0.8987,0.6013,,18,23,,UNKNOWN
1790651163.1824238,7,1022,1,state-aware,1,2,,0.9916,0.9933,,0.8332,0.8944,,17,24,,UNKNOWN
1790651165.3314652,5,1038,1,state-aware,1,1,,0.0,0.0,,0.204,0.204,,18,21,,UNKNOWN
1790651167.6375928,10,1035,0,state-aware,1,1,,0.9933,0.9925,,0.8466,0.7643,,19,21,,UNKNOWN
1790651167.9860535,4,1028,1,state-aware,1,1,,0.4912,0.002,,0.6263,0.0928,,20,21,,UNKNOWN
1790651168.596804,9,1012,1,state-aware,1,2,,0.9938,0.9933,,0.8948,0.9147,,20,22,,UNKNOWN
1790651169.4154022,8,1014,1,state-aware,1,2,,0.9925,0.9942,,0.8243,0.9044,,19,23,,UNKNOWN
1790651171.6403203,3,1039,0,state-aware,1,1,,0.9937,0.9942,,0.8948,0.8587,,20,22,,UNKNOWN
1790651172.5132134,1,1042,1,state-aware,1,2,,0.9938,0.9925,,0.8251,0.8393,,19,23,,UNKNOWN
1790651174.4670393,6,1039,1,state-aware,1,1,,0.9894,0.9938,,0.8438,0.8344,,20,21,,UNKNOWN
1790651176.18181,7,1023,1,state-aware,1,2,,0.9932,0.9943,,0.8341,0.8588,,19,22,,UNKNOWN
1790651178.340356,10,1036,1,state-aware,1,1,,0.9933,0.9925,,0.7648,0.7643,,19,21,,UNKNOWN
1790651179.6540825,2,1025,0,state-aware,1,1,,0.9911,0.9777,,0.8985,0.755,,20,21,,UNKNOWN
1790651180.9942293,4,1029,1,state-aware,1,1,,0.0103,0.0,,0.4232,0.0914,,20,21,,UNKNOWN
1790651181.0932603,3,1040,1,state-aware,1,1,,0.9937,0.0056,,0.8012,0.1525,,21,21,,UNKNOWN
1790651181.5202684,5,1039,1,state-aware,1,2,,0.9933,0.9943,,0.7452,0.8254,,21,22,,UNKNOWN
1790651182.7541378,8,1015,1,state-aware,1,2,,0.9357,0.8943,,0.7888,0.838,,21,22,,UNKNOWN
1790651187.1477988,1,1043,1,state-aware,1,1,,0.9933,0.9915,,0.8248,0.7585,,21,19,,UNKNOWN
1790651187.6574605,9,1013,0,state-aware,1,2,,0.9916,0.9937,,0.893,0.9257,,21,20,,UNKNOWN
1790651188.5768447,6,1040,1,state-aware,1,1,,0.9901,0.9942,,0.8378,0.8346,,22,20,,UNKNOWN
1790651189.7384634,7,1024,1,state-aware,1,2,,0.9915,0.9938,,0.8331,0.8521,,22,19,,UNKNOWN
1790651190.6269443,2,1026,1,state-aware,1,1,,0.9938,0.9942,,0.8166,0.7654,,22,19,,UNKNOWN
1790651193.0772362,10,1037,1,state-aware,1,2,,0.9937,0.9914,,0.6886,0.7636,,22,20,,UNKNOWN
1790651194.2206147,4,1030,1,state-aware,1,1,,0.9933,0.9933,,0.9255,0.8009,,23,20,,UNKNOWN
1790651195.841017,3,1041,1,state-aware,1,2,,0.9914,0.9933,,0.7906,0.8581,,23,20,,UNKNOWN
1790651196.2529242,5,1040,1,state-aware,1,2,,0.9922,0.9929,,0.7446,0.8339,,23,21,,UNKNOWN
1790651196.9738724,8,1016,1,state-aware,1,2,,0.9915,0.9933,,0.8237,0.9053,,23,22,,UNKNOWN
1790651198.8225257,9,1014,1,state-aware,1,1,,0.9932,0.9942,,0.8943,0.8197,,21,22,,UNKNOWN
1790651201.7147317,6,1041,1,state-aware,1,1,,0.9933,0.9933,,0.8484,0.8342,,20,21,,UNKNOWN
1790651203.1443946,1,1044,1,state-aware,1,2,,0.9932,0.9923,,0.7452,0.7589,,20,22,,UNKNOWN
1790651203.935571,2,1027,1,state-aware,1,1,,0.9925,0.9932,,0.8343,0.7648,,21,22,,UNKNOWN
1790651204.9945633,7,1025,1,state-aware,1,1,,0.9925,0.9939,,0.8337,0.7712,,21,21,,UNKNOWN
1790651205.9030879,10,1038,1,state-aware,1,2,,0.9901,0.9915,,0.6866,0.7763,,20,22,,UNKNOWN
1790651208.5660813,3,1042,1,state-aware,1,1,,0.9914,0.0,,0.7906,0.231,,21,22,,UNKNOWN
1790651211.7210484,9,1015,1,state-aware,1,1,,0.9933,0.9938,,0.858,0.8196,,21,20,,UNKNOWN
1790651215.671301,5,1041,0,state-aware,1,2,,0.9938,0.9933,,0.7455,0.8507,,20,18,,UNKNOWN
1790651215.7082074,6,1042,1,state-aware,1,1,,0.9933,0.9925,,0.8635,0.8337,,21,18,,UNKNOWN
1790651216.5176427,1,1045,1,state-aware,1,2,,0.9938,0.9915,,0.7456,0.7826,,21,19,,UNKNOWN
1790651216.6732795,8,1017,0,state-aware,1,2,,0.9914,0.8689,,0.8236,0.8525,,21,20,,UNKNOWN
1790651217.8637505,2,1028,1,state-aware,1,1,,0.9925,0.9932,,0.8553,0.7647,,22,20,,UNKNOWN
1790651219.3906336,7,1026,1,state-aware,1,1,,0.9942,0.9942,,0.8512,0.7714,,23,20,,UNKNOWN
1790651220.4106443,10,1039,1,state-aware,1,2,,0.9937,0.9914,,0.6886,0.7986,,23,20,,UNKNOWN
1790651224.6306825,9,1016,1,state-aware,1,1,,0.9933,0.0,,0.8518,0.4055,,23,18,,UNKNOWN
1790651225.233195,3,1043,1,state-aware,1,2,,0.9932,0.994,,0.7139,0.8522,,23,19,,UNKNOWN
1790651226.042335,8,1018,1,state-aware,1,1,,0.9933,0.9938,,0.8248,0.8166,,23,19,,UNKNOWN
1790651226.5835109,5,1042,1,state-aware,1,2,,0.9933,0.9924,,0.7452,0.7601,,23,20,,UNKNOWN
1790651229.949901,1,1046,1,state-aware,1,2,,0.9925,0.9932,,0.7448,0.8109,,21,19,,UNKNOWN
1790651230.6798773,4,1032,0,state-aware,1,2,,0.4904,0.9933,,0.6969,0.8009,,21,20,,UNKNOWN
1790651231.1617396,6,1043,1,state-aware,1,2,,0.8888,0.9527,,0.7242,0.8116,,21,21,,UNKNOWN
1790651233.3282402,10,1040,1,state-aware,1,2,,0.9902,0.9901,,0.6866,0.8235,,20,21,,UNKNOWN
1790651233.96096,7,1027,1,state-aware,1,1,,0.9901,0.9939,,0.8682,0.7712,,21,21,,UNKNOWN
1790651236.684379,2,1029,0,state-aware,1,1,,0.9925,0.9938,,0.876,0.7651,,21,20,,UNKNOWN
1790651237.6492476,9,1017,1,state-aware,1,1,,0.9926,0.9925,,0.8593,0.8191,,22,20,,UNKNOWN
1790651238.6695766,8,1019,1,state-aware,1,1,,0.9916,0.9939,,0.8332,0.8166,,22,20,,UNKNOWN
1790651241.0977223,5,1043,1,state-aware,1,1,,0.9942,0.0,,0.7457,0.3811,,20,20,,UNKNOWN
1790651241.2267146,4,1033,1,state-aware,1,1,,0.9886,0.9915,,0.9233,0.7157,,21,20,,UNKNOWN
1790651241.6265469,3,1044,1,state-aware,1,2,,0.9925,0.9925,,0.7135,0.7704,,21,20,,UNKNOWN
1790651242.8845475,1,1047,1,state-aware,1,2,,0.9942,0.9938,,0.7457,0.8383,,21,20,,UNKNOWN
1790651245.6400368,6,1044,1,state-aware,1,2,,0.9924,0.9941,,0.7713,0.8511,,21,21,,UNKNOWN
1790651246.231519,10,1041,1,state-aware,1,2,,0.9938,0.9925,,0.6886,0.8497,,21,22,,UNKNOWN
1790651246.7298536,2,1030,1,state-aware,1,1,,0.9933,0.9901,,0.7723,0.7628,,22,22,,UNKNOWN
1790651247.3593621,7,1028,1,state-aware,1,1,,0.9913,0.9926,,0.8874,0.7705,,22,22,,UNKNOWN
1790651252.884469,8,1020,1,state-aware,1,1,,0.9933,0.9942,,0.8507,0.8168,,21,20,,UNKNOWN
1790651254.01797,4,1034,1,state-aware,1,1,,0.0,0.0,,0.5222,0.096,,22,19,,UNKNOWN
1790651255.2545884,3,1045,1,state-aware,1,2,,0.9925,0.9933,,0.7135,0.7937,,21,20,,UNKNOWN
1790651256.558341,1,1048,1,state-aware,1,2,,0.9933,0.9933,,0.7453,0.8631,,21,19,,UNKNOWN
1790651259.0675719,6,1045,1,state-aware,1,2,,0.9925,0.9942,,0.7713,0.87,,20,19,,UNKNOWN
1790651259.6940181,9,1018,0,state-aware,1,2,,0.9933,0.9933,,0.7737,0.8194,,20,20,,UNKNOWN
1790651259.7399943,2,1031,1,state-aware,1,1,,0.9933,0.8631,,0.8095,0.6835,,21,20,,UNKNOWN
1790651259.7402637,10,1042,1,state-aware,1,2,,0.4121,0.9925,,0.3655,0.8729,,21,21,,UNKNOWN
1790651260.6539037,7,1029,1,state-aware,1,1,,0.9939,0.9939,,0.9057,0.7712,,22,21,,UNKNOWN
1790651267.0150692,8,1021,1,state-aware,1,1,,0.8689,0.8943,,0.8131,0.7714,,20,19,,UNKNOWN
1790651268.6512718,3,1046,1,state-aware,1,2,,0.9942,0.9916,,0.7145,0.8191,,19,20,,UNKNOWN
1790651269.4933271,9,1019,1,state-aware,1,1,,0.9921,0.9942,,0.7732,0.7246,,20,20,,UNKNOWN
1790651269.5301926,5,1045,1,state-aware,1,2,,0.9938,0.9915,,0.7456,0.7942,,20,21,,UNKNOWN
1790651271.6994743,4,1035,0,state-aware,1,1,,0.8888,0.8943,,0.9056,0.6549,,21,21,,UNKNOWN
1790651272.4410903,6,1046,1,state-aware,1,2,,0.9937,0.9944,,0.7719,0.8887,,20,22,,UNKNOWN
1790651272.965794,1,1049,1,state-aware,1,2,,0.0,0.9914,,0.1934,0.7561,,20,23,,UNKNOWN
1790651273.5644732,10,1043,1,state-aware,1,2,,0.9931,0.994,,0.6882,0.8941,,20,24,,UNKNOWN
1790651274.5721295,2,1032,1,state-aware,1,2,,0.9933,0.9256,,0.7083,0.7225,,20,25,,UNKNOWN
1790651275.045231,7,1030,1,state-aware,1,1,,0.9938,0.9933,,0.921,0.7709,,21,25,,UNKNOWN
1790651280.365149,8,1022,1,state-aware,1,1,,0.9925,0.9943,,0.8879,0.8168,,19,22,,UNKNOWN
1790651283.2979848,4,1036,1,state-aware,1,1,,0.9899,0.9925,,0.8247,0.7163,,20,21,,UNKNOWN
1790651283.5911815,3,1047,1,state-aware,1,2,,0.9937,0.9932,,0.7142,0.729,,20,22,,UNKNOWN
1790651284.0450041,9,1020,1,state-aware,1,2,,0.9925,0.9943,,0.693,0.7246,,20,23,,UNKNOWN
1790651284.5165875,5,1046,1,state-aware,1,1,,0.9933,0.9901,,0.7453,0.7024,,21,23,,UNKNOWN
1790651285.535058,6,1047,1,state-aware,1,2,,0.0,0.0,,0.3202,0.5234,,20,23,,UNKNOWN
1790651286.0725121,1,1050,1,state-aware,1,2,,0.9922,0.9933,,0.7447,0.798,,19,24,,UNKNOWN
1790651287.0182989,10,1044,1,state-aware,1,2,,0.9938,0.9925,,0.6886,0.9114,,19,24,,UNKNOWN
1790651288.7185786,2,1033,1,state-aware,1,2,,0.9933,0.9578,,0.7083,0.7575,,19,25,,UNKNOWN
1790651288.7194028,7,1031,1,state-aware,1,1,,0.9933,0.9933,,0.934,0.7709,,20,25,,UNKNOWN
1790651293.7595577,8,1023,1,state-aware,1,1,,0.9915,0.9933,,0.9048,0.8164,,21,21,,UNKNOWN
1790651297.3241003,5,1047,1,state-aware,1,1,,0.9254,0.0,,0.7368,0.3216,,20,21,,UNKNOWN
1790651297.966392,9,1021,1,state-aware,1,2,,0.9916,0.9926,,0.6926,0.7691,,19,22,,UNKNOWN
1790651298.6649146,6,1048,1,state-aware,1,2,,0.9932,0.9925,,0.7716,0.9205,,19,23,,UNKNOWN
1790651299.5645394,4,1037,1,state-aware,1,1,,0.9914,0.9915,,0.7214,0.7157,,19,23,,UNKNOWN
1790651300.7098587,1,1051,1,state-aware,1,2,,0.9915,0.9925,,0.7442,0.8328,,19,24,,UNKNOWN
1790651301.032736,10,1045,1,state-aware,1,2,,0.9842,0.9894,,0.6833,0.9256,,19,25,,UNKNOWN
1790651303.7415998,3,1048,0,state-aware,1,2,,0.9916,0.9938,,0.713,0.7713,,17,24,,UNKNOWN
1790651303.9098518,2,1034,1,state-aware,1,1,,0.9915,0.9938,,0.7078,0.6998,,18,24,,UNKNOWN
1790651304.833393,7,1032,1,state-aware,1,1,,0.9924,0.9933,,0.8075,0.7708,,19,24,,UNKNOWN
1790651309.442826,8,1024,1,state-aware,1,2,,0.9925,0.9933,,0.7919,0.8164,,17,23,,UNKNOWN
1790651310.9756553,9,1022,1,state-aware,1,2,,0.9942,0.9942,,0.6937,0.8087,,17,24,,UNKNOWN
1790651312.0687816,6,1049,1,state-aware,1,2,,0.9915,0.9883,,0.7709,0.9323,,17,25,,UNKNOWN
1790651313.1883097,5,1048,1,state-aware,1,2,,0.9925,0.9915,,0.6903,0.7029,,16,26,,UNKNOWN
1790651313.588672,3,1049,1,state-aware,1,2,,0.0,0.0,,0.1621,0.3252,,16,27,,UNKNOWN
1790651314.5323832,10,1046,1,state-aware,1,2,,0.9943,0.9932,,0.6889,0.9397,,15,28,,UNKNOWN
1790651316.385291,1,1052,1,state-aware,1,1,,0.9925,0.9916,,0.7448,0.721,,16,27,,UNKNOWN
1790651317.295018,2,1035,1,state-aware,1,1,,0.9914,0.9915,,0.7586,0.6986,,17,26,,UNKNOWN
1790651319.2093816,7,1033,1,state-aware,1,1,,0.9931,0.9933,,0.8418,0.7708,,18,25,,UNKNOWN
1790651319.7555125,4,1038,0,state-aware,1,1,,0.9925,0.9941,,0.7701,0.7173,,18,23,,UNKNOWN
1790651323.2913651,8,1025,1,state-aware,1,2,,0.9933,0.9938,,0.7922,0.8429,,17,24,,UNKNOWN
1790651326.7956326,5,1049,1,state-aware,1,2,,0.9915,0.9925,,0.6899,0.7518,,17,25,,UNKNOWN
1790651327.805475,3,1050,1,state-aware,1,2,,0.9942,0.9939,,0.7144,0.7344,,16,26,,UNKNOWN
1790651328.8367062,4,1039,1,state-aware,1,2,,0.2213,0.9938,,0.4429,0.7172,,16,26,,UNKNOWN
1790651328.9058259,10,1047,1,state-aware,1,2,,0.9939,0.8535,,0.6887,0.9115,,16,27,,UNKNOWN
1790651329.455902,1,1053,1,state-aware,1,1,,0.9915,0.9925,,0.7698,0.7213,,17,27,,UNKNOWN
1790651330.762492,6,1050,0,state-aware,1,2,,0.9915,0.9936,,0.7709,0.9454,,16,27,,UNKNOWN
1790651330.8480346,2,1036,1,state-aware,1,1,,0.9944,0.9933,,0.8022,0.6995,,17,27,,UNKNOWN
1790651333.6333191,7,1034,1,state-aware,1,1,,0.9933,0.9901,,0.8703,0.7691,,17,24,,UNKNOWN
1790651336.2127688,8,1026,1,state-aware,1,2,,0.9933,0.9944,,0.7922,0.8674,,16,24,,UNKNOWN
1790651340.3871179,5,1050,1,state-aware,1,2,,0.9932,0.9933,,0.6907,0.7941,,15,25,,UNKNOWN
1790651340.8925333,6,1051,1,state-aware,1,2,,0.0,0.0,,0.3202,0.5215,,15,26,,UNKNOWN
1790651341.8142328,9,1024,1,state-aware,1,2,,0.99,0.9867,,0.6918,0.8062,,15,27,,UNKNOWN
1790651342.5318797,10,1048,1,state-aware,1,2,,0.9926,0.0,,0.688,0.6979,,15,28,,UNKNOWN
1790651346.4473767,2,1037,1,state-aware,1,2,,0.9933,0.9901,,0.6932,0.6979,,13,25,,UNKNOWN
1790651346.776677,3,1051,0,state-aware,1,2,,0.9916,0.9938,,0.713,0.7806,,13,26,,UNKNOWN
1790651346.7778933,4,1040,0,state-aware,1,1,,0.6167,0.0,,0.5592,0.1799,,14,26,,UNKNOWN
1790651348.098002,7,1035,1,state-aware,1,1,,0.9939,0.9916,,0.8941,0.7699,,15,25,,UNKNOWN
1790651348.7812212,1,1054,0,state-aware,1,1,,0.9901,0.9901,,0.7984,0.7205,,15,24,,UNKNOWN
1790651350.3277273,8,1027,1,state-aware,1,2,,0.9925,0.9944,,0.7919,0.889,,15,25,,UNKNOWN
1790651353.495235,5,1051,1,state-aware,1,2,,0.9942,0.9925,,0.6911,0.8296,,15,26,,UNKNOWN
1790651354.3131468,6,1052,1,state-aware,1,2,,0.9932,0.994,,0.7716,0.8474,,14,27,,UNKNOWN
1790651356.0893092,9,1025,1,state-aware,1,2,,0.9916,0.9938,,0.6926,0.8418,,14,28,,UNKNOWN
1790651356.995817,10,1049,1,state-aware,1,2,,0.9938,0.9925,,0.6886,0.9664,,14,29,,UNKNOWN
1790651357.795983,1,1055,1,state-aware,1,2,,0.0095,0.0,,0.302,0.4293,,13,30,,UNKNOWN
1790651360.8887577,2,1038,1,state-aware,1,2,,0.9942,0.9925,,0.6934,0.7373,,12,28,,UNKNOWN
1790651361.404925,7,1036,1,state-aware,1,1,,0.9938,0.9916,,0.9135,0.7699,,13,27,,UNKNOWN
1790651361.7985835,4,1041,0,state-aware,1,2,,0.9902,0.9885,,0.5843,0.7291,,13,28,,UNKNOWN
1790651364.4315605,8,1028,1,state-aware,1,2,,0.9933,0.9942,,0.7922,0.9077,,12,28,,UNKNOWN
1790651366.3276005,5,1052,1,state-aware,1,2,,0.9938,0.9915,,0.6909,0.8595,,11,29,,UNKNOWN
1790651368.6495962,6,1053,1,state-aware,1,2,,0.9933,0.9916,,0.7717,0.8746,,11,30,,UNKNOWN
1790651369.879997,9,1026,1,state-aware,1,2,,0.0,0.9943,,0.2419,0.87,,11,30,,UNKNOWN
1790651370.411011,10,1050,1,state-aware,1,2,,0.9915,0.9915,,0.6874,0.9722,,11,31,,UNKNOWN
1790651371.9594908,1,1056,1,state-aware,1,2,,0.9932,0.9924,,0.7118,0.7715,,11,31,,UNKNOWN
1790651373.0660915,4,1042,1,state-aware,1,2,,0.99,0.9933,,0.5843,0.6586,,11,31,,UNKNOWN
1790651374.190418,3,1053,1,state-aware,1,2,,0.9914,0.9933,,0.7129,0.7804,,11,30,,UNKNOWN
1790651374.5853107,7,1037,1,state-aware,1,1,,0.9467,0.9938,,0.9183,0.7711,,12,29,,UNKNOWN
1790651375.1088245,2,1039,1,state-aware,1,2,,0.9942,0.9933,,0.6934,0.7753,,12,30,,UNKNOWN
1790651378.7849772,8,1029,1,state-aware,1,2,,0.9925,0.9938,,0.7919,0.9235,,10,31,,UNKNOWN
1790651379.9161751,5,1053,1,state-aware,1,2,,0.9916,0.9916,,0.6899,0.8847,,8,32,,UNKNOWN
1790651382.88849,6,1054,1,state-aware,1,2,,0.9932,0.9942,,0.7716,0.8982,,8,33,,UNKNOWN
1790651383.7044318,9,1027,1,state-aware,1,2,,0.9942,0.9942,,0.6937,0.8933,,8,33,,UNKNOWN
1790651384.715337,10,1051,1,state-aware,1,2,,0.9914,0.9932,,0.6873,0.9775,,8,34,,UNKNOWN
1790651386.5758977,4,1043,1,state-aware,1,2,,0.4606,0.9925,,0.4372,0.7016,,8,35,,UNKNOWN
1790651386.7597997,1,1057,1,state-aware,1,1,,0.9915,0.8333,,0.7111,0.624,,9,35,,UNKNOWN
1790651387.307048,3,1054,1,state-aware,1,2,,0.9933,0.9926,,0.714,0.8192,,9,35,,UNKNOWN
1790651388.4071558,7,1038,1,state-aware,1,1,,0.6854,0.0016,,0.8725,0.2199,,10,34,,UNKNOWN
1790651392.7188122,8,1030,1,state-aware,1,2,,0.9944,0.9939,,0.7926,0.9369,,8,32,,UNKNOWN
1790651393.138351,5,1054,1,state-aware,1,2,,0.9938,0.9915,,0.6909,0.9055,,8,33,,UNKNOWN
1790651393.8436246,2,1040,0,state-aware,1,2,,0.9933,0.9938,,0.6932,0.8104,,7,34,,UNKNOWN
1790651396.8461592,6,1055,1,state-aware,1,2,,0.9932,0.9942,,0.7716,0.9171,,7,34,,UNKNOWN
1790651397.9243927,9,1028,1,state-aware,1,2,,0.9925,0.9938,,0.693,0.9126,,7,35,,UNKNOWN
1790651400.2030203,4,1044,1,state-aware,1,2,,0.9925,0.9937,,0.5849,0.7449,,7,36,,UNKNOWN
1790651400.6284833,10,1052,1,state-aware,1,2,,0.9925,0.9915,,0.6879,0.8247,,7,36,,UNKNOWN
1790651401.5275822,3,1055,1,state-aware,1,2,,0.9925,0.8804,,0.7135,0.8206,,7,36,,UNKNOWN
1790651403.9860244,2,1041,1,state-aware,1,2,,0.9932,0.9937,,0.6931,0.7127,,7,35,,UNKNOWN
1790651405.8539383,1,1058,0,state-aware,1,1,,0.9914,0.979,,0.7559,0.6623,,8,35,,UNKNOWN
1790651406.135055,8,1031,1,state-aware,1,2,,0.9915,0.9938,,0.7916,0.9481,,8,36,,UNKNOWN
1790651406.670275,5,1055,1,state-aware,1,2,,0.9942,0.9925,,0.6911,0.923,,8,36,,UNKNOWN
1790651406.86229,7,1039,0,state-aware,1,1,,0.9927,0.9889,,0.953,0.7684,,8,35,,UNKNOWN
1790651411.2477698,9,1029,1,state-aware,1,2,,0.9939,0.9933,,0.6936,0.9285,,6,35,,UNKNOWN
1790651412.37168,6,1056,1,state-aware,1,2,,0.9925,0.9915,,0.7713,0.7774,,6,36,,UNKNOWN
1790651413.4758906,4,1045,1,state-aware,1,1,,0.9899,0.0,,0.5842,0.4023,,7,36,,UNKNOWN
1790651414.5646157,3,1056,1,state-aware,1,2,,0.9916,0.9925,,0.713,0.8787,,7,35,,UNKNOWN
1790651415.1556127,1,1059,1,state-aware,1,1,,0.9932,0.9901,,0.6677,0.6653,,8,35,,UNKNOWN
1790651416.6654541,2,1042,1,state-aware,1,2,,0.9933,0.9933,,0.6932,0.7613,,8,35,,UNKNOWN
1790651417.1878853,7,1040,1,state-aware,1,1,,0.9916,0.9915,,0.8032,0.7698,,9,34,,UNKNOWN
1790651420.1375287,5,1056,1,state-aware,1,2,,0.9942,0.9916,,0.6911,0.937,,9,34,,UNKNOWN
1790651421.214193,8,1032,1,state-aware,1,2,,0.9915,0.9938,,0.7916,0.8101,,9,34,,UNKNOWN
1790651425.0685909,9,1030,1,state-aware,1,2,,0.9939,0.9941,,0.6936,0.9419,,8,33,,UNKNOWN
1790651427.309773,3,1057,1,state-aware,1,2,,0.9916,0.9926,,0.713,0.901,,8,33,,UNKNOWN
1790651428.64422,1,1060,1,state-aware,1,1,,0.9932,0.9925,,0.7241,0.6659,,9,33,,UNKNOWN
1790651429.4802237,10,1054,1,state-aware,1,2,,0.9925,0.9932,,0.6879,0.825,,9,33,,UNKNOWN
1790651430.2989259,2,1043,1,state-aware,1,2,,0.9933,0.9933,,0.6932,0.8028,,9,33,,UNKNOWN
1790651433.1633127,7,1041,1,state-aware,1,2,,0.9916,0.9925,,0.6806,0.7704,,9,31,,UNKNOWN
1790651434.5713923,5,1057,1,state-aware,1,2,,0.9942,0.9853,,0.6911,0.9471,,9,31,,UNKNOWN
1790651438.0711665,9,1031,1,state-aware,1,2,,0.9939,0.9933,,0.6936,0.9524,,8,31,,UNKNOWN
1790651439.8907554,8,1033,0,state-aware,1,2,,0.9915,0.9942,,0.7916,0.8452,,8,31,,UNKNOWN
1790651440.7447035,3,1058,1,state-aware,1,2,,0.9916,0.9938,,0.713,0.9196,,8,31,,UNKNOWN
1790651442.0888643,10,1055,1,state-aware,1,2,,0.9925,0.9924,,0.6879,0.858,,8,32,,UNKNOWN
1790651443.6088958,2,1044,1,state-aware,1,2,,0.9933,0.9925,,0.6932,0.8376,,8,32,,UNKNOWN
1790651444.6393025,1,1061,1,state-aware,1,2,,0.9932,0.9899,,0.6346,0.6652,,8,32,,UNKNOWN
1790651446.8970397,6,1058,0,state-aware,1,2,,0.9925,0.9925,,nan,0.7776,,7,31,,UNKNOWN
1790651446.897694,4,1047,0,state-aware,1,2,,0.9899,0.9833,,nan,0.7805,,7,32,,UNKNOWN
1790651447.1899192,7,1042,1,state-aware,1,2,,0.9916,0.0,,nan,0.2971,,7,33,,UNKNOWN
1790651447.729475,5,1058,1,state-aware,1,2,,0.9942,0.9901,,nan,0.9577,,7,33,,UNKNOWN
1790651449.4539545,8,1034,1,state-aware,1,1,,0.9915,0.9938,,0.7916,0.7215,,7,33,,UNKNOWN
1790651451.6165357,9,1032,1,state-aware,1,2,,0.9926,0.9938,,0.693,0.9614,,7,34,,UNKNOWN
1790651454.6207426,3,1059,1,state-aware,1,2,,0.9942,0.9941,,0.7145,0.9346,,7,32,,UNKNOWN
1790651454.8875058,10,1056,1,state-aware,1,2,,0.9802,0.9884,,0.6811,0.8842,,7,33,,UNKNOWN
1790651456.5963268,4,1048,1,state-aware,1,2,,0.9932,0.9937,,0.5851,0.6911,,7,34,,UNKNOWN
1790651457.2095473,2,1045,1,state-aware,1,2,,0.9933,0.9933,,0.6932,0.867,,7,34,,UNKNOWN
1790651458.130976,6,1059,1,state-aware,1,1,,0.9938,0.0,,0.7719,0.4473,,8,33,,UNKNOWN
1790651461.732677,7,1043,1,state-aware,1,1,,0.0002,0.0004,,0.4823,0.3686,,9,30,,UNKNOWN
1790651462.1685443,5,1059,1,state-aware,1,2,,0.9933,0.9901,,0.6907,0.9655,,9,31,,UNKNOWN
1790651463.68006,8,1035,1,state-aware,1,1,,0.9881,0.9925,,0.8256,0.7212,,10,31,,UNKNOWN
1790651463.9101372,1,1062,0,state-aware,1,2,,0.0,0.9899,,0.3242,0.727,,10,32,,UNKNOWN
1790651465.7257538,9,1033,1,state-aware,1,2,,0.9901,0.9925,,0.6919,0.9683,,10,32,,UNKNOWN
1790651468.4891083,3,1060,1,state-aware,1,2,,0.9931,0.9941,,0.7139,0.9468,,8,31,,UNKNOWN
1790651469.0399537,10,1057,1,state-aware,1,2,,0.9938,0.9942,,0.6887,0.9072,,8,32,,UNKNOWN
1790651470.623509,2,1046,1,state-aware,1,2,,0.9933,0.985,,0.6932,0.889,,8,33,,UNKNOWN
1790651505.2332714,6,1062,1,round-robin,3,1,,0.9933,0.9938,,nan,nan,,1,0,,UNKNOWN
1790651506.2699904,7,1046,1,round-robin,3,1,,0.9933,0.9932,,nan,nan,,2,0,,UNKNOWN
1790651509.259069,5,1062,1,round-robin,3,1,,0.9925,0.9925,,nan,nan,,3,0,,UNKNOWN
1790651510.5000265,8,1038,1,round-robin,3,1,,0.9938,0.9942,,nan,nan,,4,0,,UNKNOWN
1790651510.5349107,1,1065,0,round-robin,3,1,,0.9923,0.9911,,nan,nan,,5,0,,UNKNOWN
1790651511.6177623,9,1036,1,round-robin,3,1,,0.983,0.0,,nan,nan,,6,0,,UNKNOWN
1790651515.1077244,10,1060,1,round-robin,3,1,,0.9926,0.9,,nan,nan,,7,0,,UNKNOWN
1790651517.5379906,3,1063,0,round-robin,3,1,,0.9922,0.9937,,nan,nan,,8,0,,UNKNOWN
1790651517.733874,4,1052,1,round-robin,3,1,,0.9901,0.9,,nan,nan,,9,0,,UNKNOWN
1790651519.5402331,2,1049,0,round-robin,3,1,,0.0298,0.9912,,nan,nan,,10,0,,UNKNOWN
1790651520.119347,6,1063,1,round-robin,3,2,,0.9914,0.9938,,nan,nan,,10,1,,UNKNOWN
1790651521.3141558,1,1066,1,round-robin,3,2,,0.9925,0.9911,,nan,nan,,10,2,,UNKNOWN
1790651522.3397892,5,1063,1,round-robin,3,2,,0.9915,0.9914,,nan,nan,,10,3,,UNKNOWN
1790651526.5423994,9,0,0,round-robin,3,2,,0.0,0.0,,nan,nan,,10,4,,UNKNOWN
1790651526.543408,7,1047,0,round-robin,3,2,,0.9874,0.9932,,nan,nan,,10,5,,UNKNOWN
1790651526.5441687,2,0,0,round-robin,3,2,,0.0298,0.9912,,nan,nan,,10,6,,UNKNOWN
1790651526.9597883,3,1064,1,round-robin,3,2,,0.9924,0.9942,,nan,nan,,10,7,,UNKNOWN
1790651529.516368,10,1061,1,round-robin,3,2,,0.9933,0.9902,,nan,nan,,10,8,,UNKNOWN
1790651531.2486622,4,1053,1,round-robin,3,2,,0.9915,0.9916,,nan,nan,,10,9,,UNKNOWN
1790651536.0950274,5,1064,1,round-robin,3,1,,0.0123,0.0,,nan,nan,,11,9,,UNKNOWN
1790651536.8893034,2,1,1,round-robin,3,1,,0.9912,0.8129,,nan,nan,,12,9,,UNKNOWN
1790651537.212918,7,1048,1,round-robin,3,1,,0.9931,0.9932,,nan,nan,,13,9,,UNKNOWN
1790651539.5539923,1,1067,0,round-robin,3,1,,0.0,0.0,,nan,nan,,14,9,,UNKNOWN
1790651540.5558987,6,1064,0,round-robin,3,1,,0.9938,0.9926,,nan,nan,,15,9,,UNKNOWN
1790651541.557186,9,1,0,round-robin,3,1,,0.989,0.0,,nan,nan,,16,9,,UNKNOWN
1790651541.5598924,8,1,0,round-robin,3,2,,0.9926,0.9926,,nan,nan,,16,10,,UNKNOWN
1790651541.589588,3,1065,1,round-robin,3,1,,0.9938,0.9924,,nan,nan,,17,10,,UNKNOWN
1790651542.9443626,10,1062,1,round-robin,3,1,,0.9933,0.9933,,nan,nan,,18,10,,UNKNOWN
1790651547.631447,4,1054,1,round-robin,3,1,,0.9938,0.9938,,nan,nan,,19,10,,UNKNOWN
1790651548.6682525,5,1065,1,round-robin,3,2,,0.9901,0.9915,,nan,nan,,19,11,,UNKNOWN
1790651550.4092782,7,1049,1,round-robin,3,2,,0.9932,0.99,,nan,nan,,19,12,,UNKNOWN
1790651550.724207,6,1065,1,round-robin,3,2,,0.9938,0.9902,,nan,nan,,19,13,,UNKNOWN
1790651551.2233405,2,2,1,round-robin,3,2,,0.8806,0.901,,nan,nan,,19,14,,UNKNOWN
1790651552.9719923,8,2,1,round-robin,3,1,,0.9932,0.9933,,nan,nan,,20,14,,UNKNOWN
1790651556.4508631,3,1066,1,round-robin,3,2,,0.9914,0.9942,,nan,nan,,20,15,,UNKNOWN
1790651557.1880894,10,1063,1,round-robin,3,2,,0.9937,0.9932,,nan,nan,,20,16,,UNKNOWN
1790651557.5731175,9,2,0,round-robin,3,2,,0.9938,0.9842,,nan,nan,,20,17,,UNKNOWN
1790651561.3598924,5,1066,1,round-robin,3,1,,0.9933,0.9943,,nan,nan,,21,17,,UNKNOWN
1790651562.5976965,4,1055,1,round-robin,3,2,,0.9926,0.9941,,nan,nan,,21,18,,UNKNOWN
1790651563.2087522,7,1050,1,round-robin,3,1,,0.9933,0.9925,,nan,nan,,22,18,,UNKNOWN
1790651563.9270399,2,3,1,round-robin,3,1,,0.9938,0.9925,,nan,nan,,23,18,,UNKNOWN
1790651564.4341395,6,1066,1,round-robin,3,1,,0.9944,0.9932,,nan,nan,,24,18,,UNKNOWN
1790651566.787027,8,3,1,round-robin,3,2,,0.9925,0.9933,,nan,nan,,22,19,,UNKNOWN
1790651568.9245074,9,3,1,round-robin,3,1,,0.9944,0.9925,,nan,nan,,23,19,,UNKNOWN
1790651572.6075706,1,1069,0,round-robin,3,2,,0.9842,0.9896,,nan,nan,,19,20,,UNKNOWN
1790651575.1974933,5,1067,1,round-robin,3,2,,0.9933,0.9938,,nan,nan,,18,21,,UNKNOWN
1790651575.698394,4,1056,1,round-robin,3,1,,0.9881,0.9925,,nan,nan,,19,21,,UNKNOWN
1790651577.5528588,7,1051,1,round-robin,3,2,,0.9933,0.9915,,nan,nan,,18,22,,UNKNOWN
1790651578.7788084,6,1067,1,round-robin,3,2,,0.9933,0.9915,,nan,nan,,17,23,,UNKNOWN
1790651579.3002756,2,4,1,round-robin,3,2,,0.9938,0.9925,,nan,nan,,17,24,,UNKNOWN
1790651581.6381364,8,4,1,round-robin,3,1,,0.9937,0.9937,,nan,nan,,17,22,,UNKNOWN
1790651582.343322,1,1070,1,round-robin,3,1,,0.9899,0.9923,,nan,nan,,18,21,,UNKNOWN
1790651582.8067703,9,4,1,round-robin,3,2,,0.9942,0.9932,,nan,nan,,18,22,,UNKNOWN
1790651584.412071,3,1068,1,round-robin,3,1,,0.9932,0.9942,,nan,nan,,19,22,,UNKNOWN
1790651585.2188213,10,1065,1,round-robin,3,1,,0.9926,0.9901,,nan,nan,,20,22,,UNKNOWN
1790651590.069834,4,1057,1,round-robin,3,2,,0.9901,0.9901,,nan,nan,,20,18,,UNKNOWN
1790651591.1006238,7,1052,1,round-robin,3,1,,0.9933,0.9933,,nan,nan,,21,18,,UNKNOWN
1790651591.6127117,5,1068,1,round-robin,3,1,,0.9926,0.9915,,nan,nan,,22,17,,UNKNOWN
1790651592.3024163,6,1068,1,round-robin,3,1,,0.9938,0.9925,,nan,nan,,23,17,,UNKNOWN
1790651593.010847,2,5,1,round-robin,3,1,,0.9938,0.9901,,nan,nan,,24,17,,UNKNOWN
1790651595.9778206,1,1071,1,round-robin,3,2,,0.9925,0.9933,,nan,nan,,24,18,,UNKNOWN
1790651597.1224604,9,5,1,round-robin,3,1,,0.9813,0.5544,,nan,nan,,23,18,,UNKNOWN
1790651597.6270678,3,1069,1,round-robin,3,2,,0.0,0.0,,nan,nan,,22,19,,UNKNOWN
1790651600.1781812,10,1066,1,round-robin,3,2,,0.9916,0.9916,,nan,nan,,21,20,,UNKNOWN
1790651603.0400853,4,1058,1,round-robin,3,1,,0.9901,0.9915,,nan,nan,,18,19,,UNKNOWN
1790651603.6305454,8,5,0,round-robin,3,2,,0.9932,0.9925,,nan,nan,,18,20,,UNKNOWN
1790651603.8627808,7,1053,1,round-robin,3,2,,0.9925,0.9925,,nan,nan,,18,21,,UNKNOWN
1790651605.3244445,6,1069,1,round-robin,3,2,,0.9915,0.9938,,nan,nan,,18,22,,UNKNOWN
1790651606.0113487,5,1069,1,round-robin,3,2,,0.9925,0.9938,,nan,nan,,18,23,,UNKNOWN
1790651606.6299129,2,6,1,round-robin,3,2,,0.9901,0.9915,,nan,nan,,18,24,,UNKNOWN
1790651609.4207766,1,1072,1,round-robin,3,1,,0.9944,0.9924,,nan,nan,,18,23,,UNKNOWN
1790651611.1375651,3,1070,1,round-robin,3,1,,0.9937,0.9941,,nan,nan,,19,21,,UNKNOWN
1790651613.5732734,9,6,1,round-robin,3,2,,0.9915,0.9842,,nan,nan,,18,21,,UNKNOWN
1790651614.219435,8,6,1,round-robin,3,1,,0.9933,0.9933,,nan,nan,,19,21,,UNKNOWN
1790651616.8927033,4,1059,1,round-robin,3,2,,0.0,0.0,,nan,nan,,19,21,,UNKNOWN
1790651618.6377285,10,1067,0,round-robin,3,1,,0.9926,0.9933,,nan,nan,,20,19,,UNKNOWN
1790651619.5445154,6,1070,1,round-robin,3,1,,0.0006,0.0,,nan,nan,,21,19,,UNKNOWN
1790651620.059165,2,7,1,round-robin,3,1,,0.9925,0.9914,,nan,nan,,22,19,,UNKNOWN
1790651623.563995,1,1073,1,round-robin,3,2,,0.9923,0.9938,,nan,nan,,20,19,,UNKNOWN
1790651624.67091,5,1070,0,round-robin,3,1,,0.9914,0.9941,,nan,nan,,19,19,,UNKNOWN
1790651624.765927,3,1071,1,round-robin,3,2,,0.9915,0.9915,,nan,nan,,19,20,,UNKNOWN
1790651626.6010704,9,7,1,round-robin,3,1,,0.9933,0.9915,,nan,nan,,20,20,,UNKNOWN
1790651627.1314316,8,7,1,round-robin,3,2,,0.9932,0.9944,,nan,nan,,20,20,,UNKNOWN
1790651629.065569,10,1068,1,round-robin,3,2,,0.9915,0.9915,,nan,nan,,19,21,,UNKNOWN
1790651630.2860467,4,1060,1,round-robin,3,1,,0.994,0.9939,,nan,nan,,20,21,,UNKNOWN
1790651631.6308687,7,1055,1,round-robin,3,1,,0.9914,0.9938,,nan,nan,,21,21,,UNKNOWN
1790651634.2752478,6,1071,1,round-robin,3,2,,0.9923,0.9942,,nan,nan,,21,21,,UNKNOWN
1790651635.085797,2,8,1,round-robin,3,2,,0.9933,0.0,,nan,nan,,21,22,,UNKNOWN
1790651636.7404761,1,1074,1,round-robin,3,1,,0.9915,0.9933,,nan,nan,,21,21,,UNKNOWN
1790651639.0054755,3,1072,1,round-robin,3,1,,0.9933,0.9942,,nan,nan,,22,19,,UNKNOWN
1790651639.8203888,8,8,1,round-robin,3,1,,0.9933,0.9942,,nan,nan,,23,18,,UNKNOWN
1790651640.6805172,5,1071,0,round-robin,3,2,,0.9932,0.9942,,nan,nan,,23,19,,UNKNOWN
1790651641.3269353,9,8,1,round-robin,3,2,,0.9937,0.9941,,nan,nan,,23,20,,UNKNOWN
1790651641.949673,10,1069,1,round-robin,3,1,,0.9942,0.9941,,nan,nan,,23,20,,UNKNOWN
1790651643.5985372,4,1061,1,round-robin,3,2,,0.9901,0.99,,nan,nan,,22,20,,UNKNOWN
1790651645.1460776,7,1056,1,round-robin,3,2,,0.9933,0.9938,,nan,nan,,21,21,,UNKNOWN
1790651648.9264407,2,9,1,round-robin,3,1,,0.8945,0.869,,nan,nan,,21,21,,UNKNOWN
1790651651.0792701,5,1072,1,round-robin,3,1,,0.9925,0.9942,,nan,nan,,22,20,,UNKNOWN
1790651651.4845867,1,1075,1,round-robin,3,2,,0.9915,0.9925,,nan,nan,,21,21,,UNKNOWN
1790651652.504042,3,1073,1,round-robin,3,2,,0.9924,0.9925,,nan,nan,,19,22,,UNKNOWN
1790651653.021728,8,9,1,round-robin,3,2,,0.9933,0.9933,,nan,nan,,18,23,,UNKNOWN
1790651653.6877863,6,1072,0,round-robin,3,1,,0.9925,0.9933,,nan,nan,,19,23,,UNKNOWN
1790651654.5831468,9,9,1,round-robin,3,1,,0.9933,0.9925,,nan,nan,,20,23,,UNKNOWN
1790651657.9288387,4,1062,1,round-robin,3,1,,0.9925,0.9923,,nan,nan,,20,21,,UNKNOWN
1790651658.5479906,10,1070,1,round-robin,3,2,,0.9914,0.9942,,nan,nan,,20,22,,UNKNOWN
1790651659.268421,7,1057,1,round-robin,3,1,,0.9925,0.9926,,nan,nan,,21,22,,UNKNOWN
1790651663.0769384,2,10,1,round-robin,3,2,,0.9942,0.9915,,nan,nan,,20,22,,UNKNOWN
1790651663.8013003,6,1073,1,round-robin,3,2,,0.9938,0.9925,,nan,nan,,20,22,,UNKNOWN
1790651665.0942607,3,1074,1,round-robin,3,1,,0.9901,0.9915,,nan,nan,,21,21,,UNKNOWN
1790651667.446461,8,10,1,round-robin,3,1,,0.9933,0.9901,,nan,nan,,22,18,,UNKNOWN
1790651667.790087,9,10,1,round-robin,3,2,,0.9932,0.9901,,nan,nan,,22,19,,UNKNOWN
1790651669.697848,5,1073,0,round-robin,3,2,,0.9932,0.9905,,nan,nan,,21,20,,UNKNOWN
1790651671.3568525,4,1063,1,round-robin,3,2,,0.9932,0.9924,,nan,nan,,20,21,,UNKNOWN
1790651671.8825145,7,1058,1,round-robin,3,2,,0.9925,0.9938,,nan,nan,,20,22,,UNKNOWN
1790651674.931477,10,1071,1,round-robin,3,1,,0.9926,0.9914,,nan,nan,,20,21,,UNKNOWN
1790651676.7064712,2,11,1,round-robin,3,1,,0.9926,0.9915,,nan,nan,,21,21,,UNKNOWN
1790651677.5862155,6,1074,1,round-robin,3,1,,0.9941,0.9932,,nan,nan,,22,20,,UNKNOWN
1790651678.1188593,3,1075,1,round-robin,3,2,,0.9914,0.9911,,nan,nan,,22,21,,UNKNOWN
1790651680.0544202,5,1074,1,round-robin,3,1,,0.9533,0.0004,,nan,nan,,21,21,,UNKNOWN
1790651681.0850263,8,11,1,round-robin,3,2,,0.9916,0.9916,,nan,nan,,20,22,,UNKNOWN
1790651682.602043,9,11,1,round-robin,3,1,,0.9925,0.9925,,nan,nan,,21,22,,UNKNOWN
1790651684.7473607,4,1064,1,round-robin,3,1,,0.9925,0.9901,,nan,nan,,21,21,,UNKNOWN
1790651685.7118695,1,1077,0,round-robin,3,1,,0.8689,0.8887,,nan,nan,,22,20,,UNKNOWN
1790651686.740833,7,1059,1,round-robin,3,1,,0.9915,0.9938,,nan,nan,,22,20,,UNKNOWN
1790651688.0502682,10,1072,1,round-robin,3,2,,0.9915,0.9915,,nan,nan,,22,20,,UNKNOWN
1790651690.2165813,6,1075,1,round-robin,3,2,,0.9938,0.9933,,nan,nan,,22,20,,UNKNOWN
1790651691.756328,2,12,1,round-robin,3,2,,0.9707,0.0029,,nan,nan,,20,21,,UNKNOWN
1790651693.662144,5,1075,1,round-robin,3,2,,0.9901,0.9933,,nan,nan,,20,22,,UNKNOWN
1790651694.4860225,8,12,1,round-robin,3,1,,0.9915,0.9933,,nan,nan,,21,21,,UNKNOWN
1790651696.2576535,1,1078,1,round-robin,3,2,,0.9925,0.9933,,nan,nan,,21,21,,UNKNOWN
1790651697.1654377,9,12,1,round-robin,3,2,,0.9925,0.9925,,nan,nan,,20,22,,UNKNOWN
1790651698.2149522,4,1065,1,round-robin,3,2,,0.9926,0.9925,,nan,nan,,20,23,,UNKNOWN
1790651700.2226748,7,1060,1,round-robin,3,2,,0.9932,0.9914,,nan,nan,,18,24,,UNKNOWN
1790651701.9753454,10,1073,1,round-robin,3,1,,0.9938,0.9925,,nan,nan,,18,22,,UNKNOWN
1790651705.8692334,6,1076,1,round-robin,3,1,,0.9806,0.9926,,nan,nan,,19,20,,UNKNOWN
1790651708.1198564,3,1077,1,round-robin,3,1,,0.9926,0.9925,,nan,nan,,20,20,,UNKNOWN
1790651708.6157014,5,1076,1,round-robin,3,1,,0.9926,0.9926,,nan,nan,,21,20,,UNKNOWN
1790651708.9387147,8,13,1,round-robin,3,2,,0.9942,0.9943,,nan,nan,,20,21,,UNKNOWN
1790651710.0549376,9,13,1,round-robin,3,1,,0.9933,0.9915,,nan,nan,,21,21,,UNKNOWN
1790651710.489064,1,1079,1,round-robin,3,1,,0.9901,0.9926,,nan,nan,,22,21,,UNKNOWN
1790651711.7290273,2,13,0,round-robin,3,1,,0.9915,0.985,,nan,nan,,22,20,,UNKNOWN
1790651712.0077436,4,1066,1,round-robin,3,1,,0.9942,0.9916,,nan,nan,,23,20,,UNKNOWN
1790651713.1401367,7,1061,1,round-robin,3,1,,0.9933,0.9938,,nan,nan,,24,18,,UNKNOWN
1790651714.6639917,10,1074,1,round-robin,3,2,,0.9933,0.9933,,nan,nan,,22,19,,UNKNOWN
1790651718.5863712,6,1077,1,round-robin,3,2,,0.9938,0.9938,,nan,nan,,21,19,,UNKNOWN
1790651766.371191,6,1080,1,round-robin,3,1,,0.9943,0.9938,,nan,nan,,8,3,,UNKNOWN
1790651769.862815,9,17,1,round-robin,3,1,,0.9925,0.9915,,nan,nan,,7,2,,UNKNOWN
1790651771.1788638,1,1083,1,round-robin,3,1,,0.9925,0.9926,,nan,nan,,6,2,,UNKNOWN
1790651771.4689522,7,1065,1,round-robin,3,1,,0.9898,0.9938,,nan,nan,,7,2,,UNKNOWN
1790651773.5081065,4,1070,1,round-robin,3,1,,0.0,0.9916,,nan,nan,,5,2,,UNKNOWN
1790651774.0316222,10,1078,1,round-robin,3,1,,0.9925,0.9933,,nan,nan,,6,2,,UNKNOWN
1790651774.7581158,3,1081,0,round-robin,3,1,,0.9937,0.365,,nan,nan,,7,1,,UNKNOWN
1790651774.7588565,8,17,0,round-robin,3,1,,0.9938,0.9943,,nan,nan,,8,1,,UNKNOWN
1790651774.7598228,5,1080,0,round-robin,3,1,,0.0008,0.9926,,nan,nan,,9,1,,UNKNOWN
1790651778.8755085,6,1081,1,round-robin,3,1,,0.9933,0.9938,,nan,nan,,10,0,,UNKNOWN
1790651783.0387294,9,18,1,round-robin,3,1,,0.9933,0.9915,,nan,nan,,11,0,,UNKNOWN
1790651784.2717211,7,1066,1,round-robin,3,1,,0.9942,0.9938,,nan,nan,,12,0,,UNKNOWN
1790651785.54088,8,18,1,round-robin,3,2,,0.9914,0.9925,,nan,nan,,12,1,,UNKNOWN
1790651786.951172,10,1079,1,round-robin,3,2,,0.9902,0.9883,,nan,nan,,12,2,,UNKNOWN
1790651788.0905085,4,1071,1,round-robin,3,1,,0.994,0.9938,,nan,nan,,13,2,,UNKNOWN
1790651790.7672095,3,1082,0,round-robin,3,1,,0.9926,0.365,,nan,nan,,14,2,,UNKNOWN
1790651791.8945348,6,1082,1,round-robin,3,1,,0.9944,0.9932,,nan,nan,,15,2,,UNKNOWN
1790651796.467208,9,19,1,round-robin,3,2,,0.9856,0.9938,,nan,nan,,15,3,,UNKNOWN
1790651798.4524493,7,1067,1,round-robin,3,2,,0.9925,0.9932,,nan,nan,,15,4,,UNKNOWN
1790651799.9350884,8,19,1,round-robin,3,1,,0.9938,0.9926,,nan,nan,,16,4,,UNKNOWN
1790651800.7675536,2,19,1,round-robin,3,2,,0.9902,0.9853,,nan,nan,,16,5,,UNKNOWN
1790651805.3947408,6,1083,1,round-robin,3,2,,0.9938,0.9942,,nan,nan,,16,6,,UNKNOWN
1790651809.1590445,9,20,1,round-robin,3,1,,0.9915,0.9914,,nan,nan,,17,6,,UNKNOWN
1790651812.831307,8,20,1,round-robin,3,2,,0.9943,0.9938,,nan,nan,,17,7,,UNKNOWN
1790651813.2325654,7,1068,1,round-robin,3,1,,0.9933,0.9938,,nan,nan,,18,7,,UNKNOWN
1790651815.5160787,1,1086,1,round-robin,3,1,,0.9933,0.9915,,nan,nan,,19,7,,UNKNOWN
1790651816.4075203,10,1081,1,round-robin,3,1,,0.89,0.0,,nan,nan,,20,7,,UNKNOWN
1790651816.7439427,4,1073,1,round-robin,3,2,,0.9901,0.9933,,nan,nan,,20,8,,UNKNOWN
1790651817.4639335,3,1084,1,round-robin,3,2,,0.9924,0.9925,,nan,nan,,20,9,,UNKNOWN
1790651817.7532213,5,1083,1,round-robin,3,1,,0.9943,0.9935,,nan,nan,,21,9,,UNKNOWN
1790651820.3189495,6,1084,1,round-robin,3,1,,0.9933,0.9933,,nan,nan,,22,9,,UNKNOWN
1790651821.863005,9,21,1,round-robin,3,2,,0.9941,0.9925,,nan,nan,,22,10,,UNKNOWN
1790651828.5530088,8,21,1,round-robin,3,1,,0.1402,0.8383,,nan,nan,,22,10,,UNKNOWN
1790651829.132814,1,1087,1,round-robin,3,2,,0.9933,0.8804,,nan,nan,,22,11,,UNKNOWN
1790651829.4727368,10,1082,1,round-robin,3,2,,0.9902,0.9901,,nan,nan,,22,12,,UNKNOWN
1790651831.2790575,3,1085,1,round-robin,3,1,,0.8333,0.8535,,nan,nan,,21,12,,UNKNOWN
1790651832.226323,5,1084,1,round-robin,3,2,,0.9933,0.9933,,nan,nan,,20,13,,UNKNOWN
1790651833.2581623,6,1085,1,round-robin,3,2,,0.9933,0.9926,,nan,nan,,20,14,,UNKNOWN
1790651834.7910793,7,1069,0,round-robin,3,2,,0.8169,0.9938,,nan,nan,,15,15,,UNKNOWN
1790651836.7938666,4,1074,0,round-robin,3,1,,0.0,0.9933,,nan,nan,,16,15,,UNKNOWN
1790651836.7947876,2,21,0,round-robin,3,1,,0.9768,0.9877,,nan,nan,,17,15,,UNKNOWN
1790651837.8529725,9,22,1,round-robin,3,1,,0.9925,0.9933,,nan,nan,,18,15,,UNKNOWN
1790651841.7429588,8,22,1,round-robin,3,2,,0.9925,0.9937,,nan,nan,,17,16,,UNKNOWN
1790651842.479856,1,1088,1,round-robin,3,1,,0.9933,0.9942,,nan,nan,,18,16,,UNKNOWN
1790651843.907037,10,1083,1,round-robin,3,1,,0.9941,0.9933,,nan,nan,,18,16,,UNKNOWN
1790651844.280528,7,1070,1,round-robin,3,1,,0.9926,0.9915,,nan,nan,,18,16,,UNKNOWN
1790651845.4144661,3,1086,1,round-robin,3,2,,0.9915,0.9933,,nan,nan,,18,17,,UNKNOWN
1790651845.8190508,2,22,1,round-robin,3,2,,0.9938,0.9925,,nan,nan,,18,17,,UNKNOWN
1790651846.5408244,6,1086,1,round-robin,3,1,,0.9931,0.9942,,nan,nan,,19,17,,UNKNOWN
1790651847.2582827,4,1075,1,round-robin,3,2,,0.9881,0.9913,,nan,nan,,19,17,,UNKNOWN
1790651848.2916856,5,1085,1,round-robin,3,1,,0.9944,0.9938,,nan,nan,,19,17,,UNKNOWN
1790651861.9062402,9,23,1,round-robin,3,2,,0.9938,0.9926,,nan,nan,,16,15,,UNKNOWN
1790651861.9487946,8,23,1,round-robin,3,1,,0.9901,0.9915,,nan,nan,,17,15,,UNKNOWN
1790651861.9816546,10,1084,1,round-robin,3,2,,0.9941,0.9932,,nan,nan,,17,16,,UNKNOWN
1790651862.0001454,7,1071,1,round-robin,3,2,,0.9898,0.9901,,nan,nan,,17,17,,UNKNOWN
1790651862.0277724,3,1087,1,round-robin,3,1,,0.9594,0.8549,,nan,nan,,18,17,,UNKNOWN
1790651862.0474463,6,1087,1,round-robin,3,2,,0.0004,0.0,,nan,nan,,18,18,,UNKNOWN
1790651862.0675974,4,1076,1,round-robin,3,1,,0.9924,0.9925,,nan,nan,,19,18,,UNKNOWN
1790651862.5229876,1,1089,1,round-robin,3,2,,0.9933,0.99,,nan,nan,,19,19,,UNKNOWN
1790651863.8500292,5,1086,1,round-robin,3,2,,0.9932,0.9942,,nan,nan,,19,20,,UNKNOWN
1790651866.677653,9,24,1,round-robin,3,1,,0.9926,0.9925,,nan,nan,,20,19,,UNKNOWN
1790651867.8152573,2,23,0,round-robin,3,1,,0.9942,0.9932,,nan,nan,,21,19,,UNKNOWN
1790651871.3070018,8,24,1,round-robin,3,2,,0.9915,0.9916,,nan,nan,,20,20,,UNKNOWN
1790651872.2510638,10,1085,1,round-robin,3,1,,0.9931,0.9924,,nan,nan,,21,20,,UNKNOWN
1790651872.8437738,7,1072,1,round-robin,3,1,,0.9915,0.0,,nan,nan,,22,19,,UNKNOWN
1790651873.9530325,6,1088,1,round-robin,3,1,,0.9923,0.869,,nan,nan,,22,19,,UNKNOWN
1790651874.9870722,2,24,1,round-robin,3,2,,0.9941,0.9933,,nan,nan,,22,20,,UNKNOWN
1790651876.428468,4,1077,1,round-robin,3,2,,0.9913,0.9925,,nan,nan,,20,21,,UNKNOWN
1790651877.865364,5,1087,1,round-robin,3,1,,0.9933,0.9944,,nan,nan,,20,19,,UNKNOWN
1790651878.847936,1,1090,0,round-robin,3,1,,0.9915,0.9172,,nan,nan,,21,19,,UNKNOWN
1790651880.8979042,9,25,1,round-robin,3,2,,0.9933,0.9925,,nan,nan,,20,20,,UNKNOWN
1790651885.3267639,8,25,1,round-robin,3,1,,0.985,0.9812,,nan,nan,,21,19,,UNKNOWN
1790651886.674994,10,1086,1,round-robin,3,2,,0.9901,0.9933,,nan,nan,,21,20,,UNKNOWN
1790651887.6830852,6,1089,1,round-robin,3,2,,0.9933,0.9915,,nan,nan,,21,21,,UNKNOWN
1790651888.9428403,2,25,1,round-robin,3,1,,0.9925,0.9938,,nan,nan,,21,21,,UNKNOWN
1790651890.8601282,7,1073,0,round-robin,3,2,,0.9926,0.9888,,nan,nan,,21,20,,UNKNOWN
1790651891.904812,5,1088,1,round-robin,3,2,,0.9942,0.9942,,nan,nan,,20,21,,UNKNOWN
1790651893.8641624,1,1091,0,round-robin,3,2,,0.0423,0.0806,,nan,nan,,20,20,,UNKNOWN
1790651894.8666608,3,1089,0,round-robin,3,2,,0.0,0.0,,nan,nan,,20,20,,UNKNOWN
1790651896.1860473,9,26,1,round-robin,3,1,,0.9933,0.9926,,nan,nan,,21,20,,UNKNOWN
1790651900.209025,6,1090,1,round-robin,3,1,,0.9933,0.9938,,nan,nan,,19,20,,UNKNOWN
1790651901.0019097,7,1074,1,round-robin,3,1,,0.9941,0.9924,,nan,nan,,20,20,,UNKNOWN
1790651901.6215193,8,26,1,round-robin,3,2,,0.9939,0.9933,,nan,nan,,20,21,,UNKNOWN
1790651902.0315459,2,26,1,round-robin,3,2,,0.9942,0.9926,,nan,nan,,20,21,,UNKNOWN
1790651903.9065003,1,1092,1,round-robin,3,1,,0.9915,0.9933,,nan,nan,,20,21,,UNKNOWN
1790651905.885873,10,1087,0,round-robin,3,1,,0.9914,0.9925,,nan,nan,,19,19,,UNKNOWN
1790651905.9209588,3,1090,1,round-robin,3,1,,0.9922,0.9931,,nan,nan,,20,19,,UNKNOWN
1790651909.794235,9,27,1,round-robin,3,2,,0.9925,0.9914,,nan,nan,,18,19,,UNKNOWN
1790651910.8929675,4,1079,0,round-robin,3,1,,0.9936,0.9925,,nan,nan,,19,19,,UNKNOWN
1790651910.894314,5,1089,0,round-robin,3,1,,0.2109,0.0,,nan,nan,,20,19,,UNKNOWN
1790651914.0279424,6,1091,1,round-robin,3,2,,0.9915,0.9933,,nan,nan,,20,20,,UNKNOWN
1790651914.7407646,7,1075,1,round-robin,3,2,,0.9943,0.9941,,nan,nan,,20,21,,UNKNOWN
1790651915.2345762,2,27,1,round-robin,3,1,,0.9926,0.0,,nan,nan,,21,21,,UNKNOWN
1790651918.0284348,1,1093,1,round-robin,3,2,,0.9915,0.9915,,nan,nan,,21,22,,UNKNOWN
1790651918.8441556,3,1091,1,round-robin,3,2,,0.9933,0.9939,,nan,nan,,21,23,,UNKNOWN
1790651919.8483932,4,1080,1,round-robin,3,2,,0.9899,0.9926,,nan,nan,,21,24,,UNKNOWN
1790651919.9018495,8,27,0,round-robin,3,1,,0.9914,0.9924,,nan,nan,,22,24,,UNKNOWN
1790651920.8586705,5,1090,1,round-robin,3,2,,0.9943,0.9938,,nan,nan,,22,25,,UNKNOWN
1790651920.9041128,10,1088,0,round-robin,3,2,,0.9943,0.9943,,nan,nan,,22,26,,UNKNOWN
1790651926.3905106,9,28,1,round-robin,3,1,,0.9916,0.9916,,nan,nan,,20,20,,UNKNOWN
1790651928.6486332,6,1092,1,round-robin,3,1,,0.9825,0.9933,,nan,nan,,19,20,,UNKNOWN
1790651930.420862,8,28,1,round-robin,3,2,,0.9901,0.9925,,nan,nan,,19,21,,UNKNOWN
1790651930.71276,7,1076,1,round-robin,3,1,,0.9933,0.9933,,nan,nan,,20,21,,UNKNOWN
1790651931.342958,10,1089,1,round-robin,3,1,,0.9901,0.9915,,nan,nan,,21,20,,UNKNOWN
1790651931.8380497,3,1092,1,round-robin,3,1,,0.9925,0.9922,,nan,nan,,22,20,,UNKNOWN
1790651932.1499622,1,1094,1,round-robin,3,1,,0.9922,0.9938,,nan,nan,,23,20,,UNKNOWN
1790651933.9158845,2,28,0,round-robin,3,2,,0.9941,0.0,,nan,nan,,21,21,,UNKNOWN
