millis,state
1077,OFF
46976,ON
64925,OFF
86225,ON
109847,OFF
169397,ON
186881,OFF
228181,ON
247525,OFF
289325,ON
307274,OFF
330274,ON
340132,OFF
364032,ON
388491,OFF
421141,ON
433882,OFF
482282,ON
499022,OFF
528172,ON
546307,OFF
604807,ON
616339,OFF
668839,ON
685486,OFF
713036,ON
737960,OFF
786210,ON
810390,OFF
842290,ON
856426,OFF
887676,ON
901533,OFF
959433,ON
974685,OFF
1011685,ON
1023124,OFF
1048974,ON
1060785,OFF
1095735,ON
1118799,OFF
1143349,ON
1156741,OFF
1209691,ON
1227454,OFF
1272104,ON
1296377,OFF
1334277,ON
1344693,OFF
1390243,ON
1410517,OFF
1445117,ON
1458788,OFF
1509238,ON
1527559,OFF
1562309,ON
1579421,OFF
1629371,ON
1649924,OFF
1702724,ON
1717883,OFF
1741233,ON
1762716,OFF
1806716,ON
1817039,OFF
1838339,ON
1861868,OFF
1886168,ON
1897421,OFF
1940221,ON
1953334,OFF
1996134,ON
2007759,OFF
2046059,ON
2070053,OFF
2107803,ON
2132169,OFF
2184569,ON
2203820,OFF
2248070,ON
2257463,OFF
2314413,ON
2338593,OFF
2374393,ON
2392063,OFF
2432213,ON
2443373,OFF
2483273,ON
2494247,OFF
2549397,ON
2567904,OFF
2591954,ON
2604416,OFF
2635816,ON
2655625,OFF
2676575,ON
2701406,OFF
2722906,ON
2734252,OFF
2792602,ON
2815387,OFF
2839487,ON
2863667,OFF
2912967,ON
2932590,OFF
2965490,ON
2988089,OFF
3018139,ON
3034135,OFF
3067735,ON
3087172,OFF
3136922,ON
3155987,OFF
3202087,ON
3219385,OFF
3267285,ON
3279003,OFF
3323003,ON
3346718,OFF
3376118,ON
3387836,OFF
3421986,ON
3444864,OFF
3484014,ON
3506799,OFF
3558249,ON
3573315,OFF
3602115,ON
3615321,OFF
3658921,ON
3675103,OFF
3704903,ON
3723410,OFF
3762610,ON
3778513,OFF
3820813,ON
3831973,OFF
