timestamp_epoch,belief
1789711606.056,0.986180
1789711606.312,0.991145
1789711606.326,0.990009
1789711608.224,0.986180
1789711608.333,0.991145
1789711611.879,0.980883
1789711611.990,0.989359
1789711612.125,0.989036
1789711612.214,0.992346
1789711612.303,0.000037
1789711612.619,0.989884
1789711612.921,0.000000
1789711612.929,0.000000
1789711613.014,0.000000
1789711613.105,0.000000
1789711613.221,0.853488
1789711613.333,0.987834
1789711613.417,0.993949
1789711613.520,0.993317
1789711614.434,0.993147
1789711614.546,0.993804
1789711616.937,0.986180
1789711617.099,0.992209
1789711617.431,0.983932
1789711617.542,0.989553
1789711617.650,0.987980
1789711620.531,0.993258
1789711620.606,0.994152
1789711620.710,0.992590
1789711621.017,0.991362
1789711621.117,0.991426
1789711621.330,0.991430
1789711621.814,0.993139
1789711621.908,0.993804
1789711621.943,0.005343
1789711622.044,0.005424
1789711622.226,0.000002
1789711622.340,0.072292
1789711622.427,0.000000
1789711622.735,0.000000
1789711622.853,0.000000
1789711624.384,0.000000
1789711624.678,0.619206
1789711631.468,0.993309
1789711631.733,0.030384
1789711631.764,0.000882
1789711633.495,0.000000
1789711633.738,0.000000
1789711633.748,0.000000
1789711634.622,0.868909
1789711634.740,0.904014
1789711634.837,0.035240
1789711635.445,0.000204
1789711635.466,0.000000
1789711635.580,0.000000
1789711635.668,0.000006
1789711636.472,0.111725
1789711636.561,0.368279
1789711636.692,0.754206
1789711638.711,0.988124
1789711639.559,0.547491
1789711639.659,0.001621
1789711639.763,0.000413
1789711639.981,0.853488
1789711640.078,0.985260
1789711642.216,0.993310
1789711642.312,0.993289
1789711642.421,0.992549
1789711643.515,0.888744
1789711643.567,0.989965
1789711643.743,0.993145
1789711645.299,0.987862
1789711645.383,0.991236
1789711645.476,0.000000
1789711645.682,0.000000
1789711645.877,0.868909
1789711646.313,0.880439
1789711646.411,0.989607
1789711646.510,0.993663
1789711646.699,0.000000
1789711646.804,0.853488
1789711647.025,0.992534
1789711647.230,0.990097
1789711647.337,0.992397
1789711649.284,0.992452
1789711649.384,0.993776
1789711649.487,0.992572
1789711649.810,0.868941
1789711650.593,0.993490
1789711650.806,0.993297
1789711650.901,0.992549
1789711653.584,0.853488
1789711653.749,0.987738
1789711653.765,0.992284
1789711654.384,0.993810
1789711654.515,0.993830
1789711654.525,0.976960
1789711654.618,0.987028
1789711654.723,0.991191
1789711655.014,0.993250
1789711655.118,0.991528
1789711655.436,0.989103
1789711655.629,0.994250
1789711655.661,0.990205
1789711657.166,0.993831
1789711657.179,0.993311
1789711657.286,0.774102
1789711657.366,0.974265
1789711657.477,0.990490
1789711658.593,0.991433
1789711658.771,0.993208
1789711661.243,0.992512
1789711661.585,0.055321
1789711662.061,0.992580
1789711662.302,0.030246
1789711662.395,0.000222
1789711663.516,0.008031
1789711663.603,0.000048
1789711663.697,0.000022
1789711664.310,0.991560
1789711664.412,0.993741
1789711664.518,0.993308
1789711667.420,0.993148
1789711667.478,0.991523
1789711668.297,0.960481
1789711668.397,0.988041
1789711668.521,0.991246
1789711669.023,0.000000
1789711669.115,0.000000
1789711669.217,0.005342
1789711671.272,0.000000
1789711671.476,0.911694
1789711671.586,0.981855
1789711671.682,0.942615
1789711672.926,0.000000
1789711673.033,0.000000
1789711673.104,0.000000
1789711673.152,0.000000
1789711673.314,0.000000
1789711676.818,0.853488
1789711676.902,0.088421
1789711677.018,0.000005
1789711678.050,0.942602
1789711678.159,0.988702
1789711678.269,0.000036
1789711678.583,0.000002
1789711678.586,0.000047
1789711678.639,0.000000
1789711679.397,0.000000
1789711681.513,0.884151
1789711682.944,0.008952
1789711683.475,0.072291
1789711683.479,0.769594
1789711683.485,0.968991
1789711683.770,0.874742
1789711683.897,0.906080
1789711687.051,0.833304
1789711687.082,0.984091
1789711687.180,0.992891
1789711688.979,0.868909
1789711689.015,0.984250
1789711689.388,0.888754
1789711689.438,0.989378
1789711689.508,0.880439
1789711689.614,0.984975
1789711689.713,0.991079
1789711691.154,0.893215
1789711691.173,0.987468
1789711691.444,0.989777
1789711691.689,0.985087
1789711691.878,0.992156
1789711691.900,0.110683
1789711691.974,0.282112
1789711692.079,0.283935
1789711693.208,0.868909
1789711693.401,0.984249
1789711694.235,0.990197
1789711694.517,0.992401
1789711694.531,0.990088
1789711695.055,0.883092
1789711695.153,0.988208
1789711696.076,0.993256
1789711696.176,0.991529
1789711697.073,0.990027
1789711699.627,0.989611
1789711699.737,0.994016
1789711699.837,0.993319
1789711700.149,0.993654
1789711700.451,0.994167
1789711700.593,0.993844
1789711701.175,0.991249
1789711701.291,0.992452
1789711701.376,0.992509
1789711701.693,0.993249
1789711701.803,0.993808
1789711701.919,0.988298
1789711703.653,0.992395
1789711703.742,0.993250
1789711704.338,0.993781
1789711704.447,0.994364
1789711704.488,0.993852
1789711706.098,0.991426
1789711706.624,0.991469
1789711706.724,0.993737
1789711706.738,0.992389
1789711706.835,0.993774
1789711706.940,0.991557
1789711707.773,0.991354
1789711707.925,0.991426
1789711707.969,0.990027
1789711709.477,0.992549
1789711709.681,0.992514
1789711709.801,0.991489
1789711710.287,0.992564
1789711710.393,0.990099
1789711710.489,0.989943
1789711711.215,0.869207
1789711711.324,0.986148
1789711711.437,0.992207
1789711712.448,0.993809
1789711712.547,0.993830
1789711712.657,0.994174
1789711714.936,0.994420
1789711714.961,0.990215
1789711715.126,0.000000
1789711715.431,0.868909
1789711715.538,0.981693
1789711715.751,0.993831
1789711715.764,0.994420
1789711716.015,0.993854
1789711716.154,0.991244
1789711716.269,0.991420
1789711716.371,0.990027
1789711716.647,0.990028
1789711716.770,0.992393
1789711717.150,0.993307
1789711717.250,0.992550
1789711719.118,0.992460
1789711719.217,0.992509
1789711720.661,0.994081
1789711720.766,0.993841
1789711720.834,0.991560
1789711721.793,0.992570
1789711722.359,0.991482
1789711724.437,0.994120
1789711724.532,0.993324
1789711724.639,0.992550
1789711726.068,0.993715
1789711727.197,0.991491
1789711727.379,0.993211
1789711727.418,0.000000
1789711727.491,0.000000
1789711727.611,0.000000
1789711727.699,0.991561
1789711727.800,0.993741
1789711728.042,0.993683
1789711728.138,0.992568
1789711728.227,0.992514
1789711728.751,0.992506
1789711728.760,0.000000
1789711728.766,0.251684
1789711728.914,0.052175
1789711728.955,0.082640
1789711729.839,0.894305
1789711729.890,0.989629
1789711729.996,0.989914
1789711732.421,0.993211
1789711732.512,0.991526
1789711734.759,0.992394
1789711734.877,0.993250
1789711734.968,0.991528
1789711736.118,0.383645
1789711736.305,0.988612
1789711736.606,0.991277
1789711736.620,0.990018
1789711738.177,0.993804
1789711738.376,0.993310
1789711738.963,0.807269
1789711739.058,0.985465
1789711739.161,0.993859
1789711739.468,0.896741
1789711739.597,0.882564
1789711739.673,0.830294
1789711739.778,0.990095
1789711741.422,0.880439
1789711741.525,0.984975
1789711741.725,0.991079
1789711742.947,0.990022
1789711743.162,0.989939
1789711743.272,0.989933
1789711744.717,0.029770
1789711744.814,0.000107
1789711744.905,0.161253
1789711745.444,0.000000
1789711745.518,0.000000
1789711745.930,0.000000
1789711746.153,0.000000
1789711747.977,0.981786
1789711748.071,0.987395
1789711748.415,0.000000
1789711750.544,0.000000
1789711750.640,0.000000
1789711750.759,0.000000
1789711750.948,0.000000
1789711751.147,0.000000
1789711751.163,0.000000
1789711752.189,0.728807
1789711752.294,0.957337
1789711752.380,0.985516
1789711752.699,0.993774
1789711753.725,0.000810
1789711753.835,0.000001
1789711753.930,0.000001
1789711754.141,0.774103
1789711754.979,0.833304
1789711755.088,0.984091
1789711755.171,0.989563
1789711758.737,0.989799
1789711758.838,0.976725
1789711758.972,0.918643
1789711760.576,0.000493
1789711760.666,0.016564
1789711760.779,0.017322
1789711762.418,0.948096
1789711762.633,0.990335
1789711763.225,0.993743
1789711763.333,0.993828
1789711763.431,0.992574
1789711763.965,0.880439
1789711764.148,0.988077
1789711764.256,0.992300
1789711765.495,0.918243
1789711765.607,0.990690
1789711765.710,0.993177
1789711765.990,0.690927
1789711766.101,0.629776
1789711766.205,0.485514
1789711768.660,0.987304
1789711768.852,0.993929
1789711769.806,0.837031
1789711769.899,0.975395
1789711769.999,0.986909
1789711771.044,0.979014
1789711771.145,0.991863
1789711771.251,0.990055
1789711771.642,0.868909
1789711771.744,0.000085
1789711771.835,0.000004
1789711771.947,0.000021
1789711772.974,0.992589
1789711773.075,0.993782
1789711773.168,0.991557
1789711773.978,0.953483
1789711774.095,0.990606
1789711775.234,0.880682
1789711775.336,0.989009
1789711775.467,0.993993
1789711776.144,0.985522
1789711776.231,0.992177
1789711776.342,0.993765
1789711777.164,0.994172
1789711777.268,0.993844
1789711777.373,0.993832
1789711779.321,0.993013
1789711779.331,0.992515
1789711779.495,0.994125
1789711779.627,0.990127
1789711779.651,0.990197
1789711780.957,0.985465
1789711781.048,0.991106
1789711781.153,0.991412
1789711781.773,0.994081
1789711781.863,0.993841
1789711781.970,0.992575
1789711782.392,0.957398
1789711782.521,0.991712
1789711782.584,0.993747
1789711783.539,0.990175
1789711783.640,0.993154
1789711784.205,0.992461
1789711784.444,0.161273
1789711784.662,0.001985
1789711784.856,0.853488
1789711787.602,0.993825
1789711787.704,0.994365
1789711787.809,0.991589
1789711789.664,0.993152
1789711789.757,0.992542
1789711789.856,0.992513
1789711789.982,0.991492
1789711790.088,0.992463
1789711790.889,0.993253
1789711790.993,0.993808
1789711791.209,0.926205
1789711791.702,0.993282
1789711793.961,0.000000
1789711794.056,0.888744
1789711794.582,0.994028
1789711794.687,0.008237
1789711794.808,0.000101
1789711795.174,0.000000
1789711796.331,0.884684
1789711796.412,0.987004
1789711796.523,0.992248
1789711797.854,0.990028
1789711797.881,0.991354
1789711798.143,0.988115
1789711799.267,0.987748
1789711799.363,0.989795
1789711799.599,0.991341
1789711800.035,0.993287
1789711800.182,0.993288
1789711800.300,0.993810
1789711801.835,0.880469
1789711801.959,0.989608
1789711802.037,0.994015
1789711803.384,0.993808
1789711803.589,0.000003
1789711804.618,0.852651
1789711805.031,0.854195
1789711805.226,0.000996
1789711805.241,0.977225
1789711805.421,0.990653
1789711806.027,0.000000
1789711806.155,0.000000
1789711806.474,0.946073
1789711806.486,0.988902
1789711806.585,0.987931
1789711809.739,0.364596
1789711809.931,0.000117
1789711810.032,0.000204
1789711811.884,0.982242
1789711811.979,0.990929
1789711812.079,0.989996
1789711813.439,0.016541
1789711813.519,0.741511
1789711813.606,0.958930
1789711814.353,0.988114
1789711814.360,0.000000
1789711814.624,0.000000
1789711814.628,0.028036
1789711814.773,0.853488
1789711814.852,0.077763
1789711814.943,0.000122
1789711815.068,0.009554
1789711815.171,0.000832
1789711815.269,0.000001
1789711815.570,0.868909
1789711820.882,0.853560
1789711821.012,0.980554
1789711821.035,0.990837
1789711822.321,0.000411
1789711822.426,0.027947
1789711822.540,0.787556
1789711824.763,0.989937
1789711824.819,0.993144
1789711824.916,0.992542
1789711825.795,0.988465
1789711826.027,0.994171
1789711826.116,0.833352
1789711826.204,0.985660
1789711826.329,0.992184
1789711827.143,0.987872
1789711827.234,0.989803
1789711827.351,0.991342
1789711827.747,0.880439
1789711827.841,0.989607
1789711827.957,0.851121
1789711828.252,0.990035
1789711828.275,0.942521
1789711828.404,0.986854
1789711829.070,0.871494
1789711829.181,0.987629
1789711829.394,0.991224
1789711833.628,0.989950
1789711833.713,0.994028
1789711833.815,0.992584
1789711833.925,0.988198
1789711834.083,0.991254
1789711834.179,0.991420
1789711835.320,0.993810
1789711835.432,0.991559
1789711835.522,0.994283
1789711837.077,0.992394
1789711837.275,0.973598
1789711837.385,0.993020
1789711837.613,0.993277
1789711838.196,0.992536
1789711838.288,0.994125
1789711838.400,0.993324
1789711841.380,0.988120
1789711841.391,0.991250
1789711842.704,0.993829
1789711842.806,0.926214
1789711842.917,0.895990
1789711843.235,0.982053
1789711843.325,0.993730
1789711843.442,0.992570
1789711846.885,0.990142
1789711846.994,0.991577
1789711847.119,0.988024
1789711847.208,0.991438
1789711847.294,0.992297
1789711847.830,0.993250
1789711847.927,0.994152
1789711848.040,0.992590
1789711848.834,0.988108
1789711848.933,0.991250
1789711849.043,0.000015
1789711849.144,0.000000
1789711849.243,0.000000
1789711849.555,0.990164
1789711849.676,0.991361
1789711849.760,0.992457
1789711851.618,0.983902
1789711851.712,0.993436
1789711851.817,0.992556
1789711852.235,0.992515
1789711852.319,0.993255
1789711852.453,0.992547
1789711854.302,0.994116
1789711854.459,0.994184
1789711854.563,0.993327
1789711855.728,0.993738
1789711855.925,0.991555
1789711856.025,0.992466
1789711856.522,0.994126
1789711856.533,0.991343
1789711856.637,0.991425
1789711856.740,0.991430
1789711856.927,0.990028
1789711857.039,0.991354
1789711857.131,0.991426
1789711857.457,0.894357
1789711858.682,0.989693
1789711858.755,0.992377
1789711858.870,0.992505
1789711860.127,0.991530
1789711860.150,0.000000
1789711863.806,0.992397
1789711863.908,0.992506
1789711864.010,0.990095
1789711865.159,0.990178
1789711865.953,0.993151
1789711866.030,0.365724
1789711866.450,0.096342
1789711866.559,0.000000
1789711866.665,0.000000
1789711869.538,0.991482
1789711869.620,0.792448
1789711872.115,0.001557
1789711872.212,0.000004
1789711872.324,0.000000
1789711873.626,0.681161
1789711873.809,0.521767
1789711873.833,0.005731
1789711876.090,0.791081
1789711876.184,0.971095
1789711876.404,0.983645
1789711877.840,0.000000
1789711878.037,0.002920
1789711878.061,0.028142
1789711880.887,0.000000
1789711881.032,0.000000
1789711881.087,0.808582
1789711881.210,0.000000
1789711881.408,0.000000
1789711881.629,0.001557
1789711882.014,0.981623
1789711882.145,0.993920
1789711882.217,0.030500
1789711885.905,0.993250
1789711885.916,0.994152
1789711886.047,0.993325
1789711887.862,0.991407
1789711887.958,0.994083
1789711888.069,0.985759
1789711888.707,0.897442
1789711889.006,0.987697
1789711889.032,0.993047
1789711889.201,0.901466
1789711889.316,0.986269
1789711890.653,0.029497
1789711890.752,0.010342
1789711890.853,0.000834
1789711891.154,0.000002
1789711891.372,0.000001
1789711891.376,0.988322
1789711891.429,0.853488
1789711891.690,0.889183
1789711891.832,0.000810
1789711891.835,0.001560
1789711891.870,0.001564
1789711895.328,0.991491
1789711895.452,0.993211
1789711895.544,0.991526
1789711897.802,0.993780
1789711897.885,0.992572
1789711898.413,0.988192
1789711898.529,0.880690
1789711898.717,0.989618
1789711898.848,0.992374
1789711901.071,0.994072
1789711901.095,0.991573
1789711901.303,0.990036
1789711902.494,0.980570
1789711902.607,0.992738
1789711902.702,0.991501
1789711903.035,0.988509
1789711903.134,0.993620
1789711903.250,0.993823
1789711904.067,0.896464
1789711904.377,0.985965
1789711905.380,0.993074
1789711905.403,0.991519
1789711905.880,0.732490
1789711906.101,0.933960
1789711906.185,0.807222
1789711906.477,0.000000
1789711907.660,0.000006
1789711907.906,0.000000
1789711908.042,0.807269
1789711909.660,0.000000
1789711909.872,0.161212
1789711909.983,0.807709
1789711913.043,0.854467
1789711913.165,0.971981
1789711913.359,0.988788
1789711913.582,0.000000
1789711914.372,0.000006
1789711914.476,0.383649
1789711915.430,0.992464
1789711915.442,0.991486
1789711915.499,0.991433
1789711916.404,0.833304
1789711916.512,0.984091
1789711918.181,0.897895
1789711918.204,0.989790
1789711918.684,0.980175
1789711918.692,0.990816
1789711921.040,0.894305
1789711921.131,0.990203
1789711921.265,0.993687
1789711924.867,0.982534
1789711924.878,0.993748
1789711924.891,0.994171
1789711925.029,0.007652
1789711925.147,0.005459
1789711925.232,0.005426
1789711926.796,0.894523
1789711926.858,0.985846
1789711927.062,0.991126
1789711927.988,0.991397
1789711928.201,0.991428
1789711928.443,0.991430
1789711930.747,0.989111
1789711930.850,0.993108
1789711930.995,0.992540
1789711932.199,0.994081
1789711932.524,0.000001
1789711932.528,0.000000
1789711932.535,0.000000
1789711932.639,0.000000
1789711932.824,0.965040
1789711932.942,0.973118
1789711933.028,0.983834
1789711936.080,0.992306
1789711936.182,0.991477
1789711936.400,0.988124
1789711936.608,0.991576
1789711936.720,0.991438
1789711936.810,0.993209
1789711937.019,0.000002
1789711937.126,0.605329
1789711937.233,0.263639
1789711937.336,0.196384
1789711938.032,0.991522
1789711938.151,0.993212
1789711938.223,0.991526
1789711941.824,0.894528
1789711942.231,0.000000
1789711942.330,0.072291
1789711942.428,0.722629
1789711944.799,0.992574
1789711944.897,0.991492
1789711944.995,0.981944
1789711946.954,0.096871
1789711947.050,0.003798
1789711947.150,0.073021
1789711947.464,0.000022
1789711947.565,0.000002
1789711947.660,0.225543
1789711947.755,0.000000
1789711948.075,0.732435
1789711948.100,0.957795
1789711948.400,0.853488
1789711948.509,0.000000
1789711948.617,0.000000
1789711952.910,0.000000
1789711953.087,0.005342
1789711953.196,0.551114
1789711953.375,0.000002
1789711953.471,0.000000
1789711954.416,0.045686
1789711954.723,0.868710
1789711954.819,0.978211
1789711955.235,0.000052
1789711955.341,0.000002
1789711955.444,0.000001
1789711955.547,0.000000
1789711955.636,0.000000
1789711955.752,0.005342
1789711956.799,0.000000
1789711956.909,0.000000
1789711957.167,0.774102
1789711957.211,0.000000
1789711957.390,0.982384
1789711962.512,0.956768
1789711962.590,0.000754
1789711962.722,0.000000
1789711962.829,0.000000
1789711962.949,0.000000
1789711963.048,0.000000
1789711963.202,0.000000
1789711964.354,0.868909
1789711964.761,0.986876
1789711964.854,0.989740
1789711964.956,0.981746
1789711965.181,0.942789
1789711965.298,0.976283
1789711965.407,0.967128
1789711965.864,0.868909
1789711965.901,0.986131
1789711966.091,0.985034
1789711966.610,0.894305
1789711966.621,0.983529
1789711966.699,0.991000
1789711967.419,0.868909
1789711967.522,0.988465
1789711967.635,0.993081
1789711972.024,0.894305
1789711972.150,0.987527
1789711972.254,0.992274
1789711973.368,0.003659
1789711973.472,0.000000
1789711973.572,0.000000
1789711973.872,0.000037
1789711974.074,0.991224
1789711974.383,0.880439
1789711974.476,0.986771
1789711974.587,0.989733
1789711975.288,0.991490
1789711975.388,0.993211
1789711975.811,0.993679
1789711975.914,0.991552
1789711976.014,0.992466
1789711976.635,0.888744
1789711976.739,0.987226
1789711976.953,0.991202
1789711980.328,0.993829
1789711980.534,0.993831
1789711980.636,0.993311
1789711982.689,0.854907
1789711982.697,0.985340
1789711982.869,0.991099
1789711983.510,0.547346
1789711983.630,0.993151
1789711984.020,0.894314
1789711984.113,0.989629
1789711984.223,0.989914
1789711984.419,0.988881
1789711984.538,0.994275
1789711984.619,0.988333
1789711984.816,0.918697
1789711984.923,0.985236
1789711985.041,0.992941
1789711986.678,0.994157
1789711986.757,0.994186
1789711986.895,0.985769
1789711988.746,0.994346
1789711988.862,0.993851
1789711991.377,0.992392
1789711991.500,0.993774
1789711991.593,0.992572
1789711993.046,0.966731
1789711993.161,0.992740
1789711993.313,0.993273
1789711993.432,0.991530
1789711993.528,0.991435
1789711993.856,0.000000
1789711994.030,0.000006
1789711994.146,0.000000
1789711994.229,0.000000
1789711994.368,0.993804
1789711994.468,0.988298
1789711994.572,0.992310
1789711996.387,0.992388
1789711998.657,0.016081
1789711998.868,0.000000
1789712002.338,0.991529
1789712002.454,0.981948
1789712002.544,0.349622
1789712002.874,0.467511
1789712002.968,0.941661
1789712003.088,0.980854
1789712004.205,0.990027
1789712004.300,0.000036
1789712004.418,0.000000
1789712006.129,0.000000
1789712006.213,0.000000
1789712006.363,0.000000
1789712007.690,0.000000
1789712007.878,0.000000
1789712007.989,0.833304
1789712010.337,0.992463
1789712010.423,0.993253
1789712010.529,0.992547
1789712011.278,0.991458
1789712011.368,0.993210
1789712011.479,0.990139
1789712014.430,0.992462
1789712014.533,0.993253
1789712014.762,0.000411
1789712014.965,0.000099
1789712015.065,0.000047
1789712015.166,0.868909
1789712015.271,0.988465
1789712017.213,0.853488
1789712017.387,0.983262
1789712017.499,0.984771
1789712018.731,0.991430
1789712018.823,0.993208
1789712018.922,0.992545
1789712020.364,0.987494
1789712020.468,0.994135
1789712020.564,0.993325
1789712021.599,0.993205
1789712021.696,0.991526
1789712021.819,0.993740
1789712022.227,0.888744
1789712022.413,0.985490
1789712022.520,0.992176
1789712023.938,0.897454
1789712024.143,0.987697
1789712024.283,0.880439
1789712024.454,0.984975
1789712024.542,0.992151
1789712024.958,0.991410
1789712025.160,0.001955
1789712025.273,0.000205
1789712025.473,0.853488
1789712025.490,0.000083
1789712025.595,0.853517
1789712025.692,0.980551
1789712028.475,0.993250
1789712028.662,0.990142
1789712028.787,0.992399
1789712029.966,0.993737
1789712030.103,0.991555
1789712030.133,0.991437
1789712031.616,0.993741
1789712031.723,0.000000
1789712031.832,0.000000
1789712032.056,0.960603
1789712032.253,0.991356
1789712032.350,0.991426
1789712032.462,0.992460
1789712033.154,0.993047
1789712033.271,0.991517
1789712033.465,0.992464
1789712034.217,0.888464
1789712034.315,0.987210
1789712034.397,0.852106
1789712034.497,0.744955
1789712035.434,0.868941
1789712035.529,0.986133
1789712035.744,0.991142
1789712036.752,0.985260
1789712036.840,0.992165
1789712036.937,0.992495
1789712037.469,0.991482
1789712037.558,0.977098
1789712037.668,0.974886
1789712037.784,0.955944
1789712041.053,0.833304
1789712052.484,0.993255
1789712052.503,0.000035
1789712052.507,0.994086
1789712052.555,0.993825
1789712052.644,0.993831
1789712052.754,0.993831
1789712053.466,0.991526
1789712053.577,0.994282
1789712053.670,0.992596
1789712054.181,0.853500
1789712054.286,0.986713
1789712054.401,0.992234
1789712054.494,0.000000
1789712054.593,0.000000
1789712054.605,0.993287
1789712054.709,0.985687
1789712054.818,0.976132
1789712055.229,0.911887
1789712056.352,0.880439
1789712056.429,0.984975
1789712056.531,0.992930
1789712057.056,0.993322
1789712057.163,0.994155
1789712057.269,0.000000
1789712058.486,0.000916
1789712058.595,0.000000
1789712058.914,0.000000
1789712061.594,0.993843
1789712061.607,0.977305
1789712063.190,0.988522
1789712063.323,0.000000
1789712063.333,0.000002
1789712063.494,0.000000
1789712063.621,0.000010
1789712063.644,0.833308
1789712064.239,0.615594
1789712064.333,0.000102
1789712064.463,0.000000
1789712064.624,0.896795
1789712064.725,0.599311
1789712064.965,0.110201
1789712065.245,0.988001
1789712065.345,0.989811
1789712065.754,0.001557
1789712065.855,0.000205
1789712065.960,0.547491
1789712067.914,0.161212
1789712068.018,0.899384
1789712068.145,0.983889
1789712072.214,0.939422
1789712072.324,0.975880
1789712072.429,0.776244
1789712072.533,0.000006
1789712072.658,0.072292
1789712073.668,0.000001
1789712073.677,0.000000
1789712073.687,0.000000
1789712074.373,0.993208
1789712074.446,0.993806
1789712074.498,0.994365
1789712074.786,0.915008
1789712074.895,0.991365
1789712074.965,0.000000
1789712075.097,0.000000
1789712075.398,0.000000
1789712075.430,0.027915
1789712075.819,0.992243
1789712075.904,0.992499
1789712076.316,0.993620
1789712076.410,0.991548
1789712076.600,0.000000
1789712076.616,0.000000
1789712076.823,0.000000
1789712076.827,0.833304
1789712081.533,0.974443
1789712081.641,0.993054
1789712081.744,0.994145
1789712082.559,0.986800
1789712082.656,0.989735
1789712082.752,0.003691
1789712082.858,0.000100
1789712082.956,0.880469
1789712083.486,0.934714
1789712083.790,0.000000
1789712084.101,0.880439
1789712084.833,0.993733
1789712085.043,0.993827
1789712085.299,0.993831
1789712086.442,0.985657
1789712086.567,0.992184
1789712086.652,0.991471
1789712087.182,0.991488
1789712087.272,0.160433
1789712087.371,0.025112
1789712087.694,0.853488
1789712088.088,0.993213
1789712088.188,0.993285
1789712088.304,0.991530
1789712090.872,0.993234
1789712091.167,0.992546
1789712091.254,0.991490
1789712091.281,0.000000
1789712091.375,0.853488
1789712091.464,0.988416
1789712091.686,0.993971
1789712092.103,0.991338
1789712092.468,0.992456
1789712092.479,0.990092
1789712093.390,0.988246
1789712093.424,0.985228
1789712093.735,0.993831
1789712095.281,0.984975
1789712095.475,0.993479
1789712095.490,0.991541
1789712096.158,0.994123
1789712096.166,0.992589
1789712096.256,0.992515
1789712096.666,0.883341
1789712096.767,0.986930
1789712096.909,0.015402
1789712097.177,0.993211
1789712097.305,0.991526
1789712098.742,0.994370
1789712098.859,0.993852
1789712100.162,0.990023
1789712100.269,0.992393
1789712100.398,0.985260
1789712100.481,0.991482
1789712100.808,0.989637
1789712101.512,0.992463
1789712101.611,0.993253
1789712101.718,0.993287
1789712102.033,0.992383
1789712102.214,0.993774
1789712102.326,0.994172
1789712102.712,0.992460
1789712102.760,0.992509
1789712105.167,0.946111
1789712105.229,0.930709
1789712105.322,0.967957
1789712106.017,0.000000
1789712106.195,0.000000
1789712106.303,0.000000
1789712107.983,0.994084
1789712108.368,0.994375
1789712108.379,0.367557
1789712108.598,0.015839
1789712108.697,0.859008
1789712109.606,0.361334
1789712109.819,0.066873
1789712109.893,0.888538
1789712110.403,0.708597
1789712110.514,0.000000
1789712110.946,0.558132
1789712110.952,0.944426
1789712111.125,0.986981
1789712111.348,0.989939
1789712111.565,0.000006
1789712111.575,0.000000
1789712112.157,0.605339
1789712112.168,0.180301
1789712112.473,0.870813
1789712114.195,0.893627
1789712114.487,0.776205
1789712114.731,0.485735
1789712115.617,0.952910
1789712115.637,0.991510
1789712115.919,0.000036
1789712117.186,0.822010
1789712117.273,0.983423
1789712117.470,0.990994
1789712117.685,0.002097
1789712117.785,0.000099
1789712117.880,0.005344
1789712118.582,0.983117
1789712118.609,0.993404
1789712118.710,0.992554
1789712120.370,0.003921
1789712120.475,0.000100
1789712120.630,0.000411
1789712121.356,0.853488
1789712121.460,0.983262
1789712121.679,0.225542
1789712121.697,0.745228
1789712121.757,0.811011
1789712122.395,0.979902
1789712122.511,0.991906
1789712122.619,0.991456
1789712123.113,0.993186
1789712123.237,0.994150
1789712123.345,0.994186
1789712124.032,0.992551
1789712124.114,0.000001
1789712125.671,0.000001
1789712125.787,0.868909
1789712125.806,0.993603
1789712125.865,0.992564
1789712126.077,0.992514
1789712126.502,0.974961
1789712126.704,0.990528
1789712126.797,0.989970
1789712127.133,0.990095
1789712127.321,0.992396
1789712127.335,0.993250
1789712129.353,0.991779
1789712129.551,0.991449
1789712129.664,0.992461
1789712130.272,0.958340
1789712130.391,0.992509
1789712130.468,0.994318
1789712130.600,0.989600
1789712134.081,0.991039
1789712134.268,0.992442
1789712134.379,0.990091
1789712135.065,0.960681
1789712135.103,0.964165
1789712135.371,0.936757
1789712136.031,0.992389
1789712136.139,0.988192
1789712136.742,0.991433
1789712136.841,0.991430
1789712136.963,0.991430
1789712137.158,0.853963
1789712137.238,0.986737
1789712137.267,0.989731
1789712137.574,0.993257
1789712137.688,0.992547
1789712138.603,0.993253
1789712138.998,0.990142
1789712140.847,0.993285
1789712141.104,0.994346
1789712141.162,0.993851
1789712143.079,0.994212
1789712143.187,0.994433
1789712144.391,0.993147
1789712144.791,0.000000
1789712144.825,0.000000
1789712145.215,0.000000
1789712145.424,0.000000
1789712145.559,0.000000
1789712147.529,0.991486
1789712147.625,0.992463
1789712149.645,0.989812
1789712149.758,0.992383
1789712149.975,0.988192
1789712150.595,0.880439
1789712150.656,0.982534
1789712150.759,0.989464
1789712151.286,0.994154
1789712151.422,0.992590
1789712151.579,0.991493
1789712153.340,0.991531
1789712156.334,0.000021
1789712156.431,0.000021
1789712156.603,0.000099
1789712156.998,0.993777
1789712157.053,0.993309
1789712157.166,0.993289
1789712157.311,0.600936
1789712157.413,0.359947
1789712157.460,0.942813
1789712157.533,0.000000
1789712157.639,0.000000
1789712157.742,0.681035
1789712157.872,0.832835
1789712157.952,0.918466
1789712160.796,0.993204
1789712161.033,0.991526
1789712163.669,0.993322
1789712163.806,0.993811
1789712163.875,0.994173
1789712164.406,0.975056
1789712164.490,0.993463
1789712164.605,0.992557
1789712164.826,0.894305
1789712164.940,0.990524
1789712165.030,0.993700
1789712165.625,0.991435
1789712165.718,0.993209
1789712165.853,0.990139
1789712167.367,0.991051
1789712167.471,0.993192
1789712167.576,0.994342
1789712167.665,0.985833
1789712167.761,0.992192
1789712167.974,0.988178
1789712168.476,0.993288
1789712168.590,0.993288
1789712168.681,0.993288
1789712168.999,0.991092
1789712169.209,0.994071
1789712169.320,0.990193
1789712169.328,0.991486
1789712169.422,0.994086
1789712169.525,0.994375
1789712169.922,0.894305
1789712170.024,0.990524
1789712170.124,0.992417
1789712173.312,0.994373
1789712173.406,0.993852
1789712173.604,0.001985
1789712173.723,0.991362
1789712173.825,0.991426
1789712173.931,0.991430
1789712174.842,0.988296
1789712174.941,0.991260
1789712175.069,0.992452
1789712175.569,0.993205
1789712175.674,0.994150
1789712175.772,0.993844
1789712176.097,0.994384
1789712176.207,0.993335
1789712176.357,0.992551
1789712178.615,0.991363
1789712178.648,0.000036
1789712178.717,0.000010
1789712179.034,0.994086
1789712179.129,0.993322
1789712179.267,0.992550
1789712179.442,0.489154
1789712179.543,0.964555
1789712179.779,0.989949
1789712180.095,0.712089
1789712180.250,0.976325
1789712180.297,0.992552
1789712184.377,0.487362
1789712184.689,0.000000
1789712184.721,0.000000
1789712185.091,0.072672
1789712185.191,0.086907
1789712185.301,0.035141
1789712185.620,0.988284
1789712185.721,0.053935
1789712186.439,0.945348
1789712186.534,0.987042
1789712186.733,0.987791
1789712187.031,0.712363
1789712187.129,0.032363
1789712187.230,0.000450
1789712188.888,0.918924
1789712188.994,0.183523
1789712190.187,0.000000
1789712190.218,0.000000
1789712190.327,0.161212
1789712192.463,0.993145
1789712192.582,0.991523
1789712194.105,0.876688
1789712194.309,0.989444
1789712194.516,0.989902
1789712195.119,0.871243
1789712195.228,0.986261
1789712195.327,0.989701
1789712195.667,0.868909
1789712195.945,0.986131
1789712196.014,0.991142
1789712198.300,0.450975
1789712198.413,0.194586
1789712199.216,0.994036
1789712199.407,0.991571
1789712199.531,0.988131
1789712199.609,0.868910
1789712199.728,0.984250
1789712199.750,0.991489
1789712199.921,0.991433
1789712199.968,0.992460
1789712200.535,0.990884
1789712200.649,0.994259
1789712200.752,0.993848
1789712202.185,0.992506
1789712202.278,0.993255
1789712202.397,0.991529
1789712202.711,0.991425
1789712202.921,0.988120
1789712203.090,0.991250
1789712206.381,0.868909
1789712206.478,0.984249
1789712206.594,0.992898
1789712206.983,0.993196
1789712207.073,0.990138
1789712207.193,0.991360
1789712207.899,0.993605
1789712208.005,0.990164
1789712208.847,0.900731
1789712208.917,0.987873
1789712209.021,0.003942
1789712209.476,0.853488
1789712209.583,0.983262
1789712210.565,0.992550
1789712210.679,0.993256
1789712211.803,0.924397
1789712211.911,0.989122
1789712212.006,0.993644
1789712213.977,0.992452
1789712214.084,0.991485
1789712214.280,0.363252
1789712214.578,0.992394
1789712214.651,0.988193
1789712214.765,0.991254
1789712214.869,0.993148
1789712214.974,0.993804
1789712215.086,0.993830
1789712216.713,0.989934
1789712217.351,0.880469
1789712217.445,0.868972
1789712217.647,0.984253
1789712217.859,0.991039
1789712218.246,0.993308
1789712218.448,0.992068
1789712218.562,0.993236
1789712218.678,0.991528
1789712221.459,0.993214
1789712221.566,0.992545
1789712222.566,0.000000
1789712222.666,0.000000
1789712222.755,0.000000
1789712225.527,0.991554
1789712225.617,0.993741
1789712225.721,0.988293
1789712225.748,0.547346
1789712225.850,0.776008
1789712225.945,0.980589
1789712226.270,0.991560
1789712226.427,0.993214
1789712226.471,0.993807
1789712226.642,0.989933
1789712226.767,0.989933
1789712226.858,0.992389
1789712228.515,0.993810
1789712228.622,0.993311
1789712231.674,0.868909
1789712231.767,0.989103
1789712231.894,0.993643
1789712232.407,0.991482
1789712232.494,0.992463
1789712232.617,0.990092
1789712232.797,0.000000
1789712232.890,0.897442
1789712232.986,0.988912
1789712234.750,0.992432
1789712234.834,0.993251
1789712234.951,0.990142
1789712235.966,0.993214
1789712236.072,0.991526
1789712236.175,0.991435
1789712237.075,0.991260
1789712237.130,0.985503
1789712237.395,0.000000
1789712237.713,0.991471
1789712237.812,0.992462
1789712237.912,0.988198
1789712239.270,0.993810
1789712239.351,0.992574
1789712239.552,0.993258
1789712240.688,0.984977
1789712240.806,0.989619
1789712241.083,0.992550
1789712241.293,0.993256
1789712242.213,0.992570
1789712242.336,0.993781
1789712242.429,0.993829
1789712244.299,0.000000
1789712244.385,0.000000
1789712244.474,0.000000
1789712244.764,0.989934
1789712245.395,0.992460
1789712245.480,0.982054
1789712245.602,0.000080
1789712246.862,0.993808
1789712246.961,0.000000
1789712247.056,0.000000
1789712247.351,0.993205
1789712247.465,0.055554
1789712249.376,0.363026
1789712249.471,0.872762
1789712249.571,0.987693
1789712250.210,0.992547
1789712250.398,0.993256
1789712250.626,0.946512
1789712250.634,0.008197
1789712250.752,0.988927
1789712250.902,0.991294
1789712251.138,0.005342
1789712253.178,0.000000
1789712253.269,0.681035
1789712253.374,0.000000
1789712253.472,0.000000
1789712253.570,0.000000
1789712258.073,0.799916
1789712258.271,0.000006
1789712259.014,0.970390
1789712259.106,0.882789
1789712259.506,0.000000
1789712259.623,0.383645
1789712260.544,0.882032
1789712260.657,0.985074
1789712260.954,0.987580
1789712261.073,0.993939
1789712261.167,0.836517
1789712261.258,0.000000
1789712261.486,0.984279
1789712261.887,0.989874
1789712261.986,0.994025
1789712262.073,0.994181
1789712262.312,0.974102
1789712262.483,0.992455
1789712265.456,0.774105
1789712265.792,0.980467
1789712265.883,0.990832
1789712266.907,0.991349
1789712267.001,0.992456
1789712267.302,0.856891
1789712267.407,0.986888
1789712267.504,0.989740
1789712269.442,0.685976
1789712269.567,0.626385
1789712269.593,0.483191
1789712269.863,0.991430
1789712269.961,0.993736
1789712270.063,0.991555
1789712270.583,0.992493
1789712270.675,0.992511
1789712270.883,0.991488
1789712271.084,0.993778
1789712271.195,0.991576
1789712271.295,0.991438
1789712271.406,0.991430
1789712272.440,0.853488
1789712272.542,0.985260
1789712272.613,0.993490
1789712275.078,0.991398
1789712275.183,0.993207
1789712275.278,0.991526
1789712276.837,0.991426
1789712276.845,0.993208
1789712276.887,0.990139
1789712277.652,0.993148
1789712277.765,0.994148
1789712277.856,0.994186
1789712278.182,0.992513
1789712278.262,0.926191
1789712278.361,0.943609
1789712278.467,0.903842
1789712278.597,0.991489
1789712279.073,0.992509
1789712279.177,0.990095
1789712279.303,0.992396
1789712279.592,0.993213
1789712279.778,0.994151
1789712279.805,0.993325
1789712280.215,0.957044
1789712280.225,0.924456
1789712280.308,0.990201
1789712280.402,0.992402
1789712280.830,0.992461
1789712280.915,0.991486
1789712281.020,0.991433
1789712285.229,0.989812
1789712285.333,0.993139
1789712285.445,0.992542
1789712285.847,0.992355
1789712285.927,0.990085
1789712286.040,0.992396
1789712286.652,0.992393
1789712286.755,0.993250
1789712286.862,0.991528
1789712287.771,0.993733
1789712287.867,0.994170
1789712287.977,0.993326
1789712288.516,0.990035
1789712288.591,0.981779
1789712290.356,0.000000
1789712290.475,0.001557
1789712290.570,0.681999
1789712290.965,0.000000
1789712290.978,0.992512
1789712291.053,0.992512
1789712291.176,0.992512
1789712292.190,0.757113
1789712292.276,0.967741
1789712292.380,0.988514
1789712296.394,0.000006
1789712296.486,0.000000
1789712298.746,0.000013
1789712298.949,0.547356
1789712299.043,0.000000
1789712299.150,0.000000
1789712299.247,0.774102
1789712299.781,0.888744
1789712299.988,0.163953
1789712300.087,0.000000
1789712300.723,0.000000
1789712300.798,0.000000
1789712300.881,0.000002
1789712303.569,0.000048
1789712304.557,0.992506
1789712304.568,0.251678
1789712304.700,0.000000
1789712308.858,0.992462
1789712308.959,0.364698
1789712308.989,0.000001
1789712309.082,0.000000
1789712309.187,0.000000
1789712309.513,0.000000
1789712310.609,0.000000
1789712310.721,0.383645
1789712310.816,0.111946
1789712310.956,0.000000
1789712311.115,0.000000
1789712311.163,0.000000
1789712311.263,0.000000
1789712315.431,0.897442
1789712315.544,0.990336
1789712315.638,0.993161
1789712316.655,0.894305
1789712316.771,0.990203
1789712316.876,0.993156
1789712317.492,0.986132
1789712317.697,0.991142
1789712317.798,0.991414
1789712318.015,0.868909
1789712318.116,0.928425
1789712318.323,0.924715
1789712318.526,0.774102
1789712318.607,0.974265
1789712318.703,0.988125
1789712320.667,0.889565
1789712320.762,0.990421
1789712320.840,0.991375
1789712321.573,0.948788
1789712321.703,0.991324
1789712321.771,0.988113
1789712322.589,0.903807
1789712323.299,0.992515
1789712324.454,0.853488
1789712324.526,0.985260
1789712324.635,0.989637
1789712325.472,0.868909
1789712325.480,0.986131
1789712325.668,0.992207
1789712326.395,0.990089
1789712326.412,0.993151
1789712326.438,0.993804
1789712327.605,0.993289
1789712327.844,0.993208
1789712328.113,0.990139
1789712328.213,0.993153
1789712328.854,0.992462
1789712329.167,0.994123
1789712331.194,0.991257
1789712331.321,0.993201
1789712331.505,0.988253
1789712333.859,0.989938
1789712333.972,0.019057
1789712334.061,0.000855
1789712334.175,0.000812
1789712334.998,0.992452
1789712335.101,0.990092
1789712335.175,0.989943
1789712336.419,0.994081
1789712336.657,0.994183
1789712336.723,0.993845
1789712336.951,0.990096
1789712337.061,0.993151
1789712337.268,0.988260
1789712337.360,0.989827
1789712337.389,0.994024
1789712337.960,0.853488
1789712338.054,0.985260
1789712342.183,0.989827
1789712342.261,0.992384
1789712342.376,0.992506
1789712343.928,0.993781
1789712344.033,0.994364
1789712344.133,0.991589
1789712345.032,0.993250
1789712345.123,0.992547
1789712345.226,0.991490
1789712345.747,0.994154
1789712345.826,0.162638
1789712345.982,0.008203
1789712346.032,0.009750
1789712346.438,0.985494
1789712346.545,0.993499
1789712346.643,0.992559
1789712348.179,0.989637
1789712348.310,0.993131
1789712348.331,0.000194
1789712348.508,0.992389
1789712349.244,0.881032
1789712349.413,0.993287
1789712349.448,0.988106
1789712349.570,0.991249
1789712355.260,0.993325
1789712355.360,0.991533
1789712355.473,0.993740
1789712356.087,0.993255
1789712356.189,0.925961
1789712356.400,0.957405
1789712357.206,0.992572
1789712357.302,0.993781
1789712357.411,0.993829
1789712359.087,0.000000
1789712359.178,0.000000
1789712359.277,0.000000
1789712359.659,0.993148
1789712359.861,0.990135
1789712359.969,0.993153
1789712360.286,0.990092
1789712360.388,0.991357
1789712360.506,0.993205
1789712366.553,0.000204
1789712366.733,0.732435
1789712366.829,0.979907
1789712366.941,0.590297
1789712367.346,0.483893
1789712367.453,0.943847
1789712367.587,0.991099
1789712369.505,0.854782
1789712369.602,0.746949
1789712369.697,0.893417
1789712370.323,0.161212
1789712370.427,0.002387
1789712373.072,0.001967
1789712373.191,0.000001
1789712373.283,0.000000
1789712373.698,0.887147
1789712373.812,0.988409
1789712374.028,0.246811
1789712374.920,0.977290
1789712375.021,0.989129
1789712375.122,0.992350
1789712375.547,0.868909
1789712375.634,0.000000
1789712378.914,0.991123
1789712379.444,0.681035
1789712380.868,0.000000
1789712381.389,0.000000
1789712381.393,0.000000
1789712381.401,0.000000
1789712381.411,0.000000
1789712384.459,0.034044
1789712384.553,0.003212
1789712384.743,0.854629
1789712385.258,0.957044
1789712385.371,0.991697
1789712385.588,0.000000
1789712385.767,0.072291
1789712385.890,0.033854
1789712389.470,0.001557
1789712389.608,0.002933
1789712389.670,0.002944
1789712389.766,0.000411
1789712389.801,0.009527
1789712389.906,0.003000
1789712390.070,0.000002
1789712390.181,0.000000
1789712390.488,0.992446
1789712390.583,0.993776
1789712390.686,0.994172
1789712393.040,0.992394
1789712393.251,0.993774
1789712393.369,0.993829
1789712393.573,0.878556
1789712393.678,0.986667
1789712393.785,0.987763
1789712395.207,0.979043
1789712395.294,0.992671
1789712395.415,0.990105
1789712395.616,0.965192
1789712395.706,0.992677
1789712396.002,0.992520
1789712397.742,0.868909
1789712397.891,0.986131
1789712397.949,0.993525
1789712399.599,0.869042
1789712399.716,0.988471
1789712399.805,0.993081
1789712400.414,0.854535
1789712400.551,0.983330
1789712400.620,0.992072
1789712401.135,0.834489
1789712401.451,0.162467
1789712401.458,0.926346
1789712401.545,0.856466
1789712401.650,0.662282
1789712402.052,0.991547
1789712402.158,0.991436
1789712402.304,0.992461
1789712402.585,0.993108
1789712402.689,0.993802
1789712402.795,0.991558
1789712402.890,0.994081
1789712403.008,0.993841
1789712403.318,0.990179
1789712403.515,0.993253
1789712403.597,0.990142
1789712403.691,0.991360
1789712406.987,0.993253
1789712407.170,0.991529
1789712407.210,0.991435
1789712408.627,0.992506
1789712410.060,0.971661
1789712410.166,0.993552
1789712410.272,0.993300
1789712410.856,0.993214
1789712410.962,0.990139
1789712411.066,0.989946
1789712411.500,0.025237
1789712411.618,0.017739
1789712411.898,0.017378
1789712412.002,0.989934
1789712412.491,0.888744
1789712412.536,0.987226
1789712412.701,0.987805
1789712414.338,0.993065
1789712416.201,0.991250
1789712416.288,0.992452
1789712416.396,0.990092
1789712418.341,0.945267
1789712418.437,0.000000
1789712418.543,0.000000
1789712418.642,0.000000
1789712418.745,0.000000
1789712418.850,0.990177
1789712419.766,0.993779
1789712419.806,0.993309
1789712419.975,0.993289
1789712421.617,0.741951
1789712421.718,0.971517
1789712421.818,0.000000
1789712421.918,0.000000
1789712422.023,0.000000
1789712422.122,0.990081
1789712422.222,0.989942
1789712424.282,0.993285
1789712424.376,0.992549
1789712424.992,0.977194
1789712425.093,0.967300
1789712425.208,0.979171
1789712425.429,0.001907
1789712425.538,0.000022
1789712425.629,0.000001
1789712428.384,0.888744
1789712428.588,0.009360
1789712428.692,0.000022
1789712428.982,0.788813
1789712429.098,0.006408
1789712431.451,0.894305
1789712431.559,0.990203
1789712431.647,0.993156
1789712431.867,0.054548
1789712432.070,0.333918
1789712432.163,0.404932
1789712432.370,0.991435
1789712432.454,0.989934
1789712432.569,0.992389
1789712432.614,0.992506
1789712433.708,0.922659
1789712433.793,0.991670
1789712433.903,0.990042
1789712434.302,0.868909
1789712434.352,0.987499
1789712434.616,0.991216
1789712435.042,0.854178
1789712435.127,0.986748
1789712435.235,0.989732
1789712438.014,0.880440
1789712438.141,0.988077
1789712438.248,0.991248
1789712439.758,0.855754
1789712439.834,0.980718
1789712439.930,0.990846
1789712440.759,0.000001
1789712440.883,0.000000
1789712440.998,0.000000
1789712441.102,0.894305
1789712441.173,0.991526
1789712441.283,0.969980
1789712441.402,0.990252
1789712441.619,0.985411
1789712441.819,0.993148
1789712441.926,0.991523
1789712442.032,0.992465
1789712443.316,0.990028
1789712443.430,0.993148
1789712443.529,0.993804
1789712445.389,0.991353
1789712445.489,0.992457
1789712445.578,0.992509
1789712445.913,0.990087
1789712446.000,0.988020
1789712446.808,0.994122
1789712447.013,0.993843
1789712447.107,0.993312
1789712448.532,0.994077
1789712448.586,0.990194
1789712449.153,0.994123
1789712449.256,0.994185
1789712449.354,0.993845
1789712451.116,0.991470
1789712451.440,0.990524
1789712451.541,0.992417
1789712451.703,0.992507
1789712452.446,0.000000
1789712452.535,0.000000
1789712452.748,0.000000
1789712452.849,0.991435
1789712453.389,0.990023
1789712453.478,0.992393
1789712453.586,0.993250
1789712455.002,0.992574
1789712455.200,0.994127
1789712455.307,0.993324
1789712456.122,0.993600
1789712456.225,0.992564
1789712456.939,0.991552
1789712457.050,0.992466
1789712457.144,0.988198
1789712457.467,0.991350
1789712457.495,0.993205
1789712457.598,0.990139
1789712459.822,0.993811
1789712459.922,0.994365
1789712460.018,0.993852
1789712461.035,0.993501
1789712461.139,0.994353
1789712461.244,0.993334
1789712463.105,0.110201
1789712463.217,0.143037
1789712463.413,0.639304
1789712464.150,0.008244
1789712464.241,0.000209
1789712464.355,0.000000
1789712464.445,0.000000
1789712464.618,0.547346
1789712464.860,0.000000
1789712465.459,0.946043
1789712465.471,0.990231
1789712465.587,0.991365
1789712466.889,0.990083
1789712466.998,0.992396
1789712467.083,0.991482
1789712467.412,0.000000
1789712469.729,0.970308
1789712469.777,0.835748
1789712469.933,0.538420
1789712470.266,0.055759
1789712470.468,0.001817
1789712470.555,0.002935
1789712473.140,0.990513
1789712473.234,0.967031
1789712473.444,0.965376
1789712473.534,0.953575
1789712474.264,0.009533
1789712474.383,0.005488
1789712474.547,0.009676
1789712475.056,0.383645
1789712475.080,0.000000
1789712475.189,0.000000
1789712477.343,0.868909
1789712477.366,0.988465
1789712477.637,0.991269
1789712478.638,0.880449
1789712478.766,0.988077
1789712478.859,0.993064
1789712479.984,0.000000
1789712480.106,0.000000
1789712482.480,0.868909
1789712482.665,0.987499
1789712482.965,0.993359
1789712483.086,0.994403
1789712483.166,0.993336
1789712484.477,0.853488
1789712484.578,0.988416
1789712484.726,0.993016
1789712484.805,0.994143
1789712484.899,0.991577
1789712485.330,0.894305
1789712485.355,0.987527
1789712485.601,0.993148
1789712485.703,0.993282
1789712485.830,0.896467
1789712486.028,0.991354
1789712486.151,0.991426
1789712486.228,0.946119
1789712486.317,0.991202
1789712486.538,0.988104
1789712487.239,0.888744
1789712487.344,0.990294
1789712487.365,0.993159
1789712492.907,0.991433
1789712492.985,0.000085
1789712493.007,0.030479
1789712493.115,0.003180
1789712493.221,0.001571
1789712493.601,0.991477
1789712493.717,0.993210
1789712493.805,0.000015
1789712493.919,0.000000
1789712494.010,0.000000
1789712495.034,0.000000
1789712495.140,0.000000
1789712495.242,0.000000
1789712496.779,0.990027
1789712496.812,0.991354
1789712496.906,0.988115
1789712498.223,0.988865
1789712498.238,0.989865
1789712502.714,0.894728
1789712502.811,0.990221
1789712503.123,0.833304
1789712503.273,0.984091
1789712503.287,0.000000
1789712503.359,0.833304
1789712503.522,0.979014
1789712504.151,0.992274
1789712504.249,0.993245
1789712504.368,0.990141
1789712504.554,0.896424
1789712504.659,0.987642
1789712504.794,0.992279
1789712505.580,0.853518
1789712505.687,0.985261
1789712505.784,0.989637
1789712506.598,0.993810
1789712506.644,0.993311
1789712506.810,0.976933
1789712506.912,0.967251
1789712507.034,0.986284
1789712507.117,0.000015
1789712507.242,0.807269
1789712507.350,0.984252
1789712507.518,0.989573
1789712509.307,0.992506
1789712509.459,0.992512
1789712509.509,0.991488
1789712511.412,0.992452
1789712511.516,0.994122
1789712513.459,0.993807
1789712513.566,0.994365
1789712513.594,0.993279
1789712513.674,0.994153
1789712513.816,0.994186
1789712514.100,0.993144
1789712514.215,0.990135
1789712514.308,0.993684
1789712514.694,0.994082
1789712514.811,0.991573
1789712515.022,0.990036
1789712516.428,0.990134
1789712516.542,0.992398
1789712516.641,0.993250
1789712517.035,0.982138
1789712517.242,0.980881
1789712517.297,0.942294
1789712517.476,0.490373
1789712517.593,0.967638
1789712517.695,0.990122
1789712517.971,0.994330
1789712518.070,0.992598
1789712518.179,0.993782
1789712523.317,0.909631
1789712523.388,0.991149
1789712523.486,0.000196
1789712523.622,0.000010
1789712523.695,0.000021
1789712525.155,0.991482
1789712525.258,0.993211
1789712525.379,0.004059
1789712525.475,0.000047
1789712525.579,0.000010
1789712525.972,0.989939
1789712526.173,0.611049
1789712526.292,0.266640
1789712526.610,0.853488
1789712526.706,0.985260
1789712526.823,0.989637
1789712527.393,0.993305
1789712527.512,0.993289
1789712527.598,0.991531
1789712533.848,0.991333
1789712533.938,0.607309
1789712534.190,0.993196
1789712534.198,0.264673
1789712534.282,0.365513
1789712534.376,0.004077
1789712534.770,0.991229
1789712534.855,0.993200
1789712535.071,0.925936
1789712536.219,0.276409
1789712536.226,0.784896
1789712536.237,0.830166
1789712536.341,0.890086
1789712536.642,0.982138
1789712536.715,0.968229
1789712536.807,0.965604
1789712536.932,0.000000
1789712539.985,0.013224
1789712540.193,0.000427
1789712540.294,0.225755
1789712542.450,0.000000
1789712542.690,0.000000
1789712542.713,0.000000
1789712544.115,0.974277
1789712544.123,0.993047
1789712544.215,0.992537
1789712545.440,0.683554
1789712545.544,0.966188
1789712545.630,0.988413
1789712546.119,0.937237
1789712546.238,0.946452
1789712546.353,0.868483
1789712547.486,0.807269
1789712547.585,0.000000
1789712547.691,0.000000
1789712547.975,0.807269
1789712548.080,0.605197
1789712548.174,0.000001
1789712549.237,0.922205
1789712549.408,0.973794
1789712549.430,0.939954
1789712550.238,0.987832
1789712550.347,0.993949
1789712550.458,0.994178
1789712550.853,0.853776
1789712551.045,0.985276
1789712551.147,0.989638
1789712551.863,0.984384
1789712551.960,0.993455
1789712554.937,0.975471
1789712555.056,0.992515
1789712555.153,0.991489
1789712555.373,0.986266
1789712555.473,0.991149
1789712556.269,0.853488
1789712556.387,0.985260
1789712556.481,0.991094
1789712558.562,0.000006
1789712558.947,0.000001
1789712558.966,0.000000
1789712559.559,0.984252
1789712559.671,0.993813
1789712559.852,0.993311
1789712561.112,0.990087
1789712561.195,0.988324
1789712561.293,0.992312
1789712561.402,0.982037
1789712562.524,0.994158
1789712562.617,0.993326
1789712563.749,0.992506
1789712563.843,0.994124
1789712563.947,0.993843
1789712566.834,0.993288
1789712566.918,0.993288
1789712567.120,0.993288
1789712567.325,0.936242
1789712567.449,0.986432
1789712567.532,0.960571
1789712567.631,0.964144
1789712567.735,0.989926
1789712568.070,0.888744
1789712568.365,0.990294
1789712568.398,0.992406
1789712569.082,0.894305
1789712569.182,0.987527
1789712569.290,0.987828
1789712570.407,0.993151
1789712570.502,0.992542
1789712570.611,0.991490
1789712571.628,0.994260
1789712571.765,0.993330
1789712571.934,0.993290
1789712574.407,0.992502
1789712574.602,0.994124
1789712574.633,0.992589
1789712575.027,0.993810
1789712575.039,0.993311
1789712575.114,0.993289
1789712575.441,0.993289
1789712575.530,0.994346
1789712575.715,0.993334
1789712577.191,0.993810
1789712577.269,0.363247
1789712577.370,0.163434
1789712577.469,0.042430
1789712577.572,0.018584
1789712578.096,0.990091
1789712578.166,0.991357
1789712578.287,0.991426
1789712580.126,0.000015
1789712580.234,0.000021
1789712580.334,0.000002
1789712581.660,0.993685
1789712581.768,0.992568
1789712581.879,0.994126
1789712582.499,0.992397
1789712582.603,0.992506
1789712582.693,0.991488
1789712583.409,0.993153
1789712583.523,0.993804
1789712583.649,0.097439
1789712583.751,0.006954
1789712583.901,0.871147
1789712584.631,0.992549
1789712586.797,0.982206
1789712586.809,0.980888
1789712586.885,0.000000
1789712587.194,0.981030
1789712588.725,0.000000
1789712588.841,0.000000
1789712588.925,0.000000
1789712589.689,0.072292
1789712589.791,0.000001
1789712589.885,0.000000
1789712590.585,0.366667
1789712590.673,0.238422
1789712590.787,0.902713
1789712592.968,0.491169
1789712593.167,0.000338
1789712593.273,0.005348
1789712593.841,0.599926
1789712593.866,0.925353
1789712593.965,0.987698
1789712595.811,0.974102
1789712595.928,0.988925
1789712596.016,0.000015
1789712596.711,0.984566
1789712596.939,0.028802
1789712597.014,0.000446
1789712597.449,0.000204
1789712597.533,0.000000
1789712598.278,0.880439
1789712598.370,0.988077
1789712598.478,0.993064
1789712599.492,0.992493
1789712599.573,0.993254
1789712599.682,0.991529
1789712603.074,0.993741
1789712603.171,0.992570
1789712603.274,0.161212
1789712603.377,0.308855
1789712603.509,0.297192
1789712604.086,0.888578
1789712604.187,0.985480
1789712604.281,0.991106
1789712604.325,0.000000
1789712604.435,0.888744
1789712604.518,0.988487
1789712605.336,0.855383
1789712605.433,0.985368
1789712605.533,0.993494
1789712606.274,0.991227
1789712606.388,0.992451
1789712606.469,0.990091
1789712607.260,0.991523
1789712607.393,0.991435
1789712607.469,0.991430
1789712607.870,0.993309
1789712607.978,0.994154
1789712608.081,0.993844
1789712608.412,0.833304
1789712608.503,0.487242
1789712608.585,0.088724
1789712608.728,0.864323
1789712611.862,0.987692
1789712611.871,0.989791
1789712612.077,0.987998
1789712617.619,0.989555
1789712617.723,0.992371
1789712617.827,0.993249
1789712619.037,0.992393
1789712619.148,0.608924
1789712619.237,0.181731
1789712619.580,0.984091
1789712620.074,0.990550
1789712620.184,0.991382
1789712621.825,0.992290
1789712621.917,0.991476
1789712622.033,0.991432
1789712626.107,0.960284
1789712626.121,0.954395
1789712626.220,0.989376
1789712626.315,0.029654
1789712626.733,0.985680
1789712626.741,0.991412
1789712626.958,0.988119
1789712626.989,0.923692
1789712627.031,0.000000
1789712651.597,0.000000
1789712651.602,0.000000
1789712652.314,0.993201
1789712652.419,0.993806
1789712652.524,0.988298
1789712653.033,0.987615
1789712653.136,0.993044
1789712653.240,0.990129
1789712655.677,0.992572
1789712655.892,0.991492
1789712656.091,0.991433
1789712659.856,0.990095
1789712659.954,0.992396
1789712660.055,0.982046
1789712660.492,0.853488
1789712660.806,0.993733
1789712660.894,0.992570
1789712660.989,0.468087
1789712661.379,0.992549
1789712661.597,0.923098
1789712662.115,0.000083
1789712667.580,0.993208
1789712667.681,0.993285
1789712674.410,0.985260
1789712674.418,0.992942
1789712674.428,0.988234
1789712674.452,0.868909
1789712674.460,0.988465
1789712674.470,0.989840
1789712674.492,0.562653
1789712674.495,0.105453
1789712674.500,0.000000
1789712674.503,0.000000
1789712674.508,0.000000
1789712674.519,0.957689
1789712674.522,0.214917
1789712674.527,0.005107
1789712674.538,0.992869
1789712674.541,0.015983
1789712674.546,0.000103
1789712674.555,0.990099
1789712674.558,0.985397
1789712674.617,0.000002
1789712675.339,0.000810
1789712678.138,0.000000
1789712678.142,0.005342
1789712678.147,0.809625
1789712679.470,0.358325
1789712679.567,0.871502
1789712679.658,0.973790
1789712681.324,0.847931
1789712681.408,0.988552
1789712681.511,0.993084
1789712681.831,0.094573
1789712682.140,0.000128
1789712682.145,0.000022
1789712682.824,0.921220
1789712682.922,0.973674
1789712683.027,0.988897
1789712683.567,0.889184
1789712683.679,0.001151
1789712683.866,0.000004
1789712684.161,0.045686
1789712684.754,0.072291
1789712684.861,0.011601
1789712685.111,0.001609
1789712685.419,0.894360
1789712685.427,0.985836
1789712685.598,0.981302
1789712690.129,0.000034
1789712690.330,0.000000
1789712690.519,0.001557
1789712691.008,0.605990
1789712691.222,0.964045
1789712691.765,0.833306
1789712692.041,0.000435
1789712692.138,0.833310
1789712692.373,0.987494
1789712692.583,0.788275
1789712693.276,0.868909
1789712693.360,0.987499
1789712693.484,0.993039
1789712694.683,0.870636
1789712694.741,0.006064
1789712694.939,0.000824
1789712694.968,0.000812
1789712695.518,0.991349
1789712695.557,0.004030
1789712695.711,0.000416
1789712696.033,0.834463
1789712696.771,0.991729
1789712697.077,0.991446
1789712697.100,0.988122
1789712700.110,0.854042
1789712700.519,0.985291
1789712700.530,0.992166
1789712701.353,0.853643
1789712701.361,0.985268
1789712701.456,0.989638
1789712702.491,0.981363
1789712702.710,0.990881
1789712702.913,0.988080
1789712703.506,0.992184
1789712703.717,0.992496
1789712703.728,0.991488
1789712704.720,0.992630
1789712704.925,0.993260
1789712705.127,0.993287
1789712705.347,0.982556
1789712705.357,0.992034
1789712706.834,0.984359
1789712706.843,0.001953
1789712706.849,0.881025
1789712706.908,0.982577
1789712707.410,0.853635
1789712707.520,0.983271
1789712707.694,0.000000
1789712708.001,0.975161
1789712708.110,0.990539
1789712711.417,0.992505
1789712711.813,0.992463
1789712711.924,0.993253
1789712712.232,0.991529
1789712712.407,0.992542
1789712712.520,0.993780
1789712712.641,0.994172
1789712714.670,0.991530
1789712714.911,0.977084
1789712714.966,0.967279
1789712715.082,0.914441
1789712716.721,0.991353
1789712716.912,0.985511
1789712717.854,0.000000
1789712720.147,0.994086
1789712720.160,0.000086
1789712721.004,0.159622
1789712721.256,0.002377
1789712721.267,0.003858
1789712721.270,0.000000
1789712721.274,0.000000
1789712721.956,0.992545
1789712722.560,0.994374
1789712722.573,0.946719
1789712724.132,0.790811
1789712724.332,0.187070
1789712724.539,0.044887
1789712728.104,0.880439
1789712728.199,0.989607
1789712728.291,0.000000
1789712728.390,0.000002
1789712728.479,0.000004
1789712728.588,0.868910
1789712728.693,0.904015
1789712728.802,0.989653
1789712728.895,0.000422
1789712729.097,0.000000
1789712730.219,0.000000
1789712730.321,0.000000
1789712730.651,0.301125
1789712730.749,0.293327
1789712730.849,0.000000
1789712731.243,0.469200
1789712731.342,0.017117
1789712732.391,0.971548
1789712732.507,0.992937
1789712732.600,0.993273
1789712734.361,0.853488
1789712734.468,0.985260
1789712734.555,0.991094
1789712735.545,0.833304
1789712735.685,0.981938
1789712735.760,0.990913
1789712737.311,0.991331
1789712737.409,0.992456
1789712737.536,0.993252
1789712737.706,0.000000
1789712737.811,0.880439
1789712737.930,0.988077
1789712738.237,0.986424
1789712738.329,0.992221
1789712740.272,0.479587
1789712740.803,0.800901
1789712740.814,0.837808
1789712742.001,0.868909
1789712742.110,0.988465
1789712742.439,0.225542
1789712742.519,0.912884
1789712742.644,0.986958
1789712743.892,0.251728
1789712743.899,0.052180
1789712743.909,0.019074
1789712744.389,0.992459
1789712744.401,0.993253
1789712744.431,0.991529
1789712747.020,0.991470
1789712747.137,0.993210
1789712747.342,0.991526
1789712748.455,0.992547
1789712748.497,0.993256
1789712748.579,0.059934
1789712748.670,0.019469
1789712748.775,0.010061
1789712748.874,0.872130
1789712749.007,0.988615
1789712749.685,0.888744
1789712749.787,0.987226
1789712749.906,0.992259
1789712750.311,0.993064
1789712750.420,0.993279
1789712750.525,0.992548
1789712753.053,0.990091
1789712753.113,0.993151
1789712753.309,0.000000
1789712753.631,0.000000
1789712754.407,0.992515
1789712756.966,0.992394
1789712757.062,0.993250
1789712757.168,0.988257
1789712757.787,0.993978
1789712757.898,0.994371
1789712758.078,0.993852
1789712759.538,0.015947
1789712759.640,0.003054
1789712759.736,0.001570
1789712760.018,0.993829
1789712760.363,0.993804
1789712760.540,0.992573
1789712760.574,0.992515
1789712762.818,0.993808
1789712762.848,0.991559
1789712763.419,0.853488
1789712763.935,0.992506
1789712763.961,0.992512
1789712764.027,0.991488
1789712765.095,0.990027
1789712765.238,0.992393
1789712765.578,0.993147
1789712765.585,0.992542
1789712765.649,0.985619
1789712767.018,0.991532
1789712767.022,0.993213
1789712767.027,0.992545
1789712769.180,0.869859
1789712769.345,0.988509
1789712769.453,0.991271
1789712771.195,0.992575
1789712771.209,0.993258
1789712771.416,0.993287
1789712771.509,0.993809
1789712771.604,0.993311
1789712772.111,0.983262
1789712772.251,0.989510
1789712772.322,0.992369
1789712773.472,0.991358
1789712773.564,0.993205
1789712773.684,0.984632
1789712774.612,0.990007
1789712774.622,0.991353
1789712776.427,0.853488
1789712776.517,0.987738
1789712776.614,0.987844
1789712778.566,0.992545
1789712778.671,0.993256
1789712778.789,0.993287
1789712779.881,0.988202
1789712779.889,0.992306
1789712780.092,0.251436
1789712780.242,0.990144
1789712780.429,0.992399
1789712781.844,0.888744
1789712783.170,0.993733
1789712783.772,0.993827
1789712783.783,0.054838
1789712783.790,0.000943
1789712783.801,0.853824
1789712783.881,0.994081
1789712784.033,0.993841
1789712784.427,0.993831
1789712784.448,0.988253
1789712784.455,0.989827
1789712784.934,0.993139
1789712786.537,0.993278
1789712786.679,0.000000
1789712786.686,0.000000
1789712786.748,0.000000
1789712790.235,0.798436
1789712790.376,0.979562
1789712790.387,0.992694
1789712790.782,0.054474
1789712790.866,0.001810
1789712791.144,0.000814
1789712791.564,0.000001
1789712791.571,0.000000
1789712791.697,0.000000
1789712792.519,0.992506
1789712792.526,0.000931
1789712792.537,0.000000
1789712792.683,0.000000
1789712793.193,0.824237
1789712793.602,0.936196
1789712793.616,0.900502
1789712793.750,0.272275
1789712793.755,0.019011
1789712794.275,0.692595
1789712796.280,0.000000
1789712796.488,0.000000
1789712796.592,0.000000
1789712797.394,0.833304
1789712797.624,0.000939
1789712797.903,0.005357
1789712798.051,0.735415
1789712802.034,0.023144
1789712803.063,0.833306
1789712803.070,0.985658
1789712803.081,0.991116
1789712804.255,0.868909
1789712804.266,0.987499
1789712804.394,0.991216
1789712806.729,0.853488
1789712807.073,0.976872
1789712807.084,0.990634
1789712807.661,0.965515
1789712807.855,0.992690
1789712807.957,0.008167
1789712808.270,0.894305
1789712808.354,0.985833
1789712808.493,0.992967
1789712811.052,0.993665
1789712811.146,0.993824
1789712811.339,0.992574
1789712812.148,0.993680
1789712812.754,0.992567
1789712812.771,0.993257
1789712814.309,0.894305
1789712814.435,0.990524
1789712814.521,0.991381
1789712814.829,0.876168
1789712814.917,0.989421
1789712815.027,0.994205
1789712815.635,0.969461
1789712815.725,0.769673
1789712816.481,0.027915
1789712816.489,0.017869
1789712816.683,0.840208
1789712818.929,0.880688
1789712819.020,0.986785
1789712819.222,0.991177
1789712821.055,0.992572
1789712821.157,0.993257
1789712821.256,0.991529
1789712822.388,0.993256
1789712822.493,0.994152
1789712822.589,0.992590
1789712824.029,0.990139
1789712824.127,0.991360
1789712824.258,0.000000
1789712824.346,0.000000
1789712824.456,0.000000
1789712824.561,0.982395
1789712826.203,0.992817
1789712826.219,0.988299
1789712826.226,0.003544
1789712826.238,0.000818
1789712826.322,0.000412
1789712827.016,0.994141
1789712827.120,0.993325
1789712827.942,0.992422
1789712828.147,0.992508
1789712828.152,0.990095
1789712828.857,0.989943
1789712828.970,0.992389
1789712829.083,0.992506
1789712831.199,0.993959
1789712831.335,0.994370
1789712831.399,0.992600
1789712832.128,0.992448
1789712832.224,0.990091
1789712832.322,0.985396
1789712832.663,0.990098
1789712834.904,0.990115
1789712835.093,0.993152
1789712836.223,0.991244
1789712836.320,0.993200
1789712836.651,0.000000
1789712836.678,0.000000
1789712836.685,0.000000
1789712836.739,0.100886
1789712836.967,0.012496
1789712836.978,0.005534
1789712837.276,0.993250
1789712837.352,0.991528
1789712837.440,0.990033
1789712838.187,0.991260
1789712838.196,0.993729
1789712838.359,0.991554
1789712839.625,0.991969
1789712839.692,0.992486
1789712839.804,0.990094
1789712840.941,0.990099
1789712841.030,0.992397
1789712841.130,0.993250
1789712845.629,0.992399
1789712845.637,0.992506
1789712845.777,0.993255
1789712846.066,0.992513
1789712846.181,0.993255
1789712846.580,0.992397
1789712846.697,0.994120
1789712847.700,0.000000
1789712847.906,0.000000
1789712848.010,0.000000
1789712848.103,0.619206
1789712848.299,0.988193
1789712848.411,0.991254
1789712854.690,0.990099
1789712854.700,0.991358
1789712859.298,0.807250
1789712859.302,0.364597
1789712859.305,0.163878
1789712859.310,0.107440
1789712859.319,0.161212
1789712859.321,0.918697
1789712859.581,0.027917
1789712859.895,0.003158
1789712860.789,0.994148
1789712860.898,0.994377
1789712861.001,0.492094
1789712861.645,0.000000
1789712861.649,0.000000
1789712861.653,0.000000
1789712864.175,0.991542
1789712864.315,0.993213
1789712864.615,0.990139
1789712865.498,0.967863
1789712865.510,0.992786
1789712865.526,0.925754
1789712866.527,0.774102
1789712866.627,0.000000
1789712866.752,0.000000
1789712868.080,0.939868
1789712868.293,0.988544
1789712868.381,0.246970
1789712869.898,0.000000
1789712869.918,0.000000
1789712870.954,0.000010
1789712870.973,0.911206
1789712871.046,0.000000
1789712871.068,0.681035
1789712871.135,0.001270
1789712871.235,0.000099
1789712872.563,0.944917
1789712872.788,0.991147
1789712872.812,0.993196
1789712874.328,0.993774
1789712874.438,0.994418
1789712874.608,0.993854
1789712874.961,0.989193
1789712875.056,0.993112
1789712875.214,0.991521
1789712875.987,0.833304
1789712876.173,0.981938
1789712876.183,0.987406
1789712876.279,0.051612
1789712876.400,0.894738
1789712876.604,0.988780
1789712878.035,0.868909
1789712879.720,0.992588
1789712879.727,0.991493
1789712879.738,0.988125
1789712879.966,0.833304
1789712880.259,0.984091
1789712880.281,0.992108
1789712880.778,0.991477
1789712881.261,0.992462
1789712881.267,0.988198
1789712881.284,0.988488
1789712881.482,0.993973
1789712881.500,0.991568
1789712881.987,0.977124
1789712884.674,0.993770
1789712884.678,0.992572
1789712884.683,0.993257
1789712885.698,0.992268
1789712885.712,0.994115
1789712885.771,0.994184
1789712888.428,0.993771
1789712888.445,0.977084
1789712888.629,0.974884
1789712888.774,0.980048
1789712892.247,0.993201
1789712892.255,0.991526
1789712892.265,0.000000
1789712892.317,0.000000
1789712892.437,0.974102
1789712892.530,0.988925
1789712892.643,0.991294
1789712893.465,0.992467
1789712893.666,0.991486
1789712894.187,0.992465
1789712894.308,0.992510
1789712894.372,0.992512
1789712894.499,0.000077
1789712894.577,0.000004
1789712894.876,0.547349
1789712895.115,0.990173
1789712895.547,0.991357
1789712895.555,0.991426
1789712895.644,0.993208
1789712900.325,0.994172
1789712900.333,0.992591
1789712900.515,0.990100
1789712900.530,0.000000
1789712900.553,0.000000
1789712900.669,0.868909
1789712901.694,0.981922
1789712901.707,0.975588
1789712901.716,0.974666
1789712901.737,0.992512
1789712902.043,0.489091
1789712902.057,0.209747
1789712902.201,0.880439
1789712902.767,0.991433
1789712902.897,0.993208
1789712902.914,0.992545
1789712904.028,0.994037
1789712904.515,0.253537
1789712904.517,0.989150
1789712904.706,0.005607
1789712904.708,0.993110
1789712907.930,0.993148
1789712908.131,0.993282
1789712908.238,0.992549
1789712909.160,0.990007
1789712909.367,0.790902
1789712909.446,0.991711
1789712909.546,0.487811
1789712909.681,0.000000
1789712910.371,0.976768
1789712910.379,0.233832
1789712910.475,0.017350
1789712911.177,0.009202
1789712911.196,0.016972
1789712911.313,0.097672
1789712917.243,0.992590
1789712917.616,0.993324
1789712917.716,0.993290
1789712919.163,0.000204
1789712919.274,0.000099
1789712919.377,0.027923
1789712920.698,0.868912
1789712920.799,0.987499
1789712920.916,0.987826
1789712921.818,0.859393
1789712921.930,0.988680
1789712922.028,0.707350
1789712922.356,0.000000
1789712922.730,0.905720
1789712923.551,0.870717
1789712923.560,0.984364
1789712923.954,0.993454
1789712924.212,0.880439
1789712924.886,0.984975
1789712924.897,0.992151
1789712926.979,0.979034
1789712927.078,0.992671
1789712927.248,0.994127
1789712927.272,0.000000
1789712927.455,0.993324
1789712927.587,0.993290
1789712929.329,0.943135
1789712930.125,0.989157
1789712930.133,0.992352
1789712930.143,0.991480
1789712930.356,0.993810
1789712930.525,0.993830
1789712930.659,0.993311
1789712931.764,0.000006
1789712931.768,0.897444
1789712931.777,0.990336
1789712931.787,0.993692
1789712931.807,0.868909
1789712931.812,0.989103
1789712931.819,0.993643
1789712931.831,0.988140
1789712934.951,0.994170
1789712936.888,0.993201
1789712937.721,0.888744
1789712938.329,0.992549
1789712938.533,0.994126
1789712938.604,0.994185
1789712939.653,0.993604
1789712939.752,0.991548
1789712940.153,0.991436
1789712940.170,0.993285
1789712940.178,0.000000
1789712940.649,0.000000
1789712940.670,0.991532
1789712943.417,0.994346
1789712943.431,0.990211
1789712944.078,0.990095
1789712944.086,0.991358
1789712946.715,0.980583
1789712946.722,0.991939
1789712947.005,0.991483
1789712947.147,0.991433
1789712947.156,0.991430
1789712947.239,0.000001
1789712947.256,0.894305
1789712947.653,0.987527
1789712947.667,0.993040
1789712947.742,0.993832
1789712947.825,0.993831
1789712948.039,0.993831
1789712950.999,0.993736
1789712951.131,0.994362
1789712951.299,0.993852
1789712951.524,0.250505
1789712951.616,0.052034
1789712951.724,0.019066
1789712953.585,0.888744
1789712953.697,0.988487
1789712953.788,0.991270
1789712955.432,0.993151
1789712955.511,0.994148
1789712955.652,0.994377
1789712956.010,0.989950
1789712956.111,0.993677
1789712956.211,0.992567
1789712957.259,0.853355
1789712957.361,0.659531
1789712957.468,0.506263
1789712957.595,0.508696
1789712957.790,0.407409
1789712957.858,0.991430
1789712957.978,0.991430
1789712958.073,0.993736
1789712959.413,0.973226
1789712959.609,0.992416
1789712959.703,0.990089
1789712960.223,0.891468
1789712960.313,0.990082
1789712960.362,0.993150
1789712960.725,0.993810
1789712960.733,0.994173
1789712961.168,0.993326
1789712963.224,0.991430
1789712963.234,0.991430
1789712963.255,0.833304
1789712963.269,0.984091
1789712965.771,0.992538
1789712965.786,0.977118
1789712966.054,0.465378
1789712967.217,0.000003
1789712967.222,0.000000
1789712967.236,0.000000
1789712967.248,0.000568
1789712967.306,0.000204
1789712967.400,0.225644
1789712967.688,0.000000
1789712967.790,0.000000
1789712969.132,0.990178
1789712969.235,0.994037
1789712969.444,0.992584
1789712970.161,0.602304
1789712970.763,0.957688
1789712970.777,0.985543
1789712970.969,0.987679
1789712971.386,0.363171
1789712971.394,0.107142
1789712971.587,0.036977
1789712975.619,0.915269
1789712975.671,0.989768
1789712975.776,0.851250
1789712976.199,0.110201
