t_pi,seq,state,dev_millis,transition
1790636692.3935096,208,OFF,205977,1
1790636693.3960783,209,OFF,206977,0
1790636694.4159732,210,OFF,207977,0
1790636695.4267623,211,OFF,208977,0
1790636696.4028585,212,OFF,209977,0
1790636697.393636,213,OFF,210977,0
1790636698.3976846,214,OFF,211977,0
1790636699.4228728,215,OFF,212977,0
1790636700.3909125,216,OFF,213977,0
1790636701.3908734,217,OFF,214977,0
1790636702.3908548,218,OFF,215977,0
1790636703.4165413,219,OFF,216977,0
1790636704.4509013,220,OFF,217977,0
1790636705.189819,221,ON,218777,1
1790636705.4720721,222,ON,219059,0
1790636706.5059214,223,ON,220093,0
1790636707.540582,224,ON,221127,0
1790636708.574845,225,ON,222160,0
1790636709.5960784,226,ON,223184,0
1790636710.6304405,227,ON,224218,0
1790636711.7102115,228,ON,225252,0
1790636712.7450795,229,ON,226286,0
1790636713.7588573,230,ON,227320,0
1790636714.7827098,231,ON,228354,0
1790636715.8108666,232,ON,229388,0
1790636716.8403368,233,ON,230422,0
1790636717.8733246,234,ON,231456,0
1790636718.9068987,235,ON,232490,0
1790636719.938867,236,ON,233524,0
1790636720.9745846,237,ON,234558,0
1790636722.0485773,238,ON,235592,0
1790636723.0805922,239,ON,236626,0
1790636724.102213,240,ON,237660,0
1790636725.1250658,241,ON,238694,0
1790636726.152979,242,ON,239728,0
1790636727.1828163,243,ON,240762,0
1790636728.2108228,244,ON,241796,0
1790636729.2483134,245,ON,242830,0
1790636729.5289974,246,OFF,243112,1
1790636730.2782922,247,OFF,243862,0
1790636731.281468,248,OFF,244862,0
1790636732.2966847,249,OFF,245862,0
1790636733.3188608,250,OFF,246862,0
1790636734.278264,251,OFF,247862,0
1790636735.2788644,252,OFF,248862,0
1790636736.2880955,253,OFF,249862,0
1790636737.3121634,254,OFF,250862,0
1790636738.2843406,255,OFF,251862,0
1790636739.2789094,256,OFF,252862,0
1790636740.2815742,257,OFF,253862,0
1790636741.3202453,258,OFF,254863,0
1790636742.278914,259,OFF,255863,0
1790636743.2800822,260,OFF,256863,0
1790636744.2813492,261,OFF,257863,0
1790636745.3052444,262,OFF,258863,0
1790636746.3253615,263,OFF,259863,0
1790636747.2756815,264,OFF,260863,0
1790636748.2805133,265,OFF,261863,0
1790636749.2924757,266,OFF,262863,0
1790636750.3178968,267,OFF,263863,0
1790636751.278837,268,OFF,264863,0
1790636752.282153,269,OFF,265863,0
1790636753.2883017,270,OFF,266863,0
1790636754.3123534,271,OFF,267863,0
1790636755.2828996,272,OFF,268863,0
1790636756.2854793,273,OFF,269863,0
1790636757.2790134,274,OFF,270863,0
1790636758.3147674,275,OFF,271863,0
1790636759.278868,276,OFF,272863,0
1790636760.281141,277,OFF,273863,0
1790636761.2764285,278,OFF,274863,0
1790636762.306898,279,OFF,275863,0
1790636763.3230758,280,OFF,276863,0
1790636764.2794547,281,OFF,277863,0
1790636765.2822971,282,OFF,278863,0
1790636766.290919,283,OFF,279863,0
1790636767.3180273,284,OFF,280863,0
1790636768.2909093,285,OFF,281863,0
1790636769.2827368,286,OFF,282863,0
1790636770.2990901,287,OFF,283863,0
1790636771.3082802,288,OFF,284863,0
1790636772.2779758,289,OFF,285863,0
1790636773.2777565,290,OFF,286864,0
1790636774.2828279,291,OFF,287864,0
1790636775.30398,292,OFF,288864,0
1790636776.329979,293,OFF,289864,0
1790636777.285145,294,OFF,290864,0
1790636778.2829103,295,OFF,291864,0
1790636779.3007321,296,OFF,292864,0
1790636780.3213694,297,OFF,293864,0
1790636781.2828953,298,OFF,294864,0
1790636782.2788966,299,OFF,295864,0
1790636783.2944853,300,OFF,296864,0
1790636784.317326,301,OFF,297864,0
1790636785.2759857,302,OFF,298864,0
1790636786.2841597,303,OFF,299864,0
1790636786.578293,304,ON,300164,1
1790636787.3323545,305,ON,300916,0
1790636788.414034,306,ON,301950,0
1790636789.4360213,307,ON,302984,0
1790636790.4566813,308,ON,304018,0
1790636791.4812312,309,ON,305052,0
1790636792.5028875,310,ON,306086,0
1790636793.5342188,311,ON,307120,0
1790636794.5720515,312,ON,308154,0
1790636795.6040418,313,ON,309188,0
1790636796.6388674,314,ON,310222,0
1790636797.6747742,315,ON,311256,0
1790636798.7509987,316,ON,312290,0
1790636799.7773018,317,ON,313324,0
1790636800.8009846,318,ON,314359,0
1790636801.8240914,319,ON,315393,0
1790636802.8478787,320,ON,316427,0
1790636803.499917,321,OFF,317085,1
1790636803.8748674,322,OFF,317435,0
1790636804.9001563,323,OFF,318435,0
1790636805.8530922,324,OFF,319435,0
1790636806.8543708,325,OFF,320435,0
1790636807.8662484,326,OFF,321435,0
1790636808.8926702,327,OFF,322435,0
1790636809.8508403,328,OFF,323435,0
1790636810.8515813,329,OFF,324435,0
1790636811.8628988,330,OFF,325435,0
1790636812.8824365,331,OFF,326435,0
1790636813.8503447,332,OFF,327435,0
1790636814.8508847,333,OFF,328435,0
1790636815.8522096,334,OFF,329435,0
1790636816.8883042,335,OFF,330435,0
1790636817.8988657,336,OFF,331435,0
1790636818.8548887,337,OFF,332435,0
1790636819.85328,338,OFF,333435,0
1790636820.8748603,339,OFF,334435,0
1790636821.8999941,340,OFF,335435,0
1790636822.8533967,341,OFF,336435,0
1790636823.8580184,342,OFF,337435,0
1790636824.8777883,343,OFF,338435,0
1790636825.8853514,344,OFF,339435,0
1790636826.8492966,345,OFF,340435,0
1790636827.8546934,346,OFF,341435,0
1790636828.8549135,347,OFF,342435,0
1790636829.886334,348,OFF,343436,0
1790636829.9967718,349,ON,343536,1
1790636830.911239,350,ON,344476,0
1790636831.9282978,351,ON,345510,0
1790636832.9653823,352,ON,346544,0
1790636833.998914,353,ON,347578,0
1790636835.0324838,354,ON,348612,0
1790636836.0651994,355,ON,349646,0
1790636837.0989141,356,ON,350680,0
1790636838.1750352,357,ON,351714,0
1790636839.2054987,358,ON,352748,0
1790636840.2255797,359,ON,353782,0
1790636841.24829,360,ON,354816,0
1790636842.2712185,361,ON,355850,0
1790636843.2986565,362,ON,356884,0
1790636844.3355007,363,ON,357918,0
1790636845.3729706,364,ON,358952,0
1790636846.4054966,365,ON,359986,0
1790636847.4372888,366,ON,361020,0
1790636848.5148997,367,ON,362054,0
1790636848.6621342,368,OFF,362242,1
1790636849.5428824,369,OFF,363092,0
1790636850.5108788,370,OFF,364092,0
1790636851.5124965,371,OFF,365092,0
1790636852.5132618,372,OFF,366092,0
1790636853.5385437,373,OFF,367092,0
1790636854.508997,374,OFF,368092,0
1790636855.5136273,375,OFF,369092,0
1790636856.513128,376,OFF,370093,0
1790636857.5347652,377,OFF,371093,0
1790636858.5600622,378,OFF,372093,0
1790636859.510921,379,OFF,373093,0
1790636860.5149035,380,OFF,374093,0
1790636861.5309038,381,OFF,375093,0
1790636862.550923,382,OFF,376093,0
1790636863.5128217,383,OFF,377093,0
1790636864.5137749,384,OFF,378093,0
1790636865.5240269,385,OFF,379093,0
1790636866.566328,386,OFF,380093,0
1790636867.5169792,387,OFF,381093,0
1790636868.5189257,388,OFF,382093,0
1790636869.512928,389,OFF,383093,0
1790636870.5486996,390,OFF,384093,0
1790636871.5109134,391,OFF,385093,0
1790636872.5148833,392,OFF,386093,0
1790636873.5163867,393,OFF,387093,0
1790636874.5328865,394,OFF,388093,0
1790636875.5643315,395,OFF,389093,0
1790636876.5139823,396,OFF,390093,0
1790636877.518753,397,OFF,391093,0
1790636878.5229115,398,OFF,392093,0
1790636879.5491202,399,OFF,393093,0
1790636880.5148768,400,OFF,394093,0
1790636881.5125027,401,OFF,395093,0
1790636882.5180306,402,OFF,396093,0
1790636883.5507362,403,OFF,397093,0
1790636884.5617516,404,OFF,398093,0
1790636885.5126588,405,OFF,399093,0
1790636886.5130742,406,OFF,400093,0
1790636887.5455043,407,OFF,401093,0
1790636888.5606909,408,OFF,402094,0
1790636889.5163822,409,OFF,403094,0
1790636890.5163639,410,OFF,404094,0
1790636891.5336964,411,OFF,405094,0
1790636892.5723722,412,OFF,406094,0
1790636893.513736,413,OFF,407094,0
1790636894.5161822,414,OFF,408094,0
1790636895.5244322,415,OFF,409094,0
1790636896.560179,416,OFF,410094,0
1790636897.5146618,417,OFF,411094,0
1790636897.613089,418,ON,411194,1
1790636898.5948691,419,ON,412134,0
1790636899.6188674,420,ON,413168,0
1790636900.6415615,421,ON,414202,0
1790636901.6788557,422,ON,415236,0
1790636902.694888,423,ON,416270,0
1790636903.7222514,424,ON,417304,0
1790636904.758784,425,ON,418338,0
1790636905.7947206,426,ON,419372,0
1790636906.8263245,427,ON,420406,0
1790636907.8623857,428,ON,421440,0
1790636907.955933,429,OFF,421534,1
1790636908.9358726,430,OFF,422484,0
1790636909.9053164,431,OFF,423484,0
1790636910.9136746,432,OFF,424484,0
1790636911.90527,433,OFF,425484,0
1790636912.9324124,434,OFF,426484,0
1790636913.9056852,435,OFF,427484,0
1790636914.9054837,436,OFF,428484,0
1790636915.905978,437,OFF,429484,0
1790636916.9348545,438,OFF,430484,0
1790636917.9548724,439,OFF,431484,0
1790636918.9046261,440,OFF,432484,0
1790636919.9082282,441,OFF,433484,0
1790636920.920236,442,OFF,434484,0
1790636921.946384,443,OFF,435484,0
1790636922.9098969,444,OFF,436484,0
1790636923.9061449,445,OFF,437484,0
1790636924.9089293,446,OFF,438484,0
1790636925.9321601,447,OFF,439484,0
1790636926.9021666,448,OFF,440484,0
1790636927.90272,449,OFF,441484,0
1790636928.9063916,450,OFF,442484,0
1790636929.9401944,451,OFF,443484,0
1790636930.9500012,452,OFF,444484,0
1790636931.9097316,453,OFF,445484,0
1790636932.9123154,454,OFF,446484,0
1790636933.9229856,455,OFF,447484,0
1790636934.9528148,456,OFF,448484,0
1790636935.1570225,457,ON,448684,1
1790636935.9708657,458,ON,449530,0
1790636936.994874,459,ON,450564,0
1790636938.0188653,460,ON,451598,0
1790636939.0576875,461,ON,452632,0
1790636940.0882628,462,ON,453666,0
1790636941.1242228,463,ON,454700,0
1790636942.1573465,464,ON,455734,0
1790636943.1905365,465,ON,456768,0
1790636943.8605862,466,OFF,457426,1
1790636944.1976821,467,OFF,457776,0
1790636945.1998177,468,OFF,458776,0
1790636946.2108986,469,OFF,459776,0
1790636947.2341406,470,OFF,460776,0
1790636948.1985288,471,OFF,461776,0
1790636949.1999803,472,OFF,462776,0
1790636950.2050657,473,OFF,463776,0
1790636951.234208,474,OFF,464776,0
1790636952.1953275,475,OFF,465776,0
1790636953.2017581,476,OFF,466776,0
1790636954.1982281,477,OFF,467776,0
1790636955.2429392,478,OFF,468776,0
1790636956.194748,479,OFF,469776,0
1790636957.2062676,480,OFF,470776,0
1790636958.199745,481,OFF,471776,0
1790636959.2206316,482,OFF,472776,0
1790636960.2429514,483,OFF,473776,0
1790636961.2014024,484,OFF,474776,0
1790636962.1942945,485,OFF,475776,0
1790636963.2202623,486,OFF,476776,0
1790636964.234925,487,OFF,477776,0
1790636965.1965106,488,OFF,478776,0
1790636966.1988807,489,OFF,479777,0
1790636967.223218,490,OFF,480777,0
1790636968.2320569,491,OFF,481777,0
1790636969.2004275,492,OFF,482777,0
1790636970.199831,493,OFF,483777,0
1790636971.2008212,494,OFF,484777,0
1790636972.2232435,495,OFF,485777,0
1790636973.24133,496,OFF,486777,0
1790636974.2012386,497,OFF,487777,0
1790636975.2025173,498,OFF,488777,0
1790636976.2259228,499,OFF,489777,0
1790636977.2548866,500,OFF,490777,0
1790636977.357943,501,ON,490927,1
1790636978.2891757,502,ON,491867,0
1790636979.318845,503,ON,492901,0
1790636980.3583722,504,ON,493935,0
1790636981.437187,505,ON,494969,0
1790636982.461373,506,ON,496003,0
1790636983.50439,507,ON,497032,0
1790636984.5281034,508,ON,498066,0
1790636985.5378695,509,ON,499100,0
1790636986.5629141,510,ON,500134,0
1790636987.5908706,511,ON,501168,0
1790636988.6268985,512,ON,502202,0
1790636989.6588686,513,ON,503236,0
1790636990.6912777,514,ON,504270,0
1790636991.7269137,515,ON,505304,0
1790636992.802873,516,ON,506338,0
1790636993.6224794,517,OFF,507184,1
1790636993.8348145,518,OFF,507384,0
1790636994.8483057,519,OFF,508384,0
1790636995.8094585,520,OFF,509384,0
1790636996.8069074,521,OFF,510384,0
1790636997.8220482,522,OFF,511384,0
1790636998.8468857,523,OFF,512384,0
1790636999.8069196,524,OFF,513384,0
1790637000.8086843,525,OFF,514384,0
1790637001.816547,526,OFF,515384,0
1790637002.8388805,527,OFF,516384,0
1790637003.8037448,528,OFF,517384,0
1790637004.8128073,529,OFF,518384,0
1790637005.8068764,530,OFF,519384,0
1790637006.8374796,531,OFF,520384,0
1790637007.8532493,532,OFF,521384,0
1790637008.8149016,533,OFF,522384,0
1790637009.8034954,534,OFF,523384,0
1790637010.8308263,535,OFF,524384,0
1790637011.8560696,536,OFF,525384,0
1790637012.8079174,537,OFF,526384,0
1790637013.8042796,538,OFF,527384,0
1790637014.8248568,539,OFF,528384,0
1790637015.8448944,540,OFF,529384,0
1790637016.808712,541,OFF,530384,0
1790637017.8035376,542,OFF,531384,0
1790637018.816037,543,OFF,532384,0
1790637019.8389711,544,OFF,533384,0
1790637020.8092616,545,OFF,534384,0
1790637021.8096986,546,OFF,535384,0
1790637022.8100576,547,OFF,536384,0
1790637023.841412,548,OFF,537384,0
1790637024.8521957,549,OFF,538384,0
1790637025.8085768,550,OFF,539384,0
1790637026.805079,551,OFF,540384,0
1790637027.8286912,552,OFF,541384,0
1790637028.8773346,553,OFF,542384,0
1790637029.8047636,554,OFF,543384,0
1790637030.8061469,555,OFF,544384,0
1790637031.8188813,556,OFF,545384,0
1790637032.8455393,557,OFF,546384,0
1790637033.8123288,558,OFF,547384,0
1790637034.8082862,559,OFF,548384,0
1790637035.8144398,560,OFF,549384,0
1790637036.3229208,561,ON,549884,1
1790637036.8707948,562,ON,550448,0
1790637037.9068677,563,ON,551482,0
1790637038.9847887,564,ON,552516,0
1790637040.025651,565,ON,553550,0
1790637041.0349135,566,ON,554584,0
1790637042.0607011,567,ON,555618,0
1790637043.0844767,568,ON,556652,0
1790637044.110918,569,ON,557686,0
1790637045.1411428,570,ON,558720,0
1790637046.1749043,571,ON,559754,0
1790637047.2232394,572,ON,560788,0
1790637048.2509255,573,ON,561822,0
1790637049.3269062,574,ON,562857,0
1790637050.3537347,575,ON,563891,0
1790637051.3788686,576,ON,564925,0
1790637052.4134352,577,ON,565959,0
1790637053.437853,578,ON,566993,0
1790637054.4553502,579,ON,568027,0
1790637055.4881518,580,ON,569061,0
1790637056.5229163,581,ON,570095,0
1790637057.554891,582,ON,571129,0
1790637058.5894327,583,ON,572163,0
1790637059.6245446,584,ON,573197,0
1790637060.69762,585,ON,574231,0
1790637061.1227815,586,OFF,574701,1
1790637061.7168572,587,OFF,575251,0
1790637062.6788912,588,OFF,576251,0
1790637063.6767156,589,OFF,577251,0
1790637064.6930058,590,OFF,578251,0
1790637065.726891,591,OFF,579252,0
1790637066.677482,592,OFF,580252,0
1790637067.6772194,593,OFF,581252,0
1790637068.6856463,594,OFF,582252,0
1790637069.714382,595,OFF,583252,0
1790637070.6746526,596,OFF,584252,0
1790637071.6788602,597,OFF,585252,0
1790637072.674553,598,OFF,586252,0
1790637073.702506,599,OFF,587252,0
1790637074.6775453,600,OFF,588252,0
1790637075.6788712,601,OFF,589252,0
1790637076.6826546,602,OFF,590252,0
1790637077.7000384,603,OFF,591252,0
1790637078.725375,604,OFF,592252,0
1790637079.680037,605,OFF,593252,0
1790637080.678703,606,OFF,594252,0
1790637081.6886933,607,OFF,595252,0
1790637082.7148197,608,OFF,596252,0
1790637083.6813784,609,OFF,597252,0
1790637084.6824996,610,OFF,598253,0
1790637085.6868978,611,OFF,599253,0
1790637086.706664,612,OFF,600253,0
1790637087.6744432,613,OFF,601253,0
1790637087.8804135,614,ON,601453,1
1790637088.7559767,615,ON,602299,0
1790637089.780451,616,ON,603333,0
1790637090.802531,617,ON,604367,0
1790637091.8286817,618,ON,605401,0
1790637092.8603454,619,ON,606435,0
1790637093.9001527,620,ON,607469,0
1790637094.930887,621,ON,608503,0
1790637095.956778,622,ON,609532,0
1790637096.9917896,623,ON,610566,0
1790637098.0708709,624,ON,611600,0
1790637099.1005702,625,ON,612634,0
1790637100.137013,626,ON,613668,0
1790637101.1455603,627,ON,614702,0
1790637102.170127,628,ON,615736,0
1790637103.196328,629,ON,616770,0
1790637104.2325528,630,ON,617804,0
1790637105.2643995,631,ON,618838,0
1790637106.2962291,632,ON,619872,0
1790637107.3292103,633,ON,620906,0
1790637108.3669214,634,ON,621940,0
1790637109.4445646,635,ON,622974,0
1790637109.8748357,636,OFF,623444,1
1790637110.4642305,637,OFF,623994,0
1790637111.421152,638,OFF,624994,0
1790637112.4300034,639,OFF,625994,0
1790637113.4349172,640,OFF,626994,0
1790637114.4573185,641,OFF,627994,0
1790637115.4214346,642,OFF,628994,0
1790637116.4306948,643,OFF,629994,0
1790637117.4300156,644,OFF,630994,0
1790637118.4522943,645,OFF,631994,0
1790637119.4217217,646,OFF,632994,0
1790637120.4238334,647,OFF,633994,0
1790637121.4228652,648,OFF,634994,0
1790637122.4486797,649,OFF,635994,0
1790637123.4728866,650,OFF,636994,0
1790637124.4227808,651,OFF,637994,0
1790637125.4223874,652,OFF,638994,0
1790637126.440253,653,OFF,639994,0
1790637127.468728,654,OFF,640994,0
1790637128.42266,655,OFF,641994,0
1790637129.4268646,656,OFF,642994,0
1790637130.4348679,657,OFF,643994,0
1790637131.4582467,658,OFF,644994,0
1790637132.4222267,659,OFF,645994,0
1790637133.422859,660,OFF,646995,0
1790637134.426868,661,OFF,647995,0
1790637135.4538598,662,OFF,648995,0
1790637135.4779522,663,ON,649045,1
1790637136.501208,664,ON,650079,0
1790637137.5400734,665,ON,651113,0
1790637138.617772,666,ON,652147,0
1790637139.6617327,667,ON,653181,0
1790637140.6844177,668,ON,654215,0
1790637141.6985414,669,ON,655249,0
1790637142.722535,670,ON,656283,0
1790637143.7453413,671,ON,657317,0
1790637144.7785568,672,ON,658351,0
1790637145.4376872,673,OFF,659009,1
1790637145.793779,674,OFF,659359,0
1790637146.8218153,675,OFF,660359,0
1790637147.783356,676,OFF,661359,0
1790637148.7881365,677,OFF,662359,0
1790637149.7879524,678,OFF,663359,0
1790637150.81799,679,OFF,664359,0
1790637151.7868793,680,OFF,665359,0
1790637152.7868943,681,OFF,666359,0
1790637153.798758,682,OFF,667359,0
1790637154.8068948,683,OFF,668359,0
1790637155.8287127,684,OFF,669359,0
1790637156.790661,685,OFF,670359,0
1790637157.7923834,686,OFF,671359,0
1790637158.818142,687,OFF,672359,0
1790637159.8231187,688,OFF,673359,0
1790637160.7883594,689,OFF,674359,0
1790637161.7885742,690,OFF,675359,0
1790637162.7980669,691,OFF,676359,0
1790637163.8189864,692,OFF,677359,0
1790637164.7836645,693,OFF,678359,0
1790637165.792772,694,OFF,679359,0
1790637166.789587,695,OFF,680359,0
1790637167.8131623,696,OFF,681359,0
1790637168.8304763,697,OFF,682359,0
1790637169.7881217,698,OFF,683359,0
1790637170.7896094,699,OFF,684359,0
1790637171.8046157,700,OFF,685359,0
1790637172.8289683,701,OFF,686359,0
1790637173.78896,702,OFF,687359,0
1790637174.7928298,703,OFF,688359,0
1790637175.7970033,704,OFF,689359,0
1790637176.8210123,705,OFF,690360,0
1790637177.7902536,706,OFF,691360,0
1790637178.7860253,707,OFF,692360,0
1790637179.7901216,708,OFF,693360,0
1790637180.814867,709,OFF,694360,0
1790637181.790383,710,OFF,695360,0
1790637182.7904892,711,OFF,696360,0
1790637183.794454,712,OFF,697360,0
1790637184.809076,713,OFF,698360,0
1790637185.8326983,714,OFF,699360,0
1790637186.7893097,715,OFF,700360,0
1790637187.7908897,716,OFF,701360,0
1790637188.8026767,717,OFF,702360,0
1790637189.836333,718,OFF,703360,0
1790637190.7900443,719,OFF,704360,0
1790637191.7904613,720,OFF,705360,0
1790637192.8068597,721,OFF,706360,0
1790637193.8212807,722,OFF,707360,0
1790637194.840997,723,OFF,708360,0
1790637195.252324,724,ON,708810,1
1790637195.7999632,725,ON,709374,0
1790637196.8380203,726,ON,710408,0
1790637197.9132907,727,ON,711442,0
1790637198.947214,728,ON,712476,0
1790637199.9665139,729,ON,713510,0
1790637200.9885867,730,ON,714544,0
1790637202.0108383,731,ON,715578,0
1790637203.0468566,732,ON,716612,0
1790637204.077161,733,ON,717646,0
1790637205.1142776,734,ON,718680,0
1790637206.1441832,735,ON,719714,0
1790637207.180135,736,ON,720748,0
1790637208.2545238,737,ON,721782,0
1790637209.286291,738,ON,722816,0
1790637210.3189313,739,ON,723850,0
1790637211.3319478,740,ON,724884,0
1790637212.358763,741,ON,725918,0
1790637213.3829176,742,ON,726952,0
1790637214.417726,743,ON,727986,0
1790637215.450897,744,ON,729020,0
1790637216.4803343,745,ON,730054,0
1790637217.372299,746,OFF,730900,1
1790637217.5729094,747,OFF,731100,0
1790637218.530163,748,OFF,732100,0
1790637219.5327685,749,OFF,733100,0
1790637220.5550382,750,OFF,734100,0
1790637221.569979,751,OFF,735100,0
1790637222.5270865,752,OFF,736100,0
1790637223.542698,753,OFF,737100,0
1790637224.5412934,754,OFF,738100,0
1790637225.5933046,755,OFF,739100,0
1790637226.5309222,756,OFF,740100,0
1790637227.532558,757,OFF,741100,0
1790637228.5358396,758,OFF,742100,0
1790637229.5609422,759,OFF,743100,0
1790637230.5308487,760,OFF,744100,0
1790637231.5361342,761,OFF,745100,0
1790637232.5308642,762,OFF,746100,0
1790637233.5537336,763,OFF,747100,0
1790637234.5726728,764,OFF,748100,0
1790637235.5275154,765,OFF,749100,0
1790637236.5398545,766,OFF,750100,0
1790637237.5486412,767,OFF,751100,0
1790637238.574892,768,OFF,752100,0
1790637239.5895638,769,OFF,753100,0
1790637240.526135,770,OFF,754100,0
1790637241.5382872,771,OFF,755100,0
1790637242.566154,772,OFF,756100,0
1790637243.5308568,773,OFF,757100,0
1790637244.5320323,774,OFF,758100,0
1790637245.5319705,775,OFF,759100,0
1790637246.5730875,776,OFF,760101,0
1790637247.5908747,777,OFF,761101,0
1790637248.5334451,778,OFF,762101,0
1790637249.5337918,779,OFF,763101,0
1790637250.5511036,780,OFF,764101,0
1790637251.592721,781,OFF,765101,0
1790637252.5321767,782,OFF,766101,0
1790637253.5275168,783,OFF,767101,0
1790637254.5442946,784,OFF,768101,0
1790637255.5810478,785,OFF,769101,0
1790637256.53443,786,OFF,770101,0
1790637257.5323424,787,OFF,771101,0
1790637258.5421593,788,OFF,772101,0
1790637259.566712,789,OFF,773101,0
1790637260.582077,790,OFF,774101,0
1790637261.5338137,791,OFF,775101,0
1790637262.5372849,792,OFF,776101,0
1790637263.557552,793,OFF,777101,0
1790637264.5876782,794,OFF,778101,0
1790637265.5335004,795,OFF,779101,0
1790637266.5325623,796,OFF,780101,0
1790637267.5507603,797,OFF,781101,0
1790637268.5742707,798,OFF,782101,0
1790637269.5312452,799,OFF,783101,0
1790637270.53714,800,OFF,784101,0
1790637271.5428011,801,OFF,785101,0
1790637272.5740352,802,OFF,786101,0
1790637273.4886127,803,ON,787051,1
1790637273.6039774,804,ON,787145,0
1790637274.6175447,805,ON,788179,0
1790637275.6467545,806,ON,789213,0
1790637276.6814103,807,ON,790247,0
1790637277.7143774,808,ON,791281,0
1790637278.7459364,809,ON,792315,0
1790637279.864218,810,ON,793346,0
1790637280.805106,811,ON,794372,0
1790637281.8821537,812,ON,795406,0
1790637282.9134827,813,ON,796440,0
1790637283.9388793,814,ON,797474,0
1790637284.9609253,815,ON,798508,0
1790637285.9927058,816,ON,799542,0
1790637287.0308828,817,ON,800576,0
