t_send,t_report,node,tel,gws,policy,block,b1,b2,b3,interferer_at_send,outcome
1790636696.2091513,1790636707.4230971,8,12,1,round-robin,0,0.9913,0.9938,,OFF,success
1790636699.354434,1790636709.5796044,5,37,1,round-robin,0,0.9938,0.9942,,OFF,success
1790636697.239648,1790636710.1214607,3,38,1,round-robin,0,0.9898,0.9914,,OFF,failed
1790636700.7015414,1790636710.3993802,7,35,1,round-robin,0,0.9937,0.9932,,OFF,success
1790636701.3348272,1790636712.1445165,4,35,1,round-robin,0,0.9913,0.9938,,OFF,success
1790636706.3464491,1790636719.2022595,2,13,1,round-robin,0,0.99,0.9916,,ON,failed
1790636714.0766919,1790636720.033341,6,37,1,round-robin,0,0.0,0.9839,,ON,failed
1790636708.305068,1790636720.7482657,9,13,1,round-robin,0,0.974,0.993,,ON,failed
1790636710.63973,1790636721.453782,8,13,2,round-robin,0,0.9913,0.89,,ON,success
1790636709.449119,1790636722.052881,1,37,1,round-robin,0,0.9,0.9883,,ON,failed
1790636710.3331301,1790636722.8843734,10,38,1,round-robin,0,0.0,0.8453,,ON,failed
1790636713.6166232,1790636724.0348349,7,36,2,round-robin,0,0.0,0.0,,ON,success
1790636712.787286,1790636724.720694,5,38,2,round-robin,0,0.9938,0.0,,ON,failed
1790636715.3474722,1790636728.3310235,4,36,2,round-robin,0,0.9913,0.9913,,ON,failed
1790636722.4162471,1790636733.2453492,2,14,2,round-robin,0,0.99,0.9915,,ON,success
1790636723.9675374,1790636734.4589703,9,14,2,round-robin,0,0.974,0.4676,,ON,success
1790636723.2370186,1790636735.3861847,6,38,2,round-robin,0,0.0,0.0095,,ON,failed
1790636725.2748833,1790636736.5308316,1,38,2,round-robin,0,0.9,0.9901,,ON,success
1790636724.67196,1790636737.3292668,8,14,1,round-robin,0,0.0,0.0,,ON,failed
1790636731.0810866,1790636738.4539611,10,39,2,round-robin,0,0.0,0.8453,,OFF,failed
1790636732.082867,1790636739.8788893,7,37,1,round-robin,0,0.8535,0.8333,,OFF,failed
1790636727.876752,1790636740.296037,5,39,1,round-robin,0,0.0,0.0,,ON,failed
1790636737.0858157,1790636744.324972,4,37,1,round-robin,0,0.0,0.0,,OFF,failed
1790636736.4528499,1790636746.1324894,2,15,1,round-robin,0,0.9931,0.9942,,OFF,success
1790636737.6898558,1790636747.2602885,9,15,1,round-robin,0,0.9898,0.9914,,OFF,success
1790636740.5539675,1790636750.130938,8,15,2,round-robin,0,0.9914,0.9925,,OFF,success
1790636739.8596444,1790636750.7400742,1,39,1,round-robin,0,0.994,0.9931,,OFF,success
1790636738.601575,1790636751.548484,6,39,1,round-robin,0,0.9914,0.9925,,OFF,failed
1790636743.5201097,1790636753.8136897,5,40,2,round-robin,0,0.9901,0.9926,,OFF,success
1790636747.0908413,1790636754.3301136,3,41,1,round-robin,0,0.9769,0.9805,,OFF,failed
1790636743.222295,1790636755.8906703,7,38,2,round-robin,0,0.9913,0.9924,,OFF,failed
1790636747.6064003,1790636758.7335186,4,38,2,round-robin,0,0.9914,0.9925,,OFF,success
1790636749.3740177,1790636760.0560436,2,16,2,round-robin,0,0.9942,0.9942,,OFF,success
1790636750.5914505,1790636760.8799734,9,16,2,round-robin,0,0.9899,0.9938,,OFF,success
1790636753.3614857,1790636763.3188875,8,16,1,round-robin,0,0.9925,0.9938,,OFF,success
1790636754.7178035,1790636764.1554456,6,40,2,round-robin,0,0.0,0.0,,OFF,success
1790636754.0709038,1790636764.671938,1,40,2,round-robin,0,0.9924,0.9925,,OFF,success
1790636757.0460994,1790636767.1217456,5,41,1,round-robin,0,0.9879,0.0,,OFF,success
1790636757.5585752,1790636769.8891902,3,42,2,round-robin,0,0.9916,0.9915,,OFF,failed
1790636759.118864,1790636770.4923468,7,39,1,round-robin,0,0.9915,0.9925,,OFF,success
1790636761.9621599,1790636772.1407154,4,39,1,round-robin,0,0.9931,0.9915,,OFF,success
1790636763.3023386,1790636773.883122,2,17,1,round-robin,0,0.9933,0.9942,,OFF,success
1790636764.10164,1790636776.135995,9,17,1,round-robin,0,0.9925,0.9915,,OFF,failed
1790636767.4879951,1790636777.6693084,6,41,1,round-robin,0,0.0518,0.0,,OFF,success
1790636767.9002137,1790636778.097469,1,41,1,round-robin,0,0.9915,0.9901,,OFF,success
1790636770.067622,1790636781.3462062,10,42,2,round-robin,0,0.9885,0.9925,,OFF,success
1790636773.1167445,1790636782.7972493,3,43,1,round-robin,0,0.9938,0.9932,,OFF,success
1790636770.35158,1790636783.8164694,5,42,2,round-robin,0,0.9901,0.9939,,OFF,failed
1790636775.3680215,1790636784.9424763,4,40,2,round-robin,0,0.9899,0.9932,,OFF,success
1790636773.8222287,1790636786.189726,7,40,2,round-robin,0,0.988,0.9915,,OFF,failed
1790636777.2180974,1790636787.8429277,2,18,2,round-robin,0,0.9942,0.9942,,OFF,success
1790636779.3750932,1790636789.7658548,9,18,2,round-robin,0,0.9915,0.9915,,OFF,success
1790636786.1229784,1790636793.1345816,6,42,2,round-robin,0,0.9751,0.9792,,OFF,failed
1790636784.5734503,1790636795.1749122,10,43,1,round-robin,0,0.9925,0.9933,,OFF,success
1790636786.0233717,1790636795.9101288,3,44,2,round-robin,0,0.9881,0.99,,OFF,success
1790636787.0432022,1790636799.8991003,5,43,1,round-robin,0,0.9924,0.9943,,ON,failed
1790636788.2671673,1790636800.5156276,4,41,1,round-robin,0,0.9932,0.9938,,ON,failed
1790636791.0348554,1790636803.3769805,2,19,1,round-robin,0,0.9942,0.9925,,ON,failed
1790636792.9855278,1790636804.407971,9,19,1,round-robin,0,0.9915,0.9924,,ON,failed
1790636713.308619,,3,39,2,round-robin,0,0.9898,0.9605,,ON,unavailable
1790636796.354113,1790636807.987015,6,43,1,round-robin,0,0.0,0.0166,,ON,failed
1790636797.380576,1790636809.3228073,8,19,1,round-robin,0,0.9901,0.7788,,ON,failed
1790636799.1220832,1790636810.779111,3,45,1,round-robin,0,0.9881,0.994,,ON,failed
1790636798.3836184,1790636810.858095,10,44,2,round-robin,0,0.002,0.8516,,ON,failed
1790636803.7284517,1790636813.7172751,4,42,2,round-robin,0,0.9932,0.9906,,OFF,success
1790636806.6059346,1790636816.1940992,2,20,2,round-robin,0,0.9926,0.9942,,OFF,success
1790636803.1292315,1790636816.7221067,5,44,2,round-robin,0,0.0,0.0,,ON,failed
1790636807.634752,1790636817.1948478,9,20,2,round-robin,0,0.9914,0.9914,,OFF,success
1790636811.317134,1790636821.1270297,6,44,2,round-robin,0,0.9931,0.9933,,OFF,success
1790636811.9458215,1790636822.1124978,1,44,1,round-robin,0,0.9901,0.9925,,OFF,success
1790636812.5585308,1790636823.147732,8,20,2,round-robin,0,0.9925,0.9916,,OFF,success
1790636814.0943298,1790636823.5517273,10,45,1,round-robin,0,0.8942,0.8689,,OFF,success
1790636819.1371624,1790636826.8271499,3,46,2,round-robin,0,0.9912,0.9942,,OFF,failed
1790636819.4179764,1790636828.9018588,2,21,1,round-robin,0,0.0,0.9915,,OFF,success
1790636816.947335,1790636829.3905513,4,43,1,round-robin,0,0.9933,0.9926,,OFF,failed
1790636820.4419448,1790636830.9204266,9,21,1,round-robin,0,0.9943,0.9932,,OFF,success
1790636825.1408062,1790636831.9472692,5,45,1,round-robin,0,0.9477,0.0002,,OFF,failed
1790636741.88174,,10,40,1,round-robin,0,0.993,0.9848,,OFF,unavailable
1790636825.1418097,1790636832.4711945,7,43,2,round-robin,0,0.9842,0.9891,,OFF,failed
1790636824.3532615,1790636834.6339061,6,45,1,round-robin,0,0.9926,0.9942,,OFF,success
1790636826.3756714,1790636836.281177,8,21,1,round-robin,0,0.9933,0.9933,,OFF,success
1790636825.341421,1790636836.452032,1,45,2,round-robin,0,0.988,0.9925,,OFF,success
1790636826.782742,1790636837.6914515,10,46,2,round-robin,0,0.99,0.9915,,OFF,success
1790636830.1577554,1790636841.904679,3,47,1,round-robin,0,0.99,0.9915,,ON,failed
1790636832.1205766,1790636842.5145166,2,22,2,round-robin,0,0.0,0.9915,,ON,success
1790636832.615088,1790636843.151445,4,44,2,round-robin,0,0.9901,0.9938,,ON,success
1790636834.1423633,1790636844.439058,9,22,2,round-robin,0,0.0,0.041,,ON,success
1790636835.1657481,1790636847.2048116,5,46,2,round-robin,0,0.0,0.0,,ON,failed
1790636837.7360406,1790636849.6913536,6,46,2,round-robin,0,0.9926,0.9554,,ON,failed
1790636845.1717818,1790636851.3005083,8,22,2,round-robin,0,0.0,0.7864,,ON,failed
1790636839.6726751,1790636852.843057,1,46,1,round-robin,0,0.0,0.0422,,ON,failed
1790636840.9099956,1790636854.166525,10,47,1,round-robin,0,0.0,0.0058,,ON,failed
1790636845.1346934,1790636854.7098966,3,48,2,round-robin,0,0.0,0.0,,ON,success
1790636766.6566036,,8,17,2,round-robin,0,0.9901,0.9915,,OFF,unavailable
1790636845.69769,1790636857.887569,2,23,1,round-robin,0,0.0,0.9938,,ON,failed
1790636846.357543,1790636858.396791,4,45,1,round-robin,0,0.0,0.0,,ON,failed
1790636847.6688952,1790636859.706888,9,23,1,round-robin,0,0.0,0.9901,,ON,failed
1790636850.4209766,1790636861.2370698,5,47,1,round-robin,0,0.0,0.0,,OFF,success
1790636854.5258343,1790636865.7718756,8,23,1,round-robin,0,0.9914,0.9925,,OFF,success
1790636852.9149253,1790636866.352191,6,47,1,round-robin,0,0.9913,0.9942,,OFF,failed
1790636856.0700347,1790636866.8874993,1,47,2,round-robin,0,0.0016,0.9941,,OFF,success
1790636858.069725,1790636869.2314763,3,49,1,round-robin,0,0.9911,0.9923,,OFF,failed
1790636857.3934364,1790636870.6550117,10,48,2,round-robin,0,0.9456,0.0,,OFF,failed
1790636861.2084293,1790636871.677654,2,24,2,round-robin,0,0.9896,0.9938,,OFF,success
1790636861.6134605,1790636871.9172266,4,46,2,round-robin,0,0.99,0.9902,,OFF,success
1790636862.9248374,1790636873.7506576,9,24,2,round-robin,0,0.9933,0.9923,,OFF,success
1790636864.569001,1790636874.449036,5,48,2,round-robin,0,0.9915,0.9938,,OFF,success
1790636867.0119886,1790636876.9003525,7,46,2,round-robin,0,0.9938,0.9925,,OFF,success
1790636869.5827503,1790636879.7789502,6,48,2,round-robin,0,0.0004,0.0,,OFF,success
1790636870.0994,1790636881.030537,1,48,1,round-robin,0,0.9908,0.9924,,OFF,success
1790636787.125142,,1,42,2,round-robin,0,0.8887,0.8535,,ON,unavailable
1790636789.6132812,,7,41,1,round-robin,0,0.9938,0.9933,,ON,unavailable
1790636872.5658906,1790636882.6364594,3,50,2,round-robin,0,0.9923,0.9915,,OFF,success
1790636873.880012,1790636883.260378,10,49,1,round-robin,0,0.9901,0.9915,,OFF,success
1790636874.9109797,1790636884.8961935,2,25,1,round-robin,0,0.9933,0.9942,,OFF,success
1790636875.1300309,1790636885.6438484,4,47,1,round-robin,0,0.9925,0.9881,,OFF,success
1790636876.96982,1790636886.844466,9,25,1,round-robin,0,0.9914,0.9914,,OFF,success
1790636877.6611578,1790636888.369425,5,49,1,round-robin,0,0.9933,0.9933,,OFF,success
1790636880.1254396,1790636890.0093713,7,47,1,round-robin,0,0.9915,0.9933,,OFF,success
1790636884.261483,1790636894.3077543,1,49,2,round-robin,0,0.9938,0.9941,,OFF,success
1790636883.0057945,1790636895.570857,6,49,1,round-robin,0,0.3368,0.0304,,OFF,failed
1790636886.5925627,1790636897.2937894,10,50,2,round-robin,0,0.9924,0.9938,,OFF,success
1790636888.1206257,1790636898.1043282,2,26,2,round-robin,0,0.9925,0.9942,,OFF,success
1790636888.872722,1790636898.811296,4,48,2,round-robin,0,0.9915,0.9915,,OFF,success
1790636890.1784253,1790636900.5831254,9,26,2,round-robin,0,0.9941,0.9925,,OFF,success
1790636891.6020947,1790636901.0667627,5,50,2,round-robin,0,0.9932,0.9933,,OFF,success
1790636893.2377062,1790636904.036832,7,48,2,round-robin,0,0.9938,0.9925,,OFF,success
1790636898.8827016,1790636908.3435802,6,50,2,round-robin,0,0.0249,0.0,,ON,success
1790636897.5371218,1790636910.086463,1,50,1,round-robin,0,0.9901,0.9899,,OFF,failed
1790636900.6136975,1790636910.7943444,8,26,1,round-robin,0,0.9523,0.8333,,ON,failed
1790636900.4939106,1790636913.279053,10,51,1,round-robin,0,0.9901,0.9771,,ON,failed
1790636901.316679,1790636913.3564692,2,27,1,round-robin,0,0.9925,0.9944,,ON,failed
1790636902.0343242,1790636915.3203013,4,49,1,round-robin,0,0.9915,0.9778,,ON,failed
1790636904.2830215,1790636916.1049128,5,51,1,round-robin,0,0.0,0.0,,ON,failed
1790636903.784108,1790636917.3682015,9,27,1,round-robin,0,0.0,0.028,,ON,failed
1790636912.2121964,1790636919.227487,7,49,1,round-robin,0,0.9938,0.9841,,OFF,failed
1790636911.5670688,1790636922.2831333,6,51,1,round-robin,0,0.9938,0.9925,,OFF,success
1790636914.0282135,1790636924.6167245,8,27,2,round-robin,0,0.9932,0.9933,,OFF,success
1790636913.3064814,1790636925.1694524,1,51,2,round-robin,0,0.9933,0.9933,,OFF,failed
1790636916.68003,1790636926.2624848,2,28,2,round-robin,0,0.8804,0.9936,,OFF,success
1790636915.0389774,1790636927.4960818,3,53,2,round-robin,0,0.9879,0.9923,,OFF,failed
1790636922.224154,1790636928.1012197,10,52,2,round-robin,0,0.9925,0.9906,,OFF,failed
1790636918.5256164,1790636928.6177418,4,50,2,round-robin,0,0.99,0.9925,,OFF,success
1790636919.3416777,1790636930.0373313,5,52,2,round-robin,0,0.9924,0.9933,,OFF,success
1790636920.5954406,1790636930.5684807,9,28,2,round-robin,0,0.9899,0.9924,,OFF,success
1790636841.1690204,,7,44,1,round-robin,0,0.9842,0.0053,,ON,unavailable
1790636922.5010881,1790636933.6644833,7,50,2,round-robin,0,0.9915,0.9925,,OFF,success
1790636925.6132627,1790636935.088801,6,52,2,round-robin,0,0.9942,0.9942,,OFF,success
1790636929.4936254,1790636939.9869418,2,29,1,round-robin,0,0.9933,0.9944,,OFF,success
1790636927.8424904,1790636940.503255,8,28,1,round-robin,0,0.0054,0.0,,OFF,failed
1790636930.7250493,1790636941.0105212,3,54,1,round-robin,0,0.9914,0.9925,,OFF,success
1790636934.2321243,1790636941.4172523,1,52,1,round-robin,0,0.9925,0.9914,,OFF,failed
1790636933.2042158,1790636942.54003,5,53,1,round-robin,0,0.9316,0.0,,OFF,success
1790636936.234817,1790636944.211002,10,53,1,round-robin,0,0.9915,0.9924,,ON,failed
1790636939.2392225,1790636945.0090594,9,29,1,round-robin,0,0.9916,0.9915,,ON,failed
1790636936.8888648,1790636948.4840791,7,51,1,round-robin,0,0.9937,0.9925,,ON,failed
1790636938.308535,1790636950.228401,6,53,1,round-robin,0,0.9942,0.9925,,ON,failed
1790636943.2152567,1790636952.6900783,2,30,2,round-robin,0,0.9933,0.9942,,ON,success
1790636943.7134922,1790636953.291125,8,29,2,round-robin,0,0.0,0.0,,ON,success
1790636944.2422628,1790636953.7181783,3,55,2,round-robin,0,0.9914,0.9936,,OFF,success
1790636944.6305852,1790636954.6235104,1,53,2,round-robin,0,0.9925,0.9896,,OFF,success
1790636945.761278,1790636956.3670483,5,54,2,round-robin,0,0.0,0.0001,,OFF,success
1790636947.5336423,1790636957.802187,10,54,2,round-robin,0,0.0,0.0,,OFF,success
1790636948.229216,1790636958.534592,9,30,2,round-robin,0,0.9912,0.9914,,OFF,success
1790636868.9912248,,8,24,2,round-robin,0,0.9938,0.9925,,OFF,unavailable
1790636951.8049533,1790636962.405714,7,52,2,round-robin,0,0.9901,0.9933,,OFF,success
1790636953.4530737,1790636963.232141,6,54,2,round-robin,0,0.9914,0.9933,,OFF,success
1790636956.5177217,1790636966.2351515,8,30,1,round-robin,0,0.9882,0.9901,,OFF,success
1790636955.9199061,1790636966.8216484,2,31,1,round-robin,0,0.711,0.9916,,OFF,success
1790636956.9521294,1790636967.204398,3,56,1,round-robin,0,0.9812,0.9915,,OFF,success
1790636959.5802448,1790636969.176602,5,55,1,round-robin,0,0.9914,0.9933,,OFF,success
1790636957.8460312,1790636969.6967552,1,54,1,round-robin,0,0.9925,0.9924,,OFF,failed
1790636961.0193172,1790636971.540096,10,55,1,round-robin,0,0.9912,0.9915,,OFF,success
1790636961.740724,1790636972.0325968,9,31,1,round-robin,0,0.9925,0.9915,,OFF,success
1790636962.7716389,1790636974.1196017,4,53,2,round-robin,0,0.9902,0.9915,,OFF,success
1790636965.6255393,1790636975.8403316,7,53,1,round-robin,0,0.9931,0.9943,,OFF,success
1790636885.8705003,,3,51,1,round-robin,0,0.9924,0.9932,,OFF,unavailable
1790636966.4710767,1790636978.3957279,6,55,1,round-robin,0,0.9933,0.9938,,OFF,failed
1790636975.2609038,1790636982.003661,8,31,2,round-robin,0,0.0054,0.7881,,OFF,failed
1790636972.4157693,1790636982.056622,5,56,2,round-robin,0,0.9938,0.9944,,OFF,success
1790636975.261837,1790636982.4729033,2,32,2,round-robin,0,0.9731,0.9941,,OFF,failed
1790636972.922729,1790636984.0451562,1,55,2,round-robin,0,0.9852,0.9925,,OFF,success
1790636975.2448425,1790636985.1382005,9,32,2,round-robin,0,0.9874,0.9931,,OFF,success
1790636974.7695138,1790636985.2701285,10,56,2,round-robin,0,0.9738,0.0,,OFF,success
1790636977.3405292,1790636988.7280123,4,54,1,round-robin,0,0.9937,0.9925,,OFF,failed
1790636979.1683106,1790636990.060681,7,54,2,round-robin,0,0.9943,0.9933,,ON,success
1790636981.624624,1790636991.8866808,6,56,2,round-robin,0,0.0,0.9822,,ON,success
1790636990.280869,1790636997.042124,8,32,1,round-robin,0,0.0054,0.0,,ON,failed
1790636985.278278,1790636998.0403361,5,57,1,round-robin,0,0.9938,0.9923,,ON,failed
1790636985.6922371,1790636998.1416235,2,33,1,round-robin,0,0.9731,0.9942,,ON,failed
1790636988.4860964,1790636999.988287,10,57,1,round-robin,0,0.0,0.0008,,ON,failed
1790636987.2596743,1790637000.0123436,1,56,1,round-robin,0,0.0,0.0054,,ON,failed
1790636993.2839787,1790637000.9308836,9,33,1,round-robin,0,0.9874,0.0082,,ON,failed
1790636991.9446354,1790637003.4674156,4,55,2,round-robin,0,0.9937,0.9928,,ON,failed
1790636998.2924395,1790637005.511431,7,55,1,round-robin,0,0.1286,0.0,,OFF,failed
1790636995.108415,1790637006.2510705,6,57,1,round-robin,0,0.0,0.76,,OFF,success
1790637000.2654562,1790637010.3371866,8,33,2,round-robin,0,0.9924,0.9933,,OFF,success
1790637001.3616724,1790637011.7737458,2,34,2,round-robin,0,0.9913,0.9941,,OFF,success
1790637006.2982903,1790637012.5825233,5,58,2,round-robin,0,0.9883,0.9923,,OFF,failed
1790637003.2319584,1790637013.0957487,1,57,2,round-robin,0,0.9933,0.9915,,OFF,success
1790637006.2977853,1790637013.7139175,3,59,1,round-robin,0,0.0,0.0,,OFF,failed
1790637004.155598,1790637014.3184855,9,34,2,round-robin,0,0.9879,0.9915,,OFF,success
1790637008.3016772,1790637015.0457852,10,58,2,round-robin,0,0.8943,0.8807,,OFF,failed
1790637006.7002013,1790637017.4908788,4,56,1,round-robin,0,0.9932,0.9899,,OFF,success
1790637008.7512736,1790637019.563584,7,56,2,round-robin,0,0.9901,0.9902,,OFF,success
1790637009.4792423,1790637019.6554108,6,58,2,round-robin,0,0.9924,0.9941,,OFF,success
1790637013.5604935,1790637023.572444,8,34,1,round-robin,0,0.9901,0.9925,,OFF,success
1790637015.001199,1790637024.7869074,2,35,1,round-robin,0,0.9899,0.9939,,OFF,success
1790637016.3207338,1790637026.0992305,1,58,1,round-robin,0,0.9852,0.9914,,OFF,success
1790637017.0385532,1790637026.4458444,3,60,2,round-robin,0,0.9898,0.9924,,OFF,success
1790637018.3750281,1790637028.8860059,10,59,1,round-robin,0,0.9938,0.9933,,OFF,success
1790637017.5367465,1790637029.8121834,9,35,1,round-robin,0,0.9914,0.9924,,OFF,failed
1790637020.7169583,1790637030.7142684,4,57,2,round-robin,0,0.9899,0.9901,,OFF,success
1790636937.2365007,,4,51,1,round-robin,0,0.9937,0.9925,,ON,unavailable
1790637022.8754883,1790637032.659913,6,59,1,round-robin,0,0.8333,0.9907,,OFF,success
1790637028.3322732,1790637034.293969,7,57,1,round-robin,0,0.9914,0.9902,,OFF,failed
1790637026.8056998,1790637036.6490476,8,35,2,round-robin,0,0.9879,0.9931,,OFF,success
1790637028.0127747,1790637038.5031483,2,36,2,round-robin,0,0.9916,0.9926,,OFF,success
1790637029.3138337,1790637039.0022223,1,59,2,round-robin,0,0.9852,0.0,,OFF,success
1790637029.722242,1790637041.0550494,3,61,1,round-robin,0,0.9899,0.9925,,OFF,success
1790637032.0900738,1790637041.8982728,10,60,2,round-robin,0,0.9933,0.9926,,OFF,success
1790637033.156666,1790637043.5401614,9,36,2,round-robin,0,0.9879,0.9899,,OFF,success
1790637033.9360716,1790637045.1466715,4,58,1,round-robin,0,0.9877,0.9925,,OFF,success
1790637035.8859327,1790637045.4556522,6,60,2,round-robin,0,0.9914,0.9943,,OFF,success
1790637039.966753,1790637051.4146457,8,36,1,round-robin,0,0.0,0.6289,,ON,failed
1790637041.7168157,1790637053.6310875,2,37,1,round-robin,0,0.0,0.9933,,ON,failed
1790637042.23646,1790637054.4740283,1,60,1,round-robin,0,0.0,0.003,,ON,failed
1790637044.26539,1790637054.9974945,3,62,2,round-robin,0,0.0,0.0078,,ON,success
1790637050.3489237,1790637056.8328211,10,61,1,round-robin,0,0.0,0.0553,,ON,failed
1790637045.187693,1790637058.6861594,5,61,2,round-robin,0,0.0,0.0,,ON,failed
1790637046.752478,1790637058.8582048,9,37,1,round-robin,0,0.0955,0.3633,,ON,failed
1790637048.6724398,1790637060.7201977,6,61,1,round-robin,0,0.0,0.3846,,ON,failed
1790637053.3523517,1790637061.2231028,4,59,2,round-robin,0,0.9877,0.0165,,ON,failed
1790636970.4259222,,3,57,2,round-robin,0,0.9914,0.9932,,OFF,unavailable
1790637054.6021872,1790637065.0194473,8,37,2,round-robin,0,0.0,0.9823,,ON,success
1790637056.9008963,1790637066.7914674,2,38,2,round-robin,0,0.0,0.9925,,ON,success
1790637057.8042974,1790637067.3829894,1,61,2,round-robin,0,0.0,0.0,,ON,success
1790637063.361359,1790637070.244017,3,63,1,round-robin,0,0.0,0.0,,OFF,failed
1790637060.0561948,1790637071.0587392,10,62,2,round-robin,0,0.0,0.0,,ON,success
1790637061.902403,1790637072.3818371,5,62,1,round-robin,0,0.0,0.9833,,OFF,success
1790637063.9586737,1790637073.418362,6,62,2,round-robin,0,0.0,0.8681,,OFF,success
1790637062.0810583,1790637074.1596308,9,38,2,round-robin,0,0.0955,0.9842,,OFF,failed
1790637064.4553585,1790637074.8348725,4,60,1,round-robin,0,0.9932,0.9927,,OFF,success
1790637066.4015937,1790637076.3795843,7,60,1,round-robin,0,0.9933,0.9933,,OFF,success
1790637068.2430367,1790637079.5588655,8,38,1,round-robin,0,0.9896,0.9932,,OFF,success
1790637070.0114195,1790637081.3179893,2,39,1,round-robin,0,0.988,0.9939,,OFF,success
1790637070.6122222,1790637081.8052166,1,62,1,round-robin,0,0.9845,0.9932,,OFF,success
1790637073.5634882,1790637084.406896,3,64,2,round-robin,0,0.9879,0.991,,OFF,success
1790637074.2880373,1790637084.6973078,10,63,1,round-robin,0,0.9926,0.9942,,OFF,success
1790637075.604886,1790637086.1100106,5,63,2,round-robin,0,0.9902,0.9926,,OFF,success
1790637076.647278,1790637086.938433,6,63,1,round-robin,0,0.9924,0.9925,,OFF,success
1790637077.3879948,1790637087.5407639,9,39,1,round-robin,0,0.9323,0.9901,,OFF,success
1790637078.0045059,1790637090.8237524,4,61,2,round-robin,0,0.9932,0.9914,,OFF,failed
1790637082.788206,1790637092.471728,8,39,2,round-robin,0,0.9818,0.9901,,OFF,success
1790637084.4540808,1790637093.6906781,2,40,2,round-robin,0,0.0,0.9855,,OFF,success
1790637090.4026697,1790637096.9621172,1,63,2,round-robin,0,0.9802,0.99,,ON,failed
1790637087.9191115,1790637097.5810678,10,64,2,round-robin,0,0.9889,0.9842,,ON,success
1790637093.406707,1790637099.726249,3,65,1,round-robin,0,0.9898,0.9925,,ON,failed
1790637090.1657128,1790637100.252205,6,64,2,round-robin,0,0.9915,0.9938,,ON,success
1790637090.7747655,1790637100.8786972,9,40,2,round-robin,0,0.9848,0.9925,,ON,success
1790637089.3314285,1790637101.4014397,5,64,1,round-robin,0,0.9926,0.9925,,ON,failed
1790637099.4127579,1790637105.3738806,4,62,1,round-robin,0,0.9932,0.9819,,ON,failed
1790637015.8190258,,5,59,1,round-robin,0,0.9944,0.9933,,OFF,unavailable
1790637096.908379,1790637107.2066858,2,41,1,round-robin,0,0.0,0.9933,,ON,success
1790637095.6917732,1790637109.1531515,8,40,1,round-robin,0,0.0,0.6869,,ON,failed
1790637102.9535549,1790637112.446512,3,66,2,round-robin,0,0.0,0.0,,ON,success
1790637100.2955399,1790637112.5215006,1,64,1,round-robin,0,0.9802,0.8782,,ON,failed
1790637100.793643,1790637113.47524,10,65,1,round-robin,0,0.0,0.9933,,ON,failed
1790637104.0654628,1790637116.2344327,9,41,1,round-robin,0,0.0,0.0,,ON,failed
1790637110.4354577,1790637116.2386718,5,65,2,round-robin,0,0.9926,0.9914,,OFF,failed
1790637103.4767275,1790637116.817915,6,65,1,round-robin,0,0.9915,0.9923,,ON,failed
1790637110.4360578,1790637120.1332605,2,42,2,round-robin,0,0.0,0.9933,,OFF,success
1790637108.7865884,1790637120.8219905,4,63,2,round-robin,0,0.9932,0.7324,,ON,failed
1790637114.4413137,1790637121.6387546,7,63,1,round-robin,0,0.0,0.0,,OFF,failed
1790637112.360367,1790637122.5469222,8,41,2,round-robin,0,0.0,0.9937,,OFF,success
1790637115.8462856,1790637127.8234127,1,65,2,round-robin,0,0.9753,0.8339,,OFF,failed
1790637115.7693672,1790637127.909011,3,67,1,round-robin,0,0.0,0.8535,,OFF,failed
1790637116.6939628,1790637128.9313698,10,66,2,round-robin,0,0.9925,0.9941,,OFF,failed
1790637119.460643,1790637129.834901,5,66,1,round-robin,0,0.0311,0.0,,OFF,success
1790637124.4662638,1790637131.7098145,9,42,2,round-robin,0,0.0,0.0,,OFF,failed
1790637037.5189443,,7,58,2,round-robin,0,0.9925,0.9925,,ON,unavailable
1790637125.4687006,1790637132.2965307,6,66,2,round-robin,0,0.9914,0.9938,,OFF,failed
1790637124.0516179,1790637133.4569502,4,64,1,round-robin,0,0.9911,0.9923,,OFF,success
1790637123.3570168,1790637134.2415156,2,43,1,round-robin,0,0.9914,0.9942,,OFF,success
1790637124.8664634,1790637135.3787909,7,64,2,round-robin,0,0.9883,0.9926,,OFF,success
1790637125.7273555,1790637136.4896796,8,42,1,round-robin,0,0.9881,0.9901,,OFF,success
1790637131.1262686,1790637140.688663,3,68,2,round-robin,0,0.8535,0.9853,,OFF,success
1790637136.4790633,1790637143.671089,1,66,1,round-robin,0,0.9669,0.8339,,ON,failed
1790637134.9365504,1790637144.3911211,9,43,1,round-robin,0,0.9873,0.9933,,OFF,success
1790637137.4590173,1790637148.4864922,2,44,2,round-robin,0,0.9931,0.9938,,ON,success
1790637136.679903,1790637149.8143878,4,65,2,round-robin,0,0.99,0.99,,ON,failed
1790637138.6065245,1790637150.5385172,7,65,1,round-robin,0,0.0,0.0,,ON,failed
1790637139.7115798,1790637151.1406336,8,43,2,round-robin,0,0.0,0.0213,,ON,success
1790637143.9015453,1790637155.662325,3,69,1,round-robin,0,0.8535,0.9901,,ON,failed
1790637146.89059,1790637156.858337,1,67,2,round-robin,0,0.0,0.0,,OFF,success
1790637147.6076975,1790637157.275976,9,44,2,round-robin,0,0.2389,0.8967,,OFF,success
1790637151.7092252,1790637161.0974152,2,45,1,round-robin,0,0.9931,0.9436,,OFF,success
1790637153.047498,1790637164.7566996,4,66,1,round-robin,0,0.9877,0.9932,,OFF,failed
1790637159.500938,1790637167.043567,8,44,1,round-robin,0,0.7741,0.8609,,OFF,failed
1790637158.8839056,1790637168.635957,3,70,2,round-robin,0,0.9912,0.9925,,OFF,success
1790637160.0804965,1790637172.110551,1,68,1,round-robin,0,0.9843,0.9924,,OFF,failed
1790637079.606841,,7,61,2,round-robin,0,0.9915,0.9915,,OFF,unavailable
1790637160.5148969,1790637173.686966,9,45,1,round-robin,0,0.9915,0.9925,,OFF,failed
1790637164.320692,1790637175.1905804,2,46,2,round-robin,0,0.9901,0.9933,,OFF,success
1790637163.9003015,1790637175.8272064,5,69,1,round-robin,0,0.9461,0.8829,,OFF,failed
1790637163.8996556,1790637175.926555,10,69,2,round-robin,0,0.8333,0.0,,OFF,failed
1790637167.0624678,1790637176.9682822,6,69,2,round-robin,0,0.9914,0.9937,,OFF,success
1790637167.9685738,1790637178.5110002,4,67,2,round-robin,0,0.0,0.0,,OFF,success
1790637170.3769019,1790637181.047717,8,45,2,round-robin,0,0.9754,0.9915,,OFF,success
1790637171.8602984,1790637183.3120553,3,71,1,round-robin,0,0.9898,0.9938,,OFF,success
1790637175.409612,1790637184.937758,1,69,2,round-robin,0,0.9591,0.9923,,OFF,success
1790637176.9139335,1790637187.9349291,9,46,2,round-robin,0,0.9879,0.9915,,OFF,success
1790637178.4123206,1790637189.8743486,2,47,1,round-robin,0,0.9914,0.9944,,OFF,failed
1790637179.146288,1790637190.449662,10,70,1,round-robin,0,0.9819,0.8974,,OFF,success
1790637180.2998705,1790637191.1696246,6,70,1,round-robin,0,0.9914,0.9938,,OFF,success
1790637184.5428553,1790637191.6885135,5,70,2,round-robin,0,0.9923,0.9897,,OFF,failed
1790637181.8388538,1790637192.1829648,4,68,1,round-robin,0,0.9854,0.9914,,OFF,success
1790637182.7497492,1790637193.2252707,7,68,1,round-robin,0,0.9924,0.9925,,OFF,success
1790637184.275199,1790637195.5756588,8,46,1,round-robin,0,0.9812,0.9914,,OFF,success
1790637186.5028098,1790637197.8325746,3,72,2,round-robin,0,0.9913,0.9925,,OFF,success
1790637188.1609504,1790637198.6610327,1,70,1,round-robin,0,0.9812,0.9901,,OFF,success
1790637191.1409113,1790637201.8391514,9,47,1,round-robin,0,0.9879,0.9925,,OFF,success
1790637193.0954044,1790637202.334345,2,48,2,round-robin,0,0.9925,0.9849,,OFF,success
1790637194.525585,1790637204.7302876,6,71,2,round-robin,0,0.9938,0.9933,,OFF,success
1790637196.5532691,1790637206.5460496,7,69,2,round-robin,0,0.9915,0.9915,,ON,success
1790637195.4144511,1790637207.1320455,4,69,2,round-robin,0,0.9901,0.99,,ON,failed
1790637198.894226,1790637209.1001694,8,47,2,round-robin,0,0.9812,0.9933,,ON,success
1790637201.9645374,1790637212.6857696,1,71,2,round-robin,0,0.9812,0.9925,,ON,success
1790637201.0522993,1790637213.9334004,3,73,1,round-robin,0,0.0,0.0522,,ON,failed
1790637205.2683907,1790637216.1510055,9,48,2,round-robin,0,0.9879,0.9563,,ON,success
1790637205.5543811,1790637217.6301942,2,49,1,round-robin,0,0.0,0.9916,,ON,failed
1790637207.9332507,1790637220.2667413,6,72,1,round-robin,0,0.9938,0.0002,,ON,failed
1790637214.5807972,1790637221.2939095,7,70,1,round-robin,0,0.0,0.0,,ON,failed
1790637210.4058435,1790637222.307883,4,70,1,round-robin,0,0.0,0.0211,,ON,failed
1790637212.3167567,1790637225.1815932,8,48,1,round-robin,0,0.0003,0.8953,,ON,failed
1790637217.1622865,1790637226.9105873,3,74,2,round-robin,0,0.0,0.9943,,ON,success
1790637132.1526568,,10,67,1,round-robin,0,0.9913,0.9941,,OFF,unavailable
1790637133.0602946,,5,67,2,round-robin,0,0.9901,0.9925,,OFF,unavailable
1790637135.6162107,,6,67,1,round-robin,0,0.9914,0.9941,,ON,unavailable
1790637215.8939393,1790637228.1795707,1,72,1,round-robin,0,0.0,0.003,,ON,failed
1790637220.8577585,1790637230.9126997,2,50,2,round-robin,0,0.9925,0.9933,,OFF,success
1790637222.8577178,1790637232.8789332,5,73,2,round-robin,0,0.9925,0.9914,,OFF,success
1790637223.4848382,1790637233.776018,6,73,2,round-robin,0,0.9925,0.9942,,OFF,success
1790637224.5233984,1790637234.994868,7,71,2,round-robin,0,0.9933,0.9932,,OFF,success
1790637225.5292032,1790637235.509212,4,71,2,round-robin,0,0.9899,0.9902,,OFF,success
1790637224.9169357,1790637236.9714859,10,73,1,round-robin,0,0.9926,0.9925,,OFF,failed
1790637228.4116924,1790637238.081556,8,49,2,round-robin,0,0.9932,0.9933,,OFF,success
1790637230.139254,1790637239.6173587,3,75,1,round-robin,0,0.9763,0.9915,,OFF,success
1790637231.401265,1790637241.4743414,1,73,2,round-robin,0,0.9921,0.9924,,OFF,success
1790637234.1304178,1790637245.0711894,2,51,1,round-robin,0,0.0177,0.9878,,OFF,success
1790637236.103948,1790637246.466732,5,74,1,round-robin,0,0.9915,0.9938,,OFF,success
1790637153.7629101,,7,66,2,round-robin,0,0.9942,0.9937,,OFF,unavailable
1790637236.9993777,1790637247.702291,6,74,1,round-robin,0,0.9915,0.9938,,OFF,success
1790637238.2426348,1790637248.8097441,7,72,1,round-robin,0,0.0,0.0,,OFF,success
1790637240.1852498,1790637249.7559125,10,74,2,round-robin,0,0.9915,0.9925,,OFF,success
1790637243.6096125,1790637249.9847062,4,72,1,round-robin,0,0.9899,0.9899,,OFF,failed
1790637241.2977784,1790637252.3308885,8,50,1,round-robin,0,0.9914,0.9933,,OFF,success
1790637242.8379743,1790637253.5203376,3,76,2,round-robin,0,0.9901,0.9915,,OFF,success
1790637244.8076572,1790637254.56519,1,74,1,round-robin,0,0.9881,0.9915,,OFF,success
1790637248.3974323,1790637258.4412234,2,52,2,round-robin,0,0.9924,0.9944,,OFF,success
1790637250.419062,1790637260.3234906,9,51,2,round-robin,0,0.9898,0.9932,,OFF,success
1790637250.9382246,1790637261.0372927,6,75,2,round-robin,0,0.99,0.9938,,OFF,success
1790637249.7020638,1790637261.9378831,5,75,2,round-robin,0,0.9932,0.9943,,OFF,failed
1790637252.0420406,1790637262.6613698,7,73,2,round-robin,0,0.9901,0.9933,,OFF,success
1790637253.0618658,1790637263.286879,10,75,1,round-robin,0,0.9915,0.9916,,OFF,success
1790637258.6256783,1790637264.6967838,4,73,2,round-robin,0,0.9898,0.9913,,OFF,failed
1790637255.6191156,1790637266.4528968,8,51,2,round-robin,0,0.9925,0.9938,,OFF,success
1790637256.6942494,1790637266.5323772,3,77,1,round-robin,0,0.9901,0.9915,,OFF,success
1790637257.7857552,1790637270.8413908,1,75,2,round-robin,0,0.9915,0.9914,,OFF,failed
1790637261.6057775,1790637271.701445,2,53,1,round-robin,0,0.9915,0.9938,,OFF,success
1790637263.6181467,1790637274.3289244,9,52,1,round-robin,0,0.9882,0.9901,,OFF,success
1790637264.2536554,1790637274.938279,6,76,1,round-robin,0,0.9932,0.9943,,OFF,success
1790637265.9997525,1790637276.8899586,7,74,1,round-robin,0,0.0,0.0334,,OFF,success
1790637267.929451,1790637278.1292493,4,74,1,round-robin,0,0.9941,0.9925,,OFF,success
1790637269.6715763,1790637279.3494644,8,52,1,round-robin,0,0.9898,0.9912,,OFF,success
1790637274.6444004,1790637282.745365,3,78,2,round-robin,0,0.9899,0.9915,,ON,failed
1790637274.0720317,1790637285.695752,1,76,1,round-robin,0,0.9933,0.9914,,ON,failed
1790637275.0188205,1790637286.2012641,2,54,2,round-robin,0,0.9926,0.9942,,ON,success
1790637194.9120898,,5,71,1,round-robin,0,0.9925,0.9914,,OFF,unavailable
