t,node,tel,rx_on_ms_prev,ack_rssi_prev,ack_snr_prev,status_prev,fixed_period
1790652078.104059,1,1104,5230,0,0.0,2,1
1790652079.5334966,8,38,5202,0,0.0,2,1
1790652079.842583,2,38,5232,0,0.0,2,1
1790652081.8851008,7,1086,5095,0,0.0,2,1
1790652083.4536362,10,1099,5035,0,0.0,2,1
1790652086.7135563,5,1101,5085,0,0.0,2,1
1790652087.139547,3,1102,5184,0,0.0,2,1
1790652088.054389,4,1091,5013,0,0.0,2,1
1790652089.3842156,9,39,5001,0,0.0,2,1
1790652091.2318175,6,1103,5103,0,0.0,2,1
1790652093.0635118,2,39,3072,-63,12.5,1,1
1790652094.0813806,8,39,3068,-67,12.5,1,1
1790652095.8604372,7,1087,2968,-59,12.75,1,1
1790652096.161727,10,1100,3066,-56,10.0,1,1
1790652099.7515385,5,1102,3269,-60,12.25,1,1
1790652100.2414262,3,1103,3113,-85,13.0,1,1
1790652100.631402,4,1092,3108,-67,10.25,1,1
1790652102.480657,9,40,3065,-72,12.5,1,1
1790652104.2487338,6,1104,3065,-46,12.0,1,1
1790652106.592131,1,1106,5112,0,0.0,2,1
1790652106.8789635,8,40,3084,-50,12.0,1,1
1790652107.4106836,2,40,2955,-44,4.0,1,1
1790652108.7263615,10,1101,2986,-51,13.0,1,1
1790652109.3606517,7,1088,2996,-58,11.75,1,1
1790652113.552833,5,1103,3204,-48,13.5,1,1
1790652114.2486522,4,1093,3126,-54,6.0,1,1
1790652114.6794972,3,1104,2992,-53,12.0,1,1
1790652115.8933113,9,41,3048,-50,12.5,1,1
1790652117.145789,6,1105,3161,-57,10.25,1,1
1790652119.9855673,2,41,3000,-64,12.5,1,1
1790652120.8368127,1,1107,3012,-52,12.75,1,1
1790652121.4627278,8,41,2995,-70,12.25,1,1
1790652122.5402212,10,1102,2959,-61,12.25,1,1
1790652123.1038773,7,1089,3072,-55,12.5,1,1
1790652128.4063766,4,1094,3131,-71,12.25,1,1
1790652130.7744246,6,1106,3110,-46,12.25,1,1
1790652133.4413989,2,42,3061,-45,8.75,1,1
1790652134.8639998,1,1108,2932,-67,12.25,1,1
1790652134.9699743,8,42,3151,-50,12.5,1,1
1790652136.7118187,10,1103,3057,-51,13.0,1,1
1790652137.4102473,7,1090,3003,-56,13.0,1,1
1790652141.9425714,4,1095,3125,-55,12.5,1,1
1790652143.3352916,6,1107,2938,-58,12.5,1,1
1790652144.263323,3,1106,5000,0,0.0,2,1
1790652144.7739258,9,43,5096,0,0.0,2,1
1790652145.696647,5,1105,5057,0,0.0,2,1
1790652146.027163,2,43,2870,-63,10.0,1,1
1790652147.6639113,1,1109,3110,-52,12.0,1,1
1790652150.5239258,10,1104,3202,-57,12.75,1,1
1790652151.1269414,7,1091,3193,-56,12.5,1,1
1790652151.246571,8,43,5089,0,0.0,2,1
1790652155.4283874,4,1096,3048,-73,12.0,1,1
1790652156.7705653,6,1108,3148,-46,12.0,1,1
1790652157.5750372,3,1107,2985,-82,10.5,1,1
1790652160.298794,2,44,3159,-45,13.0,1,1
1790652160.2989936,5,1106,3153,-48,12.75,1,1
1790652163.5144083,10,1105,3269,-51,12.5,1,1
1790652164.262969,1,1110,5133,0,0.0,2,1
1790652165.7422853,7,1092,3273,-58,12.25,1,1
1790652169.3793733,4,1097,3184,-56,12.5,1,1
1790652170.5946615,3,1108,3298,-53,12.0,1,1
1790652171.8153288,6,1109,5096,0,0.0,2,1
1790652172.5250673,9,45,5049,0,0.0,2,1
1790652174.9006503,5,1107,3574,-58,10.0,1,1
1790652176.8340518,1,1111,3099,-51,13.0,1,1
1790652178.0741112,10,1106,3426,-57,12.25,1,1
1790652179.1714535,7,1093,3023,-55,13.0,1,1
1790652182.0663168,8,45,5038,0,0.0,2,1
1790652183.789346,3,1109,3097,-74,12.5,1,1
1790652184.3012362,4,1098,5077,0,0.0,2,1
1790652184.961931,6,1110,2983,-47,12.0,1,1
1790652186.6700692,9,46,3029,-50,12.0,1,1
1790652188.8003693,5,1108,3153,-48,6.25,1,1
1790652189.9233968,2,46,5129,0,0.0,2,1
1790652190.2633624,1,1112,3247,-68,12.75,1,1
1790652193.6202612,7,1094,3213,-56,12.25,1,1
1790652194.6163023,10,1107,5138,0,0.0,2,1
1790652196.076452,8,46,3103,-68,13.0,1,1
1790652197.7492418,4,1099,3122,-57,13.0,1,1
1790652201.8144822,5,1109,3090,-58,13.25,1,1
1790652203.1531196,9,47,5150,0,0.0,2,1
1790652205.597871,2,47,5036,0,0.0,2,1
1790652206.4541683,1,1113,5025,0,0.0,2,1
1790652206.7611794,7,1095,3038,-59,12.5,1,1
1790652210.0340538,10,1108,5134,0,0.0,2,1
1790652210.9147985,8,47,3358,-50,12.25,1,1
1790652211.2326972,4,1100,2922,-72,12.75,1,1
1790652212.9862359,3,1111,5073,0,0.0,2,1
1790652213.4726002,6,1112,5063,0,0.0,2,1
1790652215.3356647,5,1110,3030,-48,13.0,1,1
1790652216.9723566,9,48,2937,-50,8.5,1,1
1790652218.52078,2,48,3134,-45,12.0,1,1
1790652221.3078115,1,1114,5138,0,0.0,2,1
1790652222.725451,7,1096,5059,0,0.0,2,1
1790652223.5437562,10,1109,3079,-52,4.25,1,1
1790652224.6422305,8,48,3117,-67,11.75,1,1
1790652226.3192358,3,1112,3084,-77,12.25,1,1
1790652227.2181299,4,1101,5071,0,0.0,2,1
1790652228.1334674,6,1113,3229,-55,12.5,1,1
1790652228.7542553,5,1111,2954,-58,10.25,1,1
1790652231.1028168,2,49,3200,-61,12.75,1,1
1790652235.5063562,7,1097,3023,-57,13.25,1,1
1790652237.7702084,10,1110,3090,-56,12.25,1,1
1790652238.5879169,8,49,3224,-50,6.25,1,1
1790652240.133431,4,1102,3045,-66,12.25,1,1
1790652242.1643958,5,1112,2935,-49,12.0,1,1
1790652242.584477,6,1114,3112,-47,12.0,1,1
1790652244.2182522,2,50,2999,-45,12.25,1,1
1790652246.0617015,9,50,5044,0,0.0,2,1
1790652250.4629803,7,1098,5039,0,0.0,2,1
1790652251.874849,10,1111,3051,-51,12.5,1,1
1790652252.7053828,4,1103,3028,-56,13.5,1,1
1790652254.757685,5,1113,3054,-62,13.0,1,1
1790652255.894006,6,1115,3216,-60,10.0,1,1
1790652257.3081434,2,51,2905,-65,12.5,1,1
1790652262.2243595,9,51,5144,0,0.0,2,1
1790652264.8950324,7,1099,2985,-54,12.75,1,1
1790652265.8273568,10,1112,3063,-56,12.25,1,1
1790652268.0175006,1,1117,5066,0,0.0,2,1
1790652269.3819072,5,1114,3035,-48,13.0,1,1
1790652269.8175259,6,1116,3148,-46,12.25,1,1
1790652270.245996,3,1115,5124,0,0.0,2,1
1790652271.460774,2,52,2988,-45,12.0,1,1
1790652277.492791,9,52,5164,0,0.0,2,1
1790652278.807101,10,1113,3004,-51,3.0,1,1
1790652279.3642507,7,1100,2969,-57,12.0,1,1
1790652281.8944771,4,1105,5011,0,0.0,2,1
1790652282.7334085,1,1118,5009,0,0.0,2,1
1790652283.252783,5,1115,3094,-59,12.75,1,1
1790652284.1388595,8,52,5210,0,0.0,2,1
1790652286.721337,2,53,5142,0,0.0,2,1
1790652291.3037083,9,53,3359,-50,12.25,1,1
1790652292.565135,10,1114,2967,-56,11.0,1,1
1790652294.694037,7,1101,5063,0,0.0,2,1
1790652295.1298387,4,1106,3102,-72,12.0,1,1
1790652295.748143,1,1119,3100,-71,13.25,1,1
1790652296.127097,5,1116,3100,-48,5.25,1,1
1790652296.9279764,8,53,3203,-70,12.5,1,1
1790652298.6930249,3,1117,5131,0,0.0,2,1
1790652299.745835,6,1118,5224,0,0.0,2,1
1790652300.324745,2,54,2931,-45,12.0,1,1
1790652305.139852,9,54,3008,-65,9.75,1,1
1790652307.8264754,7,1102,3025,-58,12.25,1,1
1790652308.862286,4,1107,3011,-57,13.25,1,1
1790652309.9676633,1,1120,3233,-53,12.0,1,1
1790652310.4943874,5,1117,3157,-57,10.75,1,1
1790652311.7789574,3,1118,3071,-53,12.5,1,1
1790652312.5274494,8,54,5118,0,0.0,2,1
1790652313.4298444,6,1119,3121,-59,12.5,1,1
1790652314.677669,2,55,3451,-68,13.25,1,1
1790652319.2818756,9,55,2964,-51,13.25,1,1
1790652321.2486658,10,1116,5003,0,0.0,2,1
1790652322.039039,7,1103,3071,-57,13.25,1,1
1790652323.1744022,4,1108,2876,-69,12.75,1,1
1790652323.8926847,5,1118,2972,-49,12.5,1,1
1790652325.5608761,1,1121,5196,0,0.0,2,1
1790652326.1181505,3,1119,3191,-82,12.75,1,1
1790652329.1856287,6,1120,5086,0,0.0,2,1
1790652333.2018292,9,56,3202,-68,12.25,1,1
1790652334.974099,10,1117,2991,-51,12.25,1,1
1790652336.1788323,4,1109,3002,-57,13.0,1,1
1790652338.9266448,3,1120,2941,-53,12.5,1,1
1790652340.878398,8,56,5004,0,0.0,2,1
1790652342.61701,6,1121,3389,-60,13.0,1,1
1790652343.6243281,2,57,5118,0,0.0,2,1
1790652346.302689,9,57,2944,-50,12.25,1,1
1790652349.5872386,10,1118,3240,-56,13.0,1,1
1790652350.115801,4,1110,3184,-69,12.75,1,1
1790652352.353077,3,1121,3045,-79,12.25,1,1
1790652352.8647826,5,1120,5026,0,0.0,2,1
1790652353.276569,7,1105,5181,0,0.0,2,1
1790652353.6535962,8,57,3116,-71,13.25,1,1
1790652355.8418758,1,1123,5058,0,0.0,2,1
1790652357.1835666,6,1122,3202,-46,9.25,1,1
1790652357.6911814,2,58,3113,-45,12.25,1,1
1790652360.6367364,9,58,3188,-68,10.5,1,1
1790652363.7151778,10,1119,3022,-51,4.0,1,1
1790652366.0660474,7,1106,3105,-53,12.25,1,1
1790652366.5771542,4,1111,5115,0,0.0,2,1
1790652367.1821072,5,1121,3184,-57,12.25,1,1
1790652368.115991,3,1122,5027,0,0.0,2,1
1790652370.0638735,6,1123,3051,-62,9.5,1,1
1790652371.4987328,2,59,3092,-62,12.5,1,1
1790652373.549483,9,59,3048,-49,7.5,1,1
1790652378.3830073,10,1120,5080,0,0.0,2,1
1790652379.3836184,7,1107,2999,-62,12.25,1,1
1790652381.9645386,4,1112,5171,0,0.0,2,1
1790652383.483721,8,59,5176,0,0.0,2,1
1790652384.3319438,6,1124,3060,-47,9.5,1,1
1790652385.4442925,1,1125,5078,0,0.0,2,1
1790652386.1516383,2,60,3272,-45,12.5,1,1
1790652387.9623444,9,60,3156,-69,12.75,1,1
1790652397.0156934,3,1124,5166,0,0.0,2,1
1790652397.502856,5,1123,5127,0,0.0,2,1
1790652398.6445143,4,1113,5154,0,0.0,2,1
1790652400.557212,2,61,2937,-61,13.0,1,1
1790652402.3249454,9,61,3523,-49,12.5,1,1
1790652407.338842,10,1122,5016,0,0.0,2,1
1790652410.8218713,5,1124,3218,-48,13.5,1,1
1790652411.230377,4,1114,3237,-68,12.5,1,1
1790652411.9661572,3,1125,5004,0,0.0,2,1
1790652413.0694175,6,1126,5092,0,0.0,2,1
1790652416.0660129,9,62,2918,-68,12.75,1,1
1790652421.4035633,10,1123,3097,-51,3.5,1,1
1790652422.4160078,7,1110,5075,0,0.0,2,1
1790652423.6428206,5,1125,3058,-58,10.75,1,1
1790652425.3385854,3,1126,2866,-53,12.5,1,1
1790652425.7490926,4,1115,2944,-55,3.0,1,1
1790652429.2403688,2,63,5175,0,0.0,2,1
1790652430.581825,1,1128,5027,0,0.0,2,1
1790652435.81754,10,1124,3142,-58,13.25,1,1
1790652437.9641385,5,1126,2998,-49,12.25,1,1
1790652438.5961964,7,1111,5105,0,0.0,2,1
1790652442.5605724,2,64,3082,-45,12.5,1,1
1790652443.1767645,1,1129,2932,-52,12.75,1,1
1790652445.229012,9,64,5183,0,0.0,2,1
1790652445.7580774,8,63,5230,0,0.0,2,1
1790652449.33364,10,1125,3025,-51,12.25,1,1
1790652451.0615568,5,1127,3197,-57,12.75,1,1
1790652454.0293489,3,1128,5021,0,0.0,2,1
1790652454.5751646,7,1112,5204,0,0.0,2,1
1790652456.4070842,2,65,3094,-65,11.0,1,1
1790652457.2060678,1,1130,2995,-74,12.5,1,1
1790652457.9332423,6,1129,5023,0,0.0,2,1
1790652458.3577647,4,1117,5042,0,0.0,2,1
1790652459.1799138,8,64,2943,-81,12.0,1,1
1790652460.0770762,9,65,3131,-49,12.5,1,1
1790652463.851496,10,1126,3206,-58,13.25,1,1
1790652467.2738647,7,1113,3032,-59,10.25,1,1
1790652469.6080954,3,1129,5035,0,0.0,2,1
1790652470.8231385,2,66,3030,-45,12.25,1,1
1790652471.339821,1,1131,3254,-51,12.25,1,1
1790652471.850388,4,1118,3032,-55,12.0,1,1
1790652473.069224,9,66,3329,-67,12.5,1,1
1790652473.6067986,8,65,2978,-50,12.5,1,1
1790652478.6154144,5,1129,5225,0,0.0,2,1
1790652479.8534646,10,1127,5154,0,0.0,2,1
1790652483.4500573,7,1114,5123,0,0.0,2,1
1790652484.8778963,3,1130,5053,0,0.0,2,1
1790652485.1637251,2,67,3126,-64,12.5,1,1
1790652485.9774117,4,1119,3264,-65,12.5,1,1
1790652486.183626,9,67,3212,-49,12.25,1,1
1790652487.5559962,6,1131,5136,0,0.0,2,1
1790652492.9351137,5,1130,3028,-48,13.0,1,1
1790652494.485857,10,1128,3160,-59,12.75,1,1
1790652496.4235024,7,1115,3201,-56,12.75,1,1
1790652498.082758,3,1131,2895,-78,12.25,1,1
1790652498.6123478,2,68,3165,-45,12.25,1,1
1790652499.1730592,9,68,2964,-66,12.0,1,1
1790652500.6173372,1,1133,5203,0,0.0,2,1
1790652501.8719087,6,1132,3077,-47,12.25,1,1
1790652504.3172529,8,67,5028,0,0.0,2,1
1790652506.5819392,5,1131,2979,-57,10.0,1,1
1790652508.8115034,10,1129,3130,-50,11.5,1,1
1790652510.5741453,7,1116,3170,-53,12.5,1,1
1790652510.870264,3,1132,3339,-53,12.75,1,1
1790652512.8015392,2,69,2976,-64,9.75,1,1
1790652515.630403,6,1133,3118,-61,12.75,1,1
1790652516.1896112,1,1134,5222,0,0.0,2,1
1790652516.9222383,8,68,3122,-72,12.25,1,1
1790652519.984527,5,1132,2909,-48,13.5,1,1
1790652522.6365747,10,1130,3008,-58,12.75,1,1
1790652523.77918,7,1117,3098,-57,9.75,1,1
1790652525.5439544,2,70,3074,-45,2.75,1,1
1790652527.3627224,3,1133,5062,0,0.0,2,1
1790652528.1010416,9,70,5025,0,0.0,2,1
1790652529.496685,8,69,2941,-50,9.25,1,1
1790652530.018211,4,1122,5122,0,0.0,2,1
1790652533.1656148,5,1133,3159,-58,12.75,1,1
1790652536.6705842,10,1131,2909,-51,12.25,1,1
1790652540.0505745,7,1118,5097,0,0.0,2,1
1790652540.456635,3,1134,3141,-53,13.25,1,1
1790652542.8004017,8,70,3007,-72,12.75,1,1
1790652544.57333,6,1135,5057,0,0.0,2,1
1790652545.1952422,1,1136,5100,0,0.0,2,1
1790652546.3147762,5,1134,3013,-48,4.5,1,1
1790652546.7134209,4,1123,5211,0,0.0,2,1
1790652550.2183805,10,1132,3180,-61,10.5,1,1
1790652553.2059195,7,1119,3102,-63,13.0,1,1
1790652553.9851065,3,1135,3202,-79,12.0,1,1
1790652555.7315629,8,71,2971,-49,9.0,1,1
1790652558.4769936,2,72,5047,0,0.0,2,1
1790652558.5839534,1,1137,3115,-51,12.25,1,1
1790652560.832012,5,1135,3149,-58,12.0,1,1
1790652562.8194354,4,1124,5031,0,0.0,2,1
1790652563.8119442,10,1133,2881,-50,12.25,1,1
1790652567.4215708,7,1120,3266,-58,12.0,1,1
1790652568.215624,3,1136,2895,-53,13.25,1,1
1790652569.538999,8,72,3012,-79,12.25,1,1
1790652572.3082268,2,73,3308,-63,13.25,1,1
1790652573.4155972,1,1138,5012,0,0.0,2,1
1790652574.7472284,6,1137,5062,0,0.0,2,1
1790652575.1985638,5,1136,3080,-49,13.0,1,1
1790652576.7117455,10,1134,3090,-61,13.0,1,1
1790652576.9112556,4,1125,3135,-65,13.0,1,1
1790652581.4153912,3,1137,3287,-82,12.5,1,1
1790652581.8312402,7,1121,3058,-59,12.25,1,1
1790652583.7796667,8,73,3058,-51,7.5,1,1
1790652586.0231862,2,74,3032,-45,12.25,1,1
1790652587.6580524,6,1138,3040,-46,12.5,1,1
1790652587.9645586,5,1137,3080,-57,12.75,1,1
1790652589.915932,10,1135,3149,-50,12.25,1,1
1790652591.1459033,4,1126,3278,-55,12.25,1,1
1790652595.7843344,3,1138,3136,-53,13.0,1,1
1790652596.4663565,7,1122,3140,-56,12.5,1,1
1790652598.350117,8,74,3171,-70,12.25,1,1
1790652598.9230883,2,75,3228,-62,12.25,1,1
1790652601.380107,6,1139,2958,-60,12.75,1,1
1790652602.1192932,5,1138,2981,-48,5.5,1,1
1790652602.8435051,1,1140,5074,0,0.0,2,1
1790652603.9531674,10,1136,3129,-60,13.25,1,1
1790652604.33993,9,75,5111,0,0.0,2,1
1790652610.8936687,7,1123,3032,-58,12.5,1,1
1790652611.626933,3,1139,5128,0,0.0,2,1
1790652612.5695486,8,75,2945,-49,6.75,1,1
1790652613.0578535,2,76,2947,-45,7.75,1,1
1790652614.492982,6,1140,2984,-45,13.25,1,1
1790652616.6518247,5,1139,3080,-58,12.75,1,1
1790652617.0878398,9,76,3103,-49,12.0,1,1
1790652617.8819745,10,1137,2961,-51,12.0,1,1
1790652619.712252,4,1128,5214,0,0.0,2,1
1790652624.346465,3,1140,3157,-53,13.0,1,1
1790652625.3502643,7,1124,3191,-55,12.5,1,1
1790652626.1720662,2,77,3132,-65,10.25,1,1
1790652626.8094928,8,76,3238,-78,12.25,1,1
1790652627.8995817,6,1141,3031,-60,9.75,1,1
1790652629.5492318,5,1140,3072,-48,13.0,1,1
1790652630.592221,10,1138,3192,-60,12.75,1,1
1790652630.9097989,9,77,3163,-72,13.0,1,1
1790652633.7129824,1,1142,5092,0,0.0,2,1
1790652634.7341552,4,1129,5170,0,0.0,2,1
1790652638.2560508,7,1125,3151,-58,12.75,1,1
1790652639.8853688,2,78,2971,-45,8.0,1,1
1790652640.5019567,3,1141,5032,0,0.0,2,1
1790652641.757421,6,1142,3073,-47,10.25,1,1
1790652643.891132,9,78,3044,-50,12.0,1,1
1790652648.2017212,1,1143,3673,-70,12.0,1,1
1790652648.5749376,4,1130,3041,-61,10.0,1,1
1790652652.6104581,2,79,3053,-63,12.5,1,1
1790652653.2973843,3,1142,2979,-53,11.25,1,1
1790652653.8153043,7,1126,5042,0,0.0,2,1
1790652655.1368935,8,78,5193,0,0.0,2,1
1790652656.4713328,6,1143,3204,-60,12.75,1,1
1790652658.6114736,10,1140,5160,0,0.0,2,1
1790652659.2323635,5,1142,5043,0,0.0,2,1
1790652662.1393936,4,1131,2984,-55,12.0,1,1
1790652662.557926,1,1144,3108,-51,13.0,1,1
1790652666.5313268,2,80,2988,-45,13.0,1,1
1790652668.4101663,7,1127,3188,-59,11.75,1,1
1790652668.7042644,3,1143,5000,0,0.0,2,1
1790652669.881462,8,79,5049,0,0.0,2,1
